# Blender 4.2.1 LTS
# www.blender.org
mtllib point.mtl
o Icosphere
v 0.000000 -0.465152 -0.000000
v 0.354657 -0.208024 0.244542
v -0.135465 -0.208025 0.395681
v -0.438379 -0.208023 -0.000000
v -0.135465 -0.208025 -0.395681
v 0.354657 -0.208024 -0.244542
v 0.135465 0.208025 0.395681
v -0.354657 0.208024 0.244542
v -0.354657 0.208024 -0.244542
v 0.135465 0.208025 -0.395681
v 0.438379 0.208023 0.000000
v -0.000000 0.465152 0.000000
v -0.079158 -0.393370 0.231214
v 0.207243 -0.393370 0.142897
v 0.128085 -0.243118 0.374113
v 0.414486 -0.243117 -0.000000
v 0.207242 -0.393370 -0.142897
v -0.256166 -0.393369 0.000000
v -0.335326 -0.243117 0.231215
v -0.079158 -0.393370 -0.231214
v -0.335326 -0.243117 -0.231215
v 0.128085 -0.243118 -0.374113
v 0.463410 -0.000000 0.142898
v 0.463410 -0.000000 -0.142898
v 0.000000 -0.000000 0.462432
v 0.286403 -0.000000 0.374115
v -0.463410 0.000000 0.142898
v -0.286403 0.000000 0.374115
v -0.286403 0.000000 -0.374115
v -0.463410 0.000000 -0.142898
v 0.286403 -0.000000 -0.374115
v -0.000000 0.000000 -0.462432
v 0.335326 0.243117 0.231215
v -0.128085 0.243118 0.374113
v -0.414486 0.243117 -0.000000
v -0.128085 0.243118 -0.374113
v 0.335326 0.243117 -0.231215
v 0.079158 0.393370 0.231214
v 0.256166 0.393369 -0.000000
v -0.207242 0.393370 0.142897
v -0.207243 0.393370 -0.142897
v 0.079158 0.393370 -0.231214
v -0.066156 -0.415711 0.193237
v -0.056475 -0.429765 0.164959
v -0.047571 -0.440681 0.138950
v -0.038950 -0.449215 0.113770
v -0.030274 -0.455771 0.088426
v -0.021295 -0.460568 0.062201
v -0.011707 -0.463739 0.034195
v 0.239499 -0.367645 0.165139
v 0.261551 -0.347337 0.180344
v 0.280300 -0.327758 0.193272
v 0.296900 -0.307894 0.204718
v 0.312058 -0.286991 0.215170
v 0.326228 -0.264472 0.224940
v 0.339872 -0.239552 0.234348
v 0.081724 -0.242072 0.386630
v 0.047955 -0.240139 0.393756
v 0.017481 -0.237462 0.398598
v -0.011429 -0.233961 0.401557
v -0.039935 -0.229528 0.402805
v -0.068854 -0.224051 0.402405
v -0.099168 -0.217330 0.400320
v 0.412703 -0.242071 0.045713
v 0.409408 -0.240139 0.078394
v 0.404844 -0.237462 0.107396
v 0.398875 -0.233961 0.134405
v 0.391317 -0.229527 0.160519
v 0.381980 -0.224051 0.186498
v 0.370522 -0.217330 0.213214
v 0.239499 -0.367645 -0.165139
v 0.261551 -0.347337 -0.180344
v 0.280300 -0.327758 -0.193272
v 0.296900 -0.307894 -0.204718
v 0.312058 -0.286991 -0.215170
v 0.326228 -0.264472 -0.224940
v 0.339872 -0.239552 -0.234348
v -0.214090 -0.415710 -0.000000
v -0.182761 -0.429764 -0.000000
v -0.153944 -0.440680 -0.000000
v -0.126047 -0.449215 0.000000
v -0.097969 -0.455771 -0.000000
v -0.068913 -0.460567 -0.000000
v -0.037885 -0.463739 -0.000000
v -0.362196 -0.242071 0.193238
v -0.379771 -0.240138 0.164960
v -0.394041 -0.237461 0.138950
v -0.405940 -0.233960 0.113770
v -0.415999 -0.229527 0.088427
v -0.424535 -0.224050 0.062201
v -0.431812 -0.217329 0.034195
v -0.066156 -0.415711 -0.193237
v -0.056475 -0.429765 -0.164959
v -0.047571 -0.440681 -0.138950
v -0.038950 -0.449215 -0.113770
v -0.030274 -0.455771 -0.088426
v -0.021295 -0.460568 -0.062201
v -0.011707 -0.463739 -0.034195
v -0.305571 -0.242071 -0.267203
v -0.282664 -0.240139 -0.291805
v -0.261009 -0.237462 -0.312723
v -0.239452 -0.233961 -0.331243
v -0.217163 -0.229528 -0.348154
v -0.193520 -0.224051 -0.363963
v -0.167703 -0.217330 -0.379186
v 0.173343 -0.242072 -0.358378
v 0.205076 -0.240139 -0.345304
v 0.232729 -0.237462 -0.332222
v 0.257950 -0.233961 -0.318489
v 0.281785 -0.229528 -0.303597
v 0.304933 -0.224051 -0.287141
v 0.328165 -0.217330 -0.268544
v 0.453592 -0.038887 0.165140
v 0.444313 -0.066687 0.180344
v 0.434246 -0.091359 0.193272
v 0.422949 -0.114334 0.204718
v 0.410028 -0.136549 0.215170
v 0.395141 -0.158648 0.224940
v 0.377758 -0.181375 0.234348
v 0.469242 0.038886 -0.119427
v 0.471153 0.066687 -0.101950
v 0.471014 0.091358 -0.085875
v 0.468964 0.114333 -0.070313
v 0.464984 0.136548 -0.054650
v 0.458992 0.158647 -0.038442
v 0.450755 0.181374 -0.021134
v -0.025323 -0.038887 0.460443
v -0.043426 -0.066687 0.456766
v -0.059492 -0.091359 0.451674
v -0.074454 -0.114334 0.445015
v -0.088920 -0.136549 0.436582
v -0.103311 -0.158648 0.426165
v -0.118111 -0.181375 0.413381
v 0.264684 0.038887 0.386632
v 0.247760 0.066687 0.393757
v 0.231609 0.091359 0.398600
v 0.215380 0.114334 0.401558
v 0.198453 0.136549 0.402806
v 0.180359 0.158648 0.402406
v 0.160468 0.181375 0.400320
v -0.469242 -0.038886 0.119427
v -0.471153 -0.066687 0.101950
v -0.471014 -0.091358 0.085875
v -0.468964 -0.114333 0.070313
v -0.464984 -0.136548 0.054650
v -0.458992 -0.158647 0.038442
v -0.450755 -0.181374 0.021134
v -0.305658 0.038887 0.358379
v -0.318028 0.066687 0.345306
v -0.327872 0.091359 0.332223
v -0.335852 0.114334 0.318489
v -0.342333 0.136549 0.303597
v -0.347524 0.158648 0.287142
v -0.351580 0.181375 0.268544
v -0.264684 -0.038887 -0.386632
v -0.247760 -0.066687 -0.393757
v -0.231609 -0.091359 -0.398600
v -0.215380 -0.114334 -0.401558
v -0.198453 -0.136549 -0.402806
v -0.180359 -0.158648 -0.402406
v -0.160468 -0.181375 -0.400320
v -0.453592 0.038887 -0.165140
v -0.444313 0.066687 -0.180344
v -0.434246 0.091359 -0.193272
v -0.422949 0.114334 -0.204718
v -0.410028 0.136549 -0.215170
v -0.395141 0.158648 -0.224940
v -0.377758 0.181375 -0.234348
v 0.305658 -0.038887 -0.358379
v 0.318028 -0.066687 -0.345306
v 0.327872 -0.091359 -0.332223
v 0.335852 -0.114334 -0.318489
v 0.342333 -0.136549 -0.303597
v 0.347524 -0.158648 -0.287142
v 0.351580 -0.181375 -0.268544
v 0.025323 0.038887 -0.460443
v 0.043426 0.066687 -0.456766
v 0.059492 0.091359 -0.451674
v 0.074454 0.114334 -0.445015
v 0.088920 0.136549 -0.436582
v 0.103311 0.158648 -0.426165
v 0.118111 0.181375 -0.413381
v 0.305571 0.242071 0.267203
v 0.282664 0.240139 0.291805
v 0.261009 0.237462 0.312723
v 0.239452 0.233961 0.331243
v 0.217163 0.229528 0.348154
v 0.193520 0.224051 0.363963
v 0.167703 0.217330 0.379186
v -0.173343 0.242072 0.358378
v -0.205076 0.240139 0.345304
v -0.232729 0.237462 0.332222
v -0.257950 0.233961 0.318489
v -0.281785 0.229528 0.303597
v -0.304933 0.224051 0.287141
v -0.328165 0.217330 0.268544
v -0.412703 0.242071 -0.045713
v -0.409408 0.240139 -0.078394
v -0.404844 0.237462 -0.107396
v -0.398875 0.233961 -0.134405
v -0.391317 0.229527 -0.160519
v -0.381980 0.224051 -0.186498
v -0.370522 0.217330 -0.213214
v -0.081724 0.242072 -0.386630
v -0.047955 0.240139 -0.393756
v -0.017481 0.237462 -0.398598
v 0.011429 0.233961 -0.401557
v 0.039935 0.229528 -0.402805
v 0.068854 0.224051 -0.402405
v 0.099168 0.217330 -0.400320
v 0.362196 0.242071 -0.193238
v 0.379771 0.240138 -0.164960
v 0.394041 0.237461 -0.138950
v 0.405940 0.233960 -0.113770
v 0.415999 0.229527 -0.088427
v 0.424535 0.224050 -0.062201
v 0.431812 0.217329 -0.034195
v 0.091479 0.367645 0.267202
v 0.099902 0.347337 0.291804
v 0.107063 0.327758 0.312722
v 0.113404 0.307894 0.331243
v 0.119194 0.286991 0.348154
v 0.124606 0.264472 0.363963
v 0.129818 0.239552 0.379186
v 0.214090 0.415710 0.000000
v 0.182761 0.429764 0.000000
v 0.153944 0.440680 0.000000
v 0.126047 0.449215 0.000000
v 0.097969 0.455771 0.000000
v 0.068913 0.460567 0.000000
v 0.037885 0.463739 -0.000000
v -0.239499 0.367645 0.165139
v -0.261551 0.347337 0.180344
v -0.280300 0.327758 0.193272
v -0.296900 0.307894 0.204718
v -0.312058 0.286991 0.215170
v -0.326228 0.264472 0.224940
v -0.339872 0.239552 0.234348
v -0.239499 0.367645 -0.165139
v -0.261551 0.347337 -0.180344
v -0.280300 0.327758 -0.193272
v -0.296900 0.307894 -0.204718
v -0.312058 0.286991 -0.215170
v -0.326228 0.264472 -0.224940
v -0.339872 0.239552 -0.234348
v 0.091479 0.367645 -0.267202
v 0.099902 0.347337 -0.291804
v 0.107063 0.327758 -0.312722
v 0.113404 0.307894 -0.331243
v 0.119194 0.286991 -0.348154
v 0.124606 0.264472 -0.363963
v 0.129818 0.239552 -0.379186
v -0.129818 -0.239552 0.379186
v -0.124606 -0.264472 0.363963
v -0.119194 -0.286991 0.348154
v -0.113404 -0.307894 0.331243
v -0.107063 -0.327758 0.312722
v -0.099902 -0.347337 0.291804
v -0.091479 -0.367645 0.267202
v 0.030650 -0.463739 0.021134
v 0.055752 -0.460568 0.038442
v 0.079259 -0.455771 0.054650
v 0.101974 -0.449215 0.070313
v 0.124544 -0.440681 0.085875
v 0.147857 -0.429765 0.101950
v 0.173203 -0.415711 0.119426
v 0.328165 -0.217330 0.268544
v 0.304933 -0.224051 0.287141
v 0.281785 -0.229528 0.303597
v 0.257950 -0.233961 0.318489
v 0.232729 -0.237462 0.332222
v 0.205076 -0.240139 0.345304
v 0.173343 -0.242072 0.358378
v 0.370522 -0.217330 -0.213214
v 0.381980 -0.224051 -0.186498
v 0.391317 -0.229527 -0.160519
v 0.398875 -0.233961 -0.134405
v 0.404844 -0.237462 -0.107396
v 0.409408 -0.240139 -0.078394
v 0.412703 -0.242071 -0.045713
v 0.030650 -0.463739 -0.021134
v 0.055752 -0.460568 -0.038442
v 0.079259 -0.455771 -0.054650
v 0.101974 -0.449215 -0.070313
v 0.124544 -0.440681 -0.085875
v 0.147857 -0.429765 -0.101950
v 0.173203 -0.415711 -0.119426
v -0.420105 -0.239551 -0.000000
v -0.403239 -0.264471 0.000000
v -0.385725 -0.286990 0.000000
v -0.366989 -0.307892 -0.000000
v -0.346469 -0.327756 -0.000000
v -0.323294 -0.347336 -0.000000
v -0.296038 -0.367644 0.000000
v -0.167703 -0.217330 0.379186
v -0.193520 -0.224051 0.363963
v -0.217163 -0.229528 0.348154
v -0.239452 -0.233961 0.331243
v -0.261009 -0.237462 0.312723
v -0.282664 -0.240139 0.291805
v -0.305571 -0.242071 0.267203
v -0.129818 -0.239552 -0.379186
v -0.124606 -0.264472 -0.363963
v -0.119194 -0.286991 -0.348154
v -0.113404 -0.307894 -0.331243
v -0.107063 -0.327758 -0.312722
v -0.099902 -0.347337 -0.291804
v -0.091479 -0.367645 -0.267202
v -0.431812 -0.217329 -0.034195
v -0.424535 -0.224050 -0.062201
v -0.415999 -0.229527 -0.088427
v -0.405940 -0.233960 -0.113770
v -0.394041 -0.237461 -0.138950
v -0.379771 -0.240138 -0.164960
v -0.362196 -0.242071 -0.193238
v -0.099168 -0.217330 -0.400320
v -0.068854 -0.224051 -0.402405
v -0.039935 -0.229528 -0.402805
v -0.011429 -0.233961 -0.401557
v 0.017481 -0.237462 -0.398598
v 0.047955 -0.240139 -0.393756
v 0.081724 -0.242072 -0.386630
v 0.450755 0.181374 0.021134
v 0.458992 0.158647 0.038442
v 0.464984 0.136548 0.054650
v 0.468964 0.114333 0.070313
v 0.471014 0.091358 0.085875
v 0.471153 0.066687 0.101950
v 0.469242 0.038886 0.119427
v 0.377758 -0.181375 -0.234348
v 0.395141 -0.158648 -0.224940
v 0.410028 -0.136549 -0.215170
v 0.422949 -0.114334 -0.204718
v 0.434246 -0.091359 -0.193272
v 0.444313 -0.066687 -0.180344
v 0.453592 -0.038887 -0.165140
v 0.118111 0.181375 0.413381
v 0.103311 0.158648 0.426165
v 0.088920 0.136549 0.436582
v 0.074454 0.114334 0.445015
v 0.059492 0.091359 0.451674
v 0.043426 0.066687 0.456766
v 0.025323 0.038887 0.460443
v 0.351580 -0.181375 0.268544
v 0.347524 -0.158648 0.287142
v 0.342333 -0.136549 0.303597
v 0.335852 -0.114334 0.318489
v 0.327872 -0.091359 0.332223
v 0.318028 -0.066687 0.345306
v 0.305658 -0.038887 0.358379
v -0.377758 0.181375 0.234348
v -0.395141 0.158648 0.224940
v -0.410028 0.136549 0.215170
v -0.422949 0.114334 0.204718
v -0.434246 0.091359 0.193272
v -0.444313 0.066687 0.180344
v -0.453592 0.038887 0.165140
v -0.160468 -0.181375 0.400320
v -0.180359 -0.158648 0.402406
v -0.198453 -0.136549 0.402806
v -0.215380 -0.114334 0.401558
v -0.231609 -0.091359 0.398600
v -0.247760 -0.066687 0.393757
v -0.264684 -0.038887 0.386632
v -0.351580 0.181375 -0.268544
v -0.347524 0.158648 -0.287142
v -0.342333 0.136549 -0.303597
v -0.335852 0.114334 -0.318489
v -0.327872 0.091359 -0.332223
v -0.318028 0.066687 -0.345306
v -0.305658 0.038887 -0.358379
v -0.450755 -0.181374 -0.021134
v -0.458992 -0.158647 -0.038442
v -0.464984 -0.136548 -0.054650
v -0.468964 -0.114333 -0.070313
v -0.471014 -0.091358 -0.085875
v -0.471153 -0.066687 -0.101950
v -0.469242 -0.038886 -0.119427
v 0.160468 0.181375 -0.400320
v 0.180359 0.158648 -0.402406
v 0.198453 0.136549 -0.402806
v 0.215380 0.114334 -0.401558
v 0.231609 0.091359 -0.398600
v 0.247760 0.066687 -0.393757
v 0.264684 0.038887 -0.386632
v -0.118111 -0.181375 -0.413381
v -0.103311 -0.158648 -0.426165
v -0.088920 -0.136549 -0.436582
v -0.074454 -0.114334 -0.445015
v -0.059492 -0.091359 -0.451674
v -0.043426 -0.066687 -0.456766
v -0.025323 -0.038887 -0.460443
v 0.431812 0.217329 0.034195
v 0.424535 0.224050 0.062201
v 0.415999 0.229527 0.088427
v 0.405940 0.233960 0.113770
v 0.394041 0.237461 0.138950
v 0.379771 0.240138 0.164960
v 0.362196 0.242071 0.193238
v 0.099168 0.217330 0.400320
v 0.068854 0.224051 0.402405
v 0.039935 0.229528 0.402805
v 0.011429 0.233961 0.401557
v -0.017481 0.237462 0.398598
v -0.047955 0.240139 0.393756
v -0.081724 0.242072 0.386630
v -0.370522 0.217330 0.213214
v -0.381980 0.224051 0.186498
v -0.391317 0.229527 0.160519
v -0.398875 0.233961 0.134405
v -0.404844 0.237462 0.107396
v -0.409408 0.240139 0.078394
v -0.412703 0.242071 0.045713
v -0.328165 0.217330 -0.268543
v -0.304933 0.224051 -0.287141
v -0.281785 0.229528 -0.303597
v -0.257950 0.233961 -0.318489
v -0.232729 0.237462 -0.332222
v -0.205076 0.240139 -0.345304
v -0.173343 0.242072 -0.358378
v 0.167703 0.217330 -0.379186
v 0.193520 0.224051 -0.363963
v 0.217163 0.229528 -0.348155
v 0.239452 0.233961 -0.331243
v 0.261009 0.237462 -0.312723
v 0.282664 0.240139 -0.291805
v 0.305571 0.242071 -0.267203
v 0.011707 0.463739 0.034195
v 0.021295 0.460568 0.062201
v 0.030274 0.455771 0.088426
v 0.038950 0.449215 0.113770
v 0.047571 0.440681 0.138950
v 0.056475 0.429765 0.164959
v 0.066156 0.415711 0.193237
v 0.420105 0.239551 0.000000
v 0.403239 0.264471 0.000000
v 0.385725 0.286990 -0.000000
v 0.366989 0.307892 -0.000000
v 0.346469 0.327756 -0.000000
v 0.323294 0.347336 -0.000000
v 0.296038 0.367644 0.000000
v -0.030650 0.463739 0.021134
v -0.055752 0.460568 0.038442
v -0.079259 0.455771 0.054650
v -0.101974 0.449215 0.070313
v -0.124544 0.440681 0.085875
v -0.147857 0.429765 0.101950
v -0.173203 0.415711 0.119426
v -0.030650 0.463739 -0.021134
v -0.055752 0.460568 -0.038442
v -0.079259 0.455771 -0.054650
v -0.101974 0.449215 -0.070313
v -0.124544 0.440681 -0.085875
v -0.147857 0.429765 -0.101950
v -0.173203 0.415711 -0.119426
v 0.011707 0.463739 -0.034195
v 0.021295 0.460568 -0.062201
v 0.030274 0.455771 -0.088426
v 0.038950 0.449215 -0.113770
v 0.047571 0.440681 -0.138950
v 0.056475 0.429765 -0.164959
v 0.066156 0.415711 -0.193237
v 0.233714 0.403022 -0.041273
v 0.215356 0.407747 -0.071177
v 0.197263 0.410366 -0.098025
v 0.178730 0.411208 -0.123238
v 0.159190 0.410366 -0.147758
v 0.137876 0.407747 -0.172385
v 0.113580 0.403022 -0.198195
v 0.275304 0.378627 -0.041273
v 0.287966 0.365158 -0.071177
v 0.298527 0.350971 -0.098025
v 0.307608 0.335616 -0.123239
v 0.315553 0.318653 -0.147758
v 0.322616 0.299389 -0.172385
v 0.329028 0.276653 -0.198196
v 0.126432 0.378628 -0.235734
v 0.160313 0.365158 -0.237923
v 0.190481 0.350972 -0.239158
v 0.218555 0.335616 -0.239563
v 0.245581 0.318653 -0.239158
v 0.272444 0.299389 -0.237923
v 0.300290 0.276653 -0.235734
v 0.030860 0.403022 -0.223703
v -0.004780 0.407748 -0.216374
v -0.037276 0.410367 -0.208340
v -0.068270 0.411209 -0.199404
v -0.098879 0.410367 -0.189343
v -0.130144 0.407748 -0.177716
v -0.163517 0.403022 -0.163763
v 0.043712 0.378628 -0.261242
v 0.017657 0.365159 -0.281912
v -0.005985 0.350972 -0.299740
v -0.028445 0.335617 -0.315729
v -0.050561 0.318654 -0.330477
v -0.073058 0.299390 -0.344462
v -0.096942 0.276654 -0.358226
v -0.197164 0.378628 -0.186963
v -0.188887 0.365159 -0.218220
v -0.180803 0.350972 -0.245832
v -0.172534 0.335617 -0.271296
v -0.163776 0.318654 -0.295565
v -0.154238 0.299390 -0.319429
v -0.143440 0.276654 -0.343887
v -0.214640 0.403022 -0.096983
v -0.218310 0.407747 -0.062549
v -0.220300 0.410367 -0.030736
v -0.220922 0.411209 -0.000000
v -0.220300 0.410367 0.030736
v -0.218310 0.407747 0.062549
v -0.214640 0.403022 0.096983
v -0.248287 0.378628 -0.120183
v -0.277052 0.365159 -0.103054
v -0.302224 0.350972 -0.087224
v -0.325187 0.335616 -0.071892
v -0.346801 0.318653 -0.056488
v -0.367768 0.299389 -0.040504
v -0.388941 0.276653 -0.023200
v -0.248287 0.378628 0.120183
v -0.277052 0.365159 0.103054
v -0.302224 0.350972 0.087224
v -0.325187 0.335616 0.071892
v -0.346801 0.318653 0.056488
v -0.367768 0.299389 0.040504
v -0.388941 0.276653 0.023200
v -0.163517 0.403022 0.163763
v -0.130144 0.407748 0.177716
v -0.098879 0.410367 0.189343
v -0.068270 0.411209 0.199404
v -0.037276 0.410367 0.208340
v -0.004780 0.407748 0.216374
v 0.030860 0.403022 0.223703
v -0.197164 0.378628 0.186963
v -0.188887 0.365159 0.218220
v -0.180803 0.350972 0.245832
v -0.172534 0.335617 0.271296
v -0.163776 0.318654 0.295565
v -0.154238 0.299390 0.319429
v -0.143440 0.276654 0.343887
v 0.043712 0.378628 0.261242
v 0.017657 0.365159 0.281912
v -0.005985 0.350972 0.299740
v -0.028445 0.335617 0.315729
v -0.050561 0.318654 0.330477
v -0.073058 0.299390 0.344462
v -0.096942 0.276654 0.358226
v 0.113580 0.403022 0.198195
v 0.137876 0.407747 0.172385
v 0.159190 0.410366 0.147758
v 0.178730 0.411208 0.123238
v 0.197263 0.410366 0.098025
v 0.215356 0.407747 0.071177
v 0.233714 0.403022 0.041273
v 0.126432 0.378628 0.235734
v 0.160313 0.365158 0.237922
v 0.190481 0.350972 0.239158
v 0.218555 0.335616 0.239563
v 0.245581 0.318653 0.239158
v 0.272444 0.299389 0.237923
v 0.300290 0.276653 0.235734
v 0.275304 0.378627 0.041273
v 0.287966 0.365158 0.071177
v 0.298526 0.350971 0.098025
v 0.307608 0.335616 0.123239
v 0.315553 0.318653 0.147758
v 0.322617 0.299389 0.172385
v 0.329028 0.276653 0.198196
v 0.452952 0.041434 -0.163764
v 0.442480 0.071876 -0.177717
v 0.430966 0.099588 -0.189344
v 0.418071 0.125948 -0.199404
v 0.403416 0.151881 -0.208341
v 0.386415 0.178294 -0.216375
v 0.366022 0.206435 -0.223704
v 0.445009 0.001963 -0.186964
v 0.428613 0.002965 -0.218221
v 0.411627 0.003483 -0.245833
v 0.393458 0.003635 -0.271297
v 0.373554 0.003483 -0.295566
v 0.351133 0.002965 -0.319430
v 0.324876 0.001963 -0.343889
v 0.337284 0.206435 -0.261243
v 0.336242 0.178294 -0.281913
v 0.333445 0.151881 -0.299741
v 0.329018 0.125948 -0.315730
v 0.322922 0.099588 -0.330478
v 0.314827 0.071876 -0.344464
v 0.304081 0.041434 -0.358227
v -0.024142 0.041434 -0.459440
v -0.041360 0.071877 -0.454300
v -0.056571 0.099588 -0.447500
v -0.070637 0.125948 -0.438969
v -0.084121 0.151882 -0.428504
v -0.097426 0.178295 -0.415641
v -0.111072 0.206436 -0.399499
v -0.049846 0.001963 -0.459440
v -0.086235 0.002965 -0.454300
v -0.119154 0.003483 -0.447501
v -0.150287 0.003635 -0.438970
v -0.180758 0.003483 -0.428504
v -0.211601 0.002965 -0.415642
v -0.244224 0.001963 -0.399500
v -0.157570 0.206436 -0.385160
v -0.178607 0.178295 -0.390607
v -0.197337 0.151882 -0.393591
v -0.214727 0.125948 -0.394537
v -0.231390 0.099588 -0.393592
v -0.247906 0.071877 -0.390608
v -0.265019 0.041434 -0.385162
v -0.467872 0.041434 -0.120183
v -0.468042 0.071876 -0.103054
v -0.465929 0.099588 -0.087224
v -0.461726 0.125948 -0.071892
v -0.455405 0.151881 -0.056488
v -0.446626 0.178294 -0.040504
v -0.434668 0.206435 -0.023200
v -0.475815 0.001963 -0.096983
v -0.481910 0.002965 -0.062550
v -0.485268 0.003483 -0.030736
v -0.486340 0.003635 0.000000
v -0.485268 0.003483 0.030736
v -0.481910 0.002965 0.062550
v -0.475816 0.001963 0.096983
v -0.434668 0.206435 0.023200
v -0.446626 0.178294 0.040504
v -0.455405 0.151881 0.056488
v -0.461726 0.125948 0.071892
v -0.465929 0.099588 0.087224
v -0.468042 0.071876 0.103054
v -0.467872 0.041434 0.120183
v -0.265019 0.041434 0.385161
v -0.247906 0.071877 0.390608
v -0.231390 0.099588 0.393592
v -0.214727 0.125948 0.394537
v -0.197337 0.151882 0.393591
v -0.178607 0.178295 0.390607
v -0.157570 0.206436 0.385160
v -0.244224 0.001963 0.399500
v -0.211601 0.002965 0.415642
v -0.180758 0.003483 0.428504
v -0.150287 0.003635 0.438970
v -0.119154 0.003483 0.447501
v -0.086235 0.002965 0.454300
v -0.049846 0.001963 0.459440
v -0.111072 0.206436 0.399499
v -0.097426 0.178295 0.415641
v -0.084121 0.151882 0.428504
v -0.070637 0.125948 0.438969
v -0.056571 0.099588 0.447500
v -0.041360 0.071877 0.454300
v -0.024142 0.041434 0.459440
v 0.304081 0.041434 0.358227
v 0.314827 0.071876 0.344464
v 0.322922 0.099588 0.330478
v 0.329018 0.125948 0.315730
v 0.333445 0.151881 0.299741
v 0.336242 0.178294 0.281913
v 0.337284 0.206435 0.261243
v 0.324876 0.001963 0.343889
v 0.351133 0.002965 0.319430
v 0.373554 0.003483 0.295566
v 0.393458 0.003635 0.271297
v 0.411627 0.003483 0.245833
v 0.428613 0.002965 0.218221
v 0.445009 0.001963 0.186964
v 0.366022 0.206435 0.223704
v 0.386415 0.178294 0.216375
v 0.403416 0.151881 0.208341
v 0.418071 0.125948 0.199404
v 0.430966 0.099588 0.189344
v 0.442480 0.071876 0.177717
v 0.452952 0.041434 0.163764
v 0.244224 -0.001963 -0.399500
v 0.211601 -0.002965 -0.415642
v 0.180758 -0.003483 -0.428504
v 0.150287 -0.003635 -0.438970
v 0.119154 -0.003483 -0.447501
v 0.086235 -0.002965 -0.454300
v 0.049846 -0.001963 -0.459440
v 0.265019 -0.041434 -0.385162
v 0.247906 -0.071877 -0.390608
v 0.231390 -0.099588 -0.393592
v 0.214727 -0.125948 -0.394537
v 0.197337 -0.151882 -0.393591
v 0.178607 -0.178295 -0.390607
v 0.157570 -0.206436 -0.385160
v 0.024142 -0.041434 -0.459440
v 0.041360 -0.071877 -0.454300
v 0.056571 -0.099588 -0.447500
v 0.070637 -0.125948 -0.438969
v 0.084121 -0.151882 -0.428504
v 0.097426 -0.178295 -0.415641
v 0.111072 -0.206436 -0.399499
v -0.324876 -0.001963 -0.343889
v -0.351133 -0.002965 -0.319430
v -0.373554 -0.003483 -0.295566
v -0.393458 -0.003635 -0.271297
v -0.411627 -0.003483 -0.245833
v -0.428613 -0.002965 -0.218221
v -0.445009 -0.001963 -0.186964
v -0.304081 -0.041434 -0.358227
v -0.314827 -0.071876 -0.344464
v -0.322922 -0.099588 -0.330478
v -0.329018 -0.125948 -0.315730
v -0.333445 -0.151881 -0.299741
v -0.336242 -0.178294 -0.281913
v -0.337284 -0.206435 -0.261243
v -0.452952 -0.041434 -0.163764
v -0.442480 -0.071876 -0.177717
v -0.430966 -0.099588 -0.189344
v -0.418071 -0.125948 -0.199404
v -0.403416 -0.151881 -0.208341
v -0.386415 -0.178294 -0.216375
v -0.366022 -0.206435 -0.223704
v -0.445009 -0.001963 0.186964
v -0.428613 -0.002965 0.218221
v -0.411627 -0.003483 0.245833
v -0.393458 -0.003635 0.271297
v -0.373554 -0.003483 0.295566
v -0.351133 -0.002965 0.319430
v -0.324876 -0.001963 0.343889
v -0.452952 -0.041434 0.163764
v -0.442480 -0.071876 0.177717
v -0.430966 -0.099588 0.189344
v -0.418071 -0.125948 0.199404
v -0.403416 -0.151881 0.208341
v -0.386415 -0.178294 0.216375
v -0.366022 -0.206435 0.223704
v -0.304081 -0.041434 0.358227
v -0.314827 -0.071876 0.344464
v -0.322922 -0.099588 0.330478
v -0.329018 -0.125948 0.315730
v -0.333445 -0.151881 0.299741
v -0.336242 -0.178294 0.281913
v -0.337284 -0.206435 0.261243
v 0.049846 -0.001963 0.459440
v 0.086235 -0.002965 0.454300
v 0.119154 -0.003483 0.447501
v 0.150287 -0.003635 0.438970
v 0.180758 -0.003483 0.428504
v 0.211601 -0.002965 0.415642
v 0.244224 -0.001963 0.399500
v 0.024142 -0.041434 0.459440
v 0.041360 -0.071877 0.454300
v 0.056571 -0.099588 0.447500
v 0.070637 -0.125948 0.438969
v 0.084121 -0.151882 0.428504
v 0.097426 -0.178295 0.415641
v 0.111072 -0.206436 0.399499
v 0.265019 -0.041434 0.385162
v 0.247906 -0.071877 0.390608
v 0.231390 -0.099588 0.393592
v 0.214727 -0.125948 0.394537
v 0.197337 -0.151882 0.393591
v 0.178607 -0.178295 0.390607
v 0.157570 -0.206436 0.385160
v 0.475815 -0.001963 0.096983
v 0.481910 -0.002965 0.062550
v 0.485268 -0.003483 0.030736
v 0.486340 -0.003635 -0.000000
v 0.485268 -0.003483 -0.030736
v 0.481910 -0.002965 -0.062550
v 0.475815 -0.001963 -0.096983
v 0.467872 -0.041434 0.120183
v 0.468042 -0.071876 0.103054
v 0.465928 -0.099588 0.087224
v 0.461726 -0.125948 0.071892
v 0.455405 -0.151881 0.056488
v 0.446626 -0.178294 0.040504
v 0.434668 -0.206435 0.023200
v 0.467872 -0.041434 -0.120183
v 0.468042 -0.071876 -0.103054
v 0.465929 -0.099588 -0.087224
v 0.461726 -0.125948 -0.071892
v 0.455405 -0.151881 -0.056488
v 0.446626 -0.178294 -0.040504
v 0.434668 -0.206435 -0.023200
v 0.197164 -0.378628 -0.186963
v 0.188887 -0.365159 -0.218220
v 0.180803 -0.350972 -0.245832
v 0.172534 -0.335617 -0.271296
v 0.163776 -0.318654 -0.295565
v 0.154238 -0.299390 -0.319429
v 0.143440 -0.276654 -0.343887
v 0.163517 -0.403022 -0.163763
v 0.130144 -0.407748 -0.177716
v 0.098879 -0.410367 -0.189343
v 0.068270 -0.411209 -0.199404
v 0.037276 -0.410367 -0.208340
v 0.004780 -0.407748 -0.216374
v -0.030860 -0.403022 -0.223703
v 0.096942 -0.276654 -0.358226
v 0.073058 -0.299390 -0.344462
v 0.050561 -0.318654 -0.330477
v 0.028445 -0.335617 -0.315729
v 0.005985 -0.350972 -0.299740
v -0.017657 -0.365159 -0.281912
v -0.043712 -0.378628 -0.261242
v -0.126432 -0.378628 -0.235734
v -0.160313 -0.365159 -0.237922
v -0.190481 -0.350972 -0.239158
v -0.218555 -0.335616 -0.239563
v -0.245581 -0.318653 -0.239158
v -0.272444 -0.299389 -0.237923
v -0.300290 -0.276653 -0.235734
v -0.113580 -0.403022 -0.198195
v -0.137876 -0.407747 -0.172385
v -0.159190 -0.410367 -0.147758
v -0.178730 -0.411208 -0.123238
v -0.197263 -0.410366 -0.098025
v -0.215356 -0.407747 -0.071177
v -0.233714 -0.403022 -0.041273
v -0.329028 -0.276653 -0.198196
v -0.322617 -0.299389 -0.172385
v -0.315553 -0.318653 -0.147758
v -0.307608 -0.335616 -0.123239
v -0.298526 -0.350971 -0.098025
v -0.287966 -0.365158 -0.071177
v -0.275304 -0.378627 -0.041273
v -0.275304 -0.378627 0.041273
v -0.287966 -0.365158 0.071177
v -0.298526 -0.350971 0.098025
v -0.307608 -0.335616 0.123239
v -0.315553 -0.318653 0.147758
v -0.322617 -0.299389 0.172385
v -0.329028 -0.276653 0.198196
v -0.233714 -0.403022 0.041273
v -0.215356 -0.407747 0.071177
v -0.197263 -0.410366 0.098025
v -0.178730 -0.411208 0.123238
v -0.159190 -0.410367 0.147758
v -0.137876 -0.407747 0.172385
v -0.113580 -0.403022 0.198195
v -0.300290 -0.276653 0.235734
v -0.272444 -0.299389 0.237923
v -0.245581 -0.318653 0.239158
v -0.218555 -0.335616 0.239563
v -0.190481 -0.350972 0.239158
v -0.160313 -0.365159 0.237923
v -0.126432 -0.378628 0.235734
v 0.388941 -0.276653 -0.023200
v 0.367768 -0.299389 -0.040504
v 0.346801 -0.318653 -0.056488
v 0.325187 -0.335616 -0.071892
v 0.302224 -0.350972 -0.087224
v 0.277052 -0.365159 -0.103054
v 0.248287 -0.378628 -0.120183
v 0.388941 -0.276653 0.023200
v 0.367768 -0.299389 0.040504
v 0.346801 -0.318653 0.056488
v 0.325187 -0.335616 0.071892
v 0.302224 -0.350972 0.087224
v 0.277052 -0.365159 0.103054
v 0.248287 -0.378628 0.120183
v 0.214640 -0.403022 -0.096983
v 0.218310 -0.407747 -0.062549
v 0.220300 -0.410367 -0.030736
v 0.220922 -0.411209 0.000000
v 0.220300 -0.410367 0.030736
v 0.218310 -0.407747 0.062549
v 0.214640 -0.403022 0.096983
v -0.043712 -0.378628 0.261242
v -0.017657 -0.365159 0.281912
v 0.005985 -0.350972 0.299740
v 0.028445 -0.335617 0.315729
v 0.050561 -0.318654 0.330477
v 0.073058 -0.299390 0.344462
v 0.096942 -0.276654 0.358226
v -0.030860 -0.403022 0.223703
v 0.004780 -0.407748 0.216374
v 0.037276 -0.410367 0.208340
v 0.068270 -0.411209 0.199404
v 0.098879 -0.410367 0.189343
v 0.130144 -0.407748 0.177716
v 0.163517 -0.403022 0.163763
v 0.143440 -0.276654 0.343887
v 0.154238 -0.299390 0.319429
v 0.163776 -0.318654 0.295565
v 0.172534 -0.335617 0.271296
v 0.180803 -0.350972 0.245832
v 0.188887 -0.365159 0.218220
v 0.197164 -0.378628 0.186963
v 0.045145 -0.444144 0.131859
v 0.015700 -0.462673 0.045856
v 0.040908 -0.459768 0.059886
v 0.064442 -0.455205 0.074299
v 0.086637 -0.448887 0.089153
v 0.003996 -0.459768 0.071269
v 0.028051 -0.457398 0.081931
v 0.050502 -0.453466 0.093513
v 0.070963 -0.447836 0.106459
v -0.006117 -0.455205 0.096057
v 0.017060 -0.453466 0.103825
v 0.038283 -0.450480 0.111818
v 0.056127 -0.446051 0.121449
v 0.148466 -0.417472 0.140899
v 0.119750 -0.419986 0.156870
v 0.090779 -0.421584 0.169641
v 0.061584 -0.422105 0.179877
v 0.128455 -0.430227 0.121864
v 0.105452 -0.431042 0.138173
v 0.080903 -0.431523 0.151319
v 0.055181 -0.431650 0.161172
v 0.107809 -0.440641 0.104850
v 0.089179 -0.440366 0.121347
v 0.069682 -0.439752 0.134875
v 0.049361 -0.439318 0.144175
v -0.032845 -0.417472 0.196810
v -0.028445 -0.430227 0.170247
v -0.022280 -0.440641 0.144965
v -0.014873 -0.448887 0.120455
v 0.000278 -0.419986 0.193712
v 0.000265 -0.431042 0.170609
v 0.003009 -0.440366 0.147919
v 0.008525 -0.447836 0.125713
v 0.031626 -0.421584 0.187882
v 0.028268 -0.431523 0.167549
v 0.027162 -0.439752 0.147987
v 0.029812 -0.446051 0.129564
v 0.346349 -0.298955 0.138082
v 0.355448 -0.241805 0.210057
v 0.341031 -0.265194 0.203467
v 0.326524 -0.286893 0.195279
v 0.311657 -0.307118 0.185477
v 0.367741 -0.245829 0.185050
v 0.353535 -0.266894 0.181179
v 0.339416 -0.286643 0.175343
v 0.325651 -0.304983 0.167014
v 0.377582 -0.249875 0.160074
v 0.363616 -0.269099 0.158657
v 0.350008 -0.286540 0.155915
v 0.337911 -0.301877 0.150246
v 0.262577 -0.362734 0.142522
v 0.287244 -0.352535 0.123759
v 0.310488 -0.340068 0.107040
v 0.332353 -0.325632 0.091750
v 0.279800 -0.344689 0.159636
v 0.299620 -0.337831 0.141132
v 0.319295 -0.328097 0.124625
v 0.338537 -0.315670 0.110302
v 0.296205 -0.326223 0.173725
v 0.312454 -0.321979 0.155586
v 0.328176 -0.315427 0.139455
v 0.343389 -0.306166 0.126634
v 0.393776 -0.267614 0.052059
v 0.393336 -0.262375 0.081351
v 0.390339 -0.257974 0.108818
v 0.385110 -0.253864 0.134829
v 0.373695 -0.289857 0.064150
v 0.375735 -0.282647 0.088649
v 0.374808 -0.276772 0.112592
v 0.370832 -0.272226 0.135861
v 0.353293 -0.309034 0.077526
v 0.357382 -0.300484 0.098363
v 0.358944 -0.293120 0.118239
v 0.356952 -0.288071 0.137117
v -0.118188 -0.444143 0.081494
v -0.041102 -0.462673 0.028341
v -0.047372 -0.459768 0.055429
v -0.054543 -0.455205 0.081125
v -0.062570 -0.448887 0.105748
v -0.070185 -0.459768 0.025629
v -0.073437 -0.457398 0.050636
v -0.078105 -0.453466 0.074480
v -0.084756 -0.447835 0.096948
v -0.098151 -0.455205 0.024161
v -0.098774 -0.453465 0.047482
v -0.100225 -0.450480 0.069108
v -0.104363 -0.446050 0.088189
v -0.095319 -0.417472 0.177545
v -0.120198 -0.419986 0.156561
v -0.141948 -0.421584 0.134358
v -0.161228 -0.422104 0.111170
v -0.082427 -0.430227 0.153601
v -0.105879 -0.431042 0.137878
v -0.126639 -0.431522 0.119782
v -0.144462 -0.431649 0.099610
v -0.071757 -0.440641 0.129708
v -0.094046 -0.440366 0.117991
v -0.113628 -0.439752 0.104573
v -0.129227 -0.439317 0.089105
v -0.207377 -0.417472 0.031171
v -0.179399 -0.430226 0.026934
v -0.152158 -0.440641 0.024686
v -0.125307 -0.448886 0.023798
v -0.194037 -0.419986 0.060111
v -0.170889 -0.431042 0.052960
v -0.147303 -0.440366 0.048425
v -0.123345 -0.447835 0.046542
v -0.178507 -0.421583 0.086603
v -0.159170 -0.431522 0.077289
v -0.139908 -0.439752 0.070246
v -0.120626 -0.446050 0.066946
v -0.118188 -0.444143 -0.081494
v -0.041102 -0.462673 -0.028341
v -0.070185 -0.459768 -0.025629
v -0.098151 -0.455205 -0.024161
v -0.125307 -0.448886 -0.023798
v -0.047372 -0.459768 -0.055429
v -0.073437 -0.457398 -0.050636
v -0.098774 -0.453465 -0.047482
v -0.123345 -0.447835 -0.046542
v -0.054543 -0.455205 -0.081125
v -0.078105 -0.453466 -0.074480
v -0.100225 -0.450480 -0.069108
v -0.120626 -0.446050 -0.066946
v -0.207377 -0.417472 -0.031171
v -0.194036 -0.419986 -0.060111
v -0.178507 -0.421583 -0.086603
v -0.161228 -0.422104 -0.111170
v -0.179399 -0.430226 -0.026934
v -0.170889 -0.431042 -0.052960
v -0.159170 -0.431522 -0.077289
v -0.144462 -0.431649 -0.099610
v -0.152158 -0.440641 -0.024686
v -0.147303 -0.440366 -0.048425
v -0.139908 -0.439752 -0.070246
v -0.129227 -0.439317 -0.089105
v -0.095319 -0.417472 -0.177545
v -0.082427 -0.430227 -0.153601
v -0.071757 -0.440641 -0.129708
v -0.062570 -0.448887 -0.105748
v -0.120198 -0.419986 -0.156561
v -0.105879 -0.431042 -0.137878
v -0.094046 -0.440366 -0.117991
v -0.084756 -0.447835 -0.096948
v -0.141948 -0.421584 -0.134358
v -0.126639 -0.431522 -0.119782
v -0.113628 -0.439752 -0.104573
v -0.104363 -0.446050 -0.088189
v 0.045145 -0.444144 -0.131859
v 0.015700 -0.462673 -0.045856
v 0.003996 -0.459768 -0.071269
v -0.006117 -0.455205 -0.096057
v -0.014873 -0.448887 -0.120455
v 0.040908 -0.459768 -0.059886
v 0.028051 -0.457398 -0.081931
v 0.017060 -0.453466 -0.103825
v 0.008525 -0.447836 -0.125713
v 0.064442 -0.455205 -0.074299
v 0.050502 -0.453466 -0.093513
v 0.038283 -0.450480 -0.111818
v 0.029812 -0.446051 -0.129564
v -0.032845 -0.417472 -0.196810
v 0.000278 -0.419986 -0.193712
v 0.031626 -0.421584 -0.187882
v 0.061584 -0.422105 -0.179877
v -0.028445 -0.430227 -0.170247
v 0.000265 -0.431042 -0.170609
v 0.028268 -0.431523 -0.167549
v 0.055181 -0.431650 -0.161172
v -0.022280 -0.440641 -0.144965
v 0.003009 -0.440366 -0.147919
v 0.027162 -0.439752 -0.147987
v 0.049361 -0.439318 -0.144175
v 0.148466 -0.417472 -0.140899
v 0.128455 -0.430227 -0.121864
v 0.107809 -0.440641 -0.104850
v 0.086637 -0.448887 -0.089153
v 0.119750 -0.419986 -0.156870
v 0.105452 -0.431042 -0.138173
v 0.089179 -0.440366 -0.121347
v 0.070963 -0.447836 -0.106459
v 0.090779 -0.421584 -0.169641
v 0.080903 -0.431523 -0.151319
v 0.069682 -0.439752 -0.134875
v 0.056127 -0.446051 -0.121449
v 0.436638 -0.160307 0.138082
v 0.386847 -0.193589 0.210057
v 0.396136 -0.202225 0.185050
v 0.404351 -0.208769 0.160074
v 0.411477 -0.213375 0.134829
v 0.402442 -0.170891 0.203468
v 0.409637 -0.180745 0.181179
v 0.416222 -0.188316 0.158657
v 0.422397 -0.193043 0.135861
v 0.416405 -0.148873 0.195280
v 0.421935 -0.159928 0.175343
v 0.426575 -0.168965 0.155915
v 0.431123 -0.174175 0.137117
v 0.428311 -0.214582 0.052059
v 0.440294 -0.187589 0.064150
v 0.449243 -0.161694 0.077526
v 0.455521 -0.136496 0.091750
v 0.423177 -0.216552 0.081351
v 0.434410 -0.192545 0.088649
v 0.443013 -0.168989 0.098363
v 0.448898 -0.146200 0.110303
v 0.417689 -0.215976 0.108818
v 0.428459 -0.194385 0.112592
v 0.436772 -0.173609 0.118239
v 0.442111 -0.154570 0.126634
v 0.459284 -0.060673 0.142523
v 0.449980 -0.083363 0.159636
v 0.439912 -0.105547 0.173725
v 0.428817 -0.127207 0.185477
v 0.460703 -0.086173 0.123760
v 0.452379 -0.103255 0.141132
v 0.443180 -0.121238 0.155586
v 0.433063 -0.140042 0.167014
v 0.459348 -0.111480 0.107041
v 0.452005 -0.124309 0.124625
v 0.444036 -0.137514 0.139455
v 0.435618 -0.151838 0.150247
v -0.003446 -0.160308 0.436779
v -0.090959 -0.193589 0.414079
v -0.063029 -0.202225 0.414736
v -0.035461 -0.208769 0.414433
v -0.007961 -0.213376 0.413063
v -0.079537 -0.170891 0.426119
v -0.054978 -0.180746 0.425725
v -0.030373 -0.188317 0.424709
v -0.005620 -0.193044 0.423238
v -0.067017 -0.148873 0.436192
v -0.045329 -0.159928 0.435022
v -0.024426 -0.168966 0.433206
v -0.004183 -0.174175 0.431503
v 0.080188 -0.214583 0.402680
v 0.071773 -0.187590 0.417232
v 0.061134 -0.161694 0.429443
v 0.048820 -0.136496 0.439505
v 0.049247 -0.216552 0.407097
v 0.045404 -0.192545 0.419492
v 0.038328 -0.168989 0.430259
v 0.028181 -0.146201 0.439260
v 0.020026 -0.215976 0.410632
v 0.019571 -0.194386 0.421520
v 0.016481 -0.173609 0.430768
v 0.009718 -0.154570 0.438181
v -0.000899 -0.060673 0.458591
v -0.020923 -0.083363 0.455482
v -0.038153 -0.105547 0.450749
v -0.053358 -0.127207 0.444366
v 0.018343 -0.086173 0.454074
v -0.001638 -0.103255 0.451929
v -0.018966 -0.121239 0.448092
v -0.033544 -0.140042 0.442492
v 0.034679 -0.111481 0.447684
v 0.014788 -0.124309 0.446490
v -0.002536 -0.137514 0.443880
v -0.015951 -0.151838 0.439617
v -0.438769 -0.160307 0.131860
v -0.443064 -0.193588 0.045856
v -0.435091 -0.202224 0.071269
v -0.426268 -0.208768 0.096058
v -0.416398 -0.213375 0.120456
v -0.451599 -0.170890 0.059886
v -0.443616 -0.180744 0.081931
v -0.434995 -0.188315 0.103826
v -0.425871 -0.193043 0.125713
v -0.457824 -0.148872 0.074299
v -0.449951 -0.159927 0.093513
v -0.441672 -0.168965 0.111819
v -0.433709 -0.174174 0.129564
v -0.378753 -0.214582 0.196810
v -0.395936 -0.187589 0.193712
v -0.411461 -0.161694 0.187883
v -0.425350 -0.136495 0.179878
v -0.392742 -0.216551 0.170248
v -0.406350 -0.192544 0.170610
v -0.419326 -0.168989 0.167550
v -0.431482 -0.146200 0.161173
v -0.405314 -0.215975 0.144966
v -0.416365 -0.194385 0.147920
v -0.426587 -0.173608 0.147988
v -0.436106 -0.154569 0.144175
v -0.459839 -0.060672 0.140900
v -0.462911 -0.083363 0.121865
v -0.463493 -0.105546 0.104850
v -0.461795 -0.127206 0.089154
v -0.449366 -0.086173 0.156871
v -0.453392 -0.103254 0.138173
v -0.454902 -0.121238 0.121348
v -0.453795 -0.140041 0.106459
v -0.437916 -0.111480 0.169641
v -0.442866 -0.124308 0.151319
v -0.445603 -0.137514 0.134876
v -0.445477 -0.151837 0.121450
v -0.267726 -0.160307 -0.355285
v -0.182866 -0.193589 -0.385738
v -0.205869 -0.202225 -0.370689
v -0.227984 -0.208769 -0.355066
v -0.249384 -0.213376 -0.338617
v -0.199564 -0.170891 -0.389107
v -0.219189 -0.180745 -0.375088
v -0.238466 -0.188316 -0.360541
v -0.257580 -0.193043 -0.345543
v -0.215932 -0.148873 -0.390272
v -0.232753 -0.159928 -0.377227
v -0.248539 -0.168965 -0.364098
v -0.263862 -0.174175 -0.351427
v -0.314268 -0.214582 -0.281044
v -0.316474 -0.187589 -0.297510
v -0.315429 -0.161694 -0.313325
v -0.311699 -0.136496 -0.328334
v -0.291972 -0.216552 -0.301878
v -0.296540 -0.192545 -0.314049
v -0.297484 -0.168989 -0.326707
v -0.294850 -0.146200 -0.339649
v -0.270521 -0.215976 -0.321038
v -0.276896 -0.194385 -0.330100
v -0.280124 -0.173609 -0.339306
v -0.279244 -0.154570 -0.349076
v -0.283297 -0.060673 -0.371509
v -0.265170 -0.083363 -0.380164
v -0.248299 -0.105547 -0.385947
v -0.232045 -0.127207 -0.389265
v -0.296066 -0.086173 -0.357121
v -0.278572 -0.103255 -0.366533
v -0.262177 -0.121238 -0.373095
v -0.246915 -0.140042 -0.376697
v -0.305324 -0.111480 -0.342839
v -0.288493 -0.124309 -0.352969
v -0.272860 -0.137514 -0.360522
v -0.259367 -0.151838 -0.364557
v 0.273305 -0.160307 -0.351438
v 0.330046 -0.193589 -0.284254
v 0.307857 -0.202225 -0.300366
v 0.285366 -0.208769 -0.315499
v 0.262270 -0.213376 -0.329732
v 0.328262 -0.170891 -0.300367
v 0.308149 -0.180745 -0.313748
v 0.287615 -0.188316 -0.326652
v 0.266678 -0.193044 -0.339270
v 0.324371 -0.148873 -0.315500
v 0.306101 -0.159928 -0.326652
v 0.288066 -0.168966 -0.336844
v 0.270634 -0.174175 -0.346758
v 0.184526 -0.214583 -0.370505
v 0.200346 -0.187590 -0.377584
v 0.216516 -0.161694 -0.381528
v 0.232710 -0.136496 -0.382800
v 0.212294 -0.216552 -0.356818
v 0.223079 -0.192545 -0.364703
v 0.235472 -0.168989 -0.369466
v 0.249255 -0.146201 -0.371088
v 0.238123 -0.215976 -0.343378
v 0.245234 -0.194386 -0.351932
v 0.253462 -0.173609 -0.357690
v 0.263524 -0.154570 -0.359916
v 0.284752 -0.060673 -0.370506
v 0.299027 -0.083363 -0.356819
v 0.310035 -0.105547 -0.343378
v 0.318384 -0.127207 -0.329732
v 0.266388 -0.086173 -0.377585
v 0.281225 -0.103255 -0.364703
v 0.292868 -0.121238 -0.351933
v 0.301193 -0.140042 -0.339270
v 0.249215 -0.111481 -0.381528
v 0.264568 -0.124309 -0.369466
v 0.276967 -0.137514 -0.357691
v 0.285180 -0.151838 -0.346758
v 0.391494 -0.074618 0.269943
v 0.371148 -0.163789 0.255913
v 0.388245 -0.143942 0.244937
v 0.403021 -0.123468 0.234374
v 0.415634 -0.102184 0.223984
v 0.365432 -0.143942 0.274737
v 0.381586 -0.127502 0.263111
v 0.395632 -0.110002 0.252171
v 0.407281 -0.091104 0.242321
v 0.359412 -0.123468 0.291338
v 0.374964 -0.110002 0.279170
v 0.388292 -0.096300 0.267735
v 0.398533 -0.081446 0.258568
v 0.442016 -0.027897 0.192959
v 0.427404 -0.022968 0.221021
v 0.411374 -0.020419 0.247169
v 0.393938 -0.019602 0.271628
v 0.435060 -0.055043 0.203216
v 0.423042 -0.047568 0.226823
v 0.409190 -0.043040 0.249683
v 0.393718 -0.041462 0.271477
v 0.426237 -0.079590 0.213668
v 0.416354 -0.070320 0.233941
v 0.405123 -0.063652 0.253116
v 0.392751 -0.060878 0.270810
v 0.329959 -0.027897 0.339335
v 0.338089 -0.055043 0.329885
v 0.345837 -0.079590 0.318692
v 0.352897 -0.102184 0.305934
v 0.353566 -0.022968 0.317473
v 0.358032 -0.047568 0.311743
v 0.363098 -0.070320 0.303507
v 0.368692 -0.091104 0.292728
v 0.374814 -0.020419 0.294924
v 0.376659 -0.043040 0.292176
v 0.378843 -0.063652 0.287444
v 0.382270 -0.081446 0.279812
v -0.149537 -0.074618 0.436780
v -0.141764 -0.163789 0.414079
v -0.125482 -0.143942 0.426119
v -0.110330 -0.123468 0.436192
v -0.096020 -0.102184 0.444366
v -0.162394 -0.143942 0.414737
v -0.145752 -0.127502 0.425726
v -0.130448 -0.110002 0.435023
v -0.116977 -0.091104 0.442493
v -0.180891 -0.123468 0.414433
v -0.163891 -0.110002 0.424710
v -0.148313 -0.096300 0.433207
v -0.135962 -0.081446 0.439618
v -0.056778 -0.027897 0.458591
v -0.089415 -0.022968 0.454074
v -0.120571 -0.020419 0.447685
v -0.150471 -0.019602 0.439506
v -0.069206 -0.055043 0.455482
v -0.096577 -0.047568 0.451930
v -0.123765 -0.043040 0.446491
v -0.150386 -0.041462 0.439261
v -0.082407 -0.079590 0.450749
v -0.105776 -0.070320 0.448093
v -0.128463 -0.063652 0.443881
v -0.150017 -0.060878 0.438182
v -0.238090 -0.027897 0.402681
v -0.226109 -0.055043 0.407099
v -0.212498 -0.079590 0.410633
v -0.197531 -0.102184 0.413064
v -0.208888 -0.022968 0.417233
v -0.201765 -0.047568 0.419493
v -0.191946 -0.070320 0.421521
v -0.179416 -0.091104 0.423239
v -0.179725 -0.020419 0.429444
v -0.176401 -0.043040 0.430260
v -0.170984 -0.063652 0.430769
v -0.162277 -0.081446 0.431504
v -0.483914 -0.074617 0.000000
v -0.458763 -0.163788 -0.000000
v -0.465797 -0.143941 0.018417
v -0.471209 -0.123467 0.035205
v -0.474978 -0.102183 0.050648
v -0.465797 -0.143941 -0.018417
v -0.471666 -0.127501 -0.000000
v -0.476254 -0.110001 0.016686
v -0.479577 -0.091103 0.031153
v -0.471209 -0.123467 -0.035205
v -0.476254 -0.110001 -0.016686
v -0.479955 -0.096299 -0.000000
v -0.482563 -0.081445 0.013129
v -0.477107 -0.027897 0.090464
v -0.482666 -0.022967 0.059610
v -0.485891 -0.020418 0.029514
v -0.486934 -0.019602 0.000000
v -0.477832 -0.055042 0.078285
v -0.482730 -0.047568 0.052482
v -0.485681 -0.043040 0.026262
v -0.486662 -0.041462 0.000000
v -0.477168 -0.079589 0.064907
v -0.481728 -0.070320 0.042994
v -0.484517 -0.063651 0.021215
v -0.485467 -0.060877 0.000000
v -0.477107 -0.027897 -0.090464
v -0.477832 -0.055042 -0.078285
v -0.477168 -0.079589 -0.064907
v -0.474978 -0.102183 -0.050648
v -0.482666 -0.022967 -0.059610
v -0.482730 -0.047568 -0.052482
v -0.481728 -0.070320 -0.042994
v -0.479577 -0.091103 -0.031153
v -0.485891 -0.020418 -0.029514
v -0.485681 -0.043040 -0.026262
v -0.484517 -0.063651 -0.021215
v -0.482563 -0.081445 -0.013129
v -0.149537 -0.074618 -0.436780
v -0.141764 -0.163789 -0.414079
v -0.162394 -0.143942 -0.414737
v -0.180891 -0.123468 -0.414434
v -0.197531 -0.102184 -0.413064
v -0.125482 -0.143942 -0.426119
v -0.145752 -0.127502 -0.425726
v -0.163891 -0.110002 -0.424710
v -0.179416 -0.091104 -0.423239
v -0.110330 -0.123468 -0.436192
v -0.130448 -0.110002 -0.435023
v -0.148313 -0.096300 -0.433207
v -0.162277 -0.081446 -0.431503
v -0.238090 -0.027897 -0.402681
v -0.208888 -0.022968 -0.417233
v -0.179725 -0.020419 -0.429444
v -0.150471 -0.019602 -0.439506
v -0.226109 -0.055043 -0.407099
v -0.201765 -0.047568 -0.419493
v -0.176401 -0.043040 -0.430260
v -0.150386 -0.041462 -0.439261
v -0.212498 -0.079590 -0.410633
v -0.191947 -0.070320 -0.421521
v -0.170984 -0.063652 -0.430769
v -0.150017 -0.060878 -0.438182
v -0.056778 -0.027897 -0.458591
v -0.069206 -0.055043 -0.455482
v -0.082407 -0.079590 -0.450749
v -0.096020 -0.102184 -0.444366
v -0.089415 -0.022968 -0.454074
v -0.096577 -0.047568 -0.451930
v -0.105776 -0.070320 -0.448093
v -0.116977 -0.091104 -0.442493
v -0.120571 -0.020419 -0.447685
v -0.123765 -0.043040 -0.446491
v -0.128463 -0.063652 -0.443881
v -0.135962 -0.081446 -0.439618
v 0.391494 -0.074618 -0.269943
v 0.371148 -0.163789 -0.255913
v 0.365432 -0.143942 -0.274737
v 0.359412 -0.123468 -0.291338
v 0.352897 -0.102184 -0.305934
v 0.388245 -0.143942 -0.244937
v 0.381586 -0.127502 -0.263111
v 0.374964 -0.110002 -0.279170
v 0.368692 -0.091104 -0.292728
v 0.403021 -0.123468 -0.234374
v 0.395632 -0.110002 -0.252171
v 0.388292 -0.096300 -0.267735
v 0.382270 -0.081446 -0.279812
v 0.329959 -0.027897 -0.339335
v 0.353566 -0.022968 -0.317473
v 0.374814 -0.020419 -0.294924
v 0.393938 -0.019602 -0.271629
v 0.338089 -0.055043 -0.329885
v 0.358032 -0.047568 -0.311743
v 0.376659 -0.043040 -0.292176
v 0.393718 -0.041462 -0.271477
v 0.345837 -0.079590 -0.318692
v 0.363098 -0.070320 -0.303507
v 0.378843 -0.063652 -0.287444
v 0.392751 -0.060878 -0.270810
v 0.442016 -0.027897 -0.192959
v 0.435060 -0.055043 -0.203216
v 0.426237 -0.079590 -0.213668
v 0.415634 -0.102184 -0.223984
v 0.427404 -0.022968 -0.221021
v 0.423042 -0.047568 -0.226823
v 0.416354 -0.070320 -0.233941
v 0.407281 -0.091104 -0.242321
v 0.411373 -0.020419 -0.247169
v 0.409190 -0.043040 -0.249683
v 0.405122 -0.063652 -0.253116
v 0.398533 -0.081446 -0.258568
v 0.194680 0.298955 0.304918
v 0.157463 0.241805 0.368222
v 0.182897 0.245829 0.354849
v 0.206328 0.249876 0.340133
v 0.228053 0.253864 0.323909
v 0.149881 0.265194 0.354849
v 0.173801 0.266894 0.343793
v 0.195906 0.269099 0.331195
v 0.215863 0.272226 0.316778
v 0.143216 0.286893 0.340132
v 0.165994 0.286643 0.331195
v 0.186595 0.286540 0.321386
v 0.203856 0.288071 0.310052
v 0.286328 0.267614 0.261779
v 0.262594 0.289857 0.260359
v 0.237803 0.309034 0.259800
v 0.212053 0.325633 0.259626
v 0.267830 0.262375 0.285232
v 0.249070 0.282647 0.281318
v 0.228206 0.300484 0.278938
v 0.205565 0.315670 0.278085
v 0.248394 0.257975 0.305781
v 0.233491 0.276772 0.300171
v 0.217160 0.293120 0.295891
v 0.199376 0.306166 0.294005
v 0.124157 0.362734 0.261779
v 0.127492 0.344689 0.285231
v 0.132037 0.326223 0.305781
v 0.137259 0.307118 0.323908
v 0.155734 0.352535 0.260359
v 0.154987 0.337831 0.281317
v 0.156417 0.321979 0.300171
v 0.160016 0.304983 0.316778
v 0.184894 0.340068 0.259800
v 0.181128 0.328097 0.278938
v 0.179128 0.315427 0.295890
v 0.180319 0.301877 0.310052
v -0.245404 0.298955 0.269942
v -0.320343 0.241805 0.255913
v -0.299082 0.245829 0.274736
v -0.277094 0.249876 0.291338
v -0.254122 0.253864 0.305933
v -0.309284 0.265194 0.244937
v -0.290813 0.266894 0.263111
v -0.271358 0.269099 0.279169
v -0.250744 0.272226 0.292727
v -0.296596 0.286893 0.234373
v -0.280601 0.286643 0.252171
v -0.264406 0.286541 0.267734
v -0.247713 0.288072 0.279811
v -0.173854 0.267615 0.339333
v -0.179766 0.289857 0.317472
v -0.186866 0.309034 0.294923
v -0.194648 0.325633 0.271627
v -0.203073 0.262375 0.329884
v -0.204947 0.282647 0.311742
v -0.209010 0.300484 0.292175
v -0.215151 0.315670 0.271476
v -0.229671 0.257975 0.318691
v -0.228655 0.276773 0.303506
v -0.229411 0.293120 0.287443
v -0.233017 0.306167 0.270809
v -0.223966 0.362734 0.192958
v -0.246438 0.344689 0.203215
v -0.265627 0.326223 0.213668
v -0.282178 0.307118 0.223983
v -0.212786 0.352535 0.221021
v -0.234020 0.337831 0.226822
v -0.252471 0.321979 0.233940
v -0.268001 0.304983 0.242320
v -0.203215 0.340068 0.247168
v -0.223558 0.328097 0.249682
v -0.241164 0.315427 0.253115
v -0.254986 0.301877 0.258567
v -0.346349 0.298955 -0.138082
v -0.355448 0.241805 -0.210057
v -0.367741 0.245829 -0.185050
v -0.377582 0.249875 -0.160074
v -0.385110 0.253864 -0.134829
v -0.341031 0.265194 -0.203467
v -0.353535 0.266894 -0.181179
v -0.363616 0.269099 -0.158657
v -0.370832 0.272226 -0.135861
v -0.326524 0.286893 -0.195279
v -0.339416 0.286643 -0.175343
v -0.350008 0.286540 -0.155915
v -0.356952 0.288071 -0.137117
v -0.393776 0.267614 -0.052059
v -0.373695 0.289857 -0.064150
v -0.353293 0.309034 -0.077526
v -0.332353 0.325633 -0.091750
v -0.393336 0.262375 -0.081351
v -0.375735 0.282647 -0.088649
v -0.357382 0.300484 -0.098363
v -0.338537 0.315670 -0.110302
v -0.390339 0.257974 -0.108818
v -0.374808 0.276772 -0.112592
v -0.358944 0.293120 -0.118239
v -0.343389 0.306166 -0.126634
v -0.262577 0.362734 -0.142522
v -0.279800 0.344689 -0.159636
v -0.296205 0.326223 -0.173725
v -0.311657 0.307118 -0.185477
v -0.287244 0.352535 -0.123759
v -0.299620 0.337831 -0.141132
v -0.312454 0.321979 -0.155586
v -0.325651 0.304983 -0.167014
v -0.310488 0.340068 -0.107040
v -0.319295 0.328097 -0.124625
v -0.328176 0.315427 -0.139455
v -0.337911 0.301877 -0.150246
v 0.031346 0.298955 -0.355284
v 0.100662 0.241806 -0.385738
v 0.071803 0.245829 -0.389106
v 0.043733 0.249876 -0.390271
v 0.016108 0.253864 -0.389264
v 0.098513 0.265194 -0.370689
v 0.072314 0.266894 -0.375088
v 0.046629 0.269099 -0.377227
v 0.021554 0.272226 -0.376695
v 0.094791 0.286893 -0.355065
v 0.070828 0.286644 -0.360541
v 0.048086 0.286541 -0.364097
v 0.027102 0.288072 -0.364556
v -0.069516 0.267615 -0.371508
v -0.051194 0.289857 -0.357120
v -0.031484 0.309034 -0.342838
v -0.010760 0.325633 -0.328333
v -0.040026 0.262375 -0.380163
v -0.027273 0.282647 -0.366531
v -0.011867 0.300484 -0.352968
v 0.005921 0.315670 -0.339648
v -0.011574 0.257975 -0.385946
v -0.002992 0.276773 -0.373094
v 0.007569 0.293120 -0.360520
v 0.020788 0.306167 -0.349075
v 0.061683 0.362734 -0.281043
v 0.073510 0.344689 -0.301877
v 0.082560 0.326223 -0.321038
v 0.089562 0.307118 -0.338616
v 0.035257 0.352535 -0.297509
v 0.048842 0.337831 -0.314048
v 0.059361 0.321979 -0.330099
v 0.066735 0.304983 -0.345542
v 0.011320 0.340068 -0.313323
v 0.026220 0.328098 -0.326706
v 0.038337 0.315427 -0.339305
v 0.046143 0.301877 -0.351426
v 0.365723 0.298954 -0.081494
v 0.417661 0.241804 -0.028341
v 0.412119 0.245828 -0.055429
v 0.404612 0.249874 -0.081125
v 0.395067 0.253863 -0.105748
v 0.401917 0.265193 -0.025629
v 0.398229 0.266893 -0.050636
v 0.392435 0.269098 -0.074480
v 0.384154 0.272225 -0.096949
v 0.385109 0.286892 -0.024162
v 0.383192 0.286642 -0.047482
v 0.379728 0.286539 -0.069108
v 0.373704 0.288070 -0.088190
v 0.350814 0.267614 -0.177545
v 0.342057 0.289856 -0.156562
v 0.333836 0.309033 -0.134359
v 0.325704 0.325632 -0.111171
v 0.368600 0.262374 -0.153602
v 0.358881 0.282646 -0.137879
v 0.350049 0.300483 -0.119783
v 0.342198 0.315669 -0.099611
v 0.383187 0.257974 -0.129709
v 0.372960 0.276771 -0.117991
v 0.363623 0.293119 -0.104574
v 0.356238 0.306165 -0.089105
v 0.300700 0.362733 -0.031171
v 0.325233 0.344688 -0.026934
v 0.347231 0.326222 -0.024686
v 0.367010 0.307117 -0.023798
v 0.309035 0.352534 -0.060111
v 0.329807 0.337830 -0.052960
v 0.349143 0.321978 -0.048425
v 0.366897 0.304982 -0.046542
v 0.317486 0.340067 -0.086603
v 0.335501 0.328096 -0.077290
v 0.351871 0.315426 -0.070246
v 0.366430 0.301875 -0.066946
v 0.118188 0.444143 -0.081494
v 0.207377 0.417472 -0.031171
v 0.194036 0.419986 -0.060111
v 0.178507 0.421583 -0.086603
v 0.161228 0.422104 -0.111170
v 0.179399 0.430226 -0.026934
v 0.170889 0.431042 -0.052960
v 0.159170 0.431522 -0.077289
v 0.144462 0.431649 -0.099610
v 0.152158 0.440641 -0.024686
v 0.147303 0.440366 -0.048425
v 0.139908 0.439752 -0.070246
v 0.129227 0.439317 -0.089105
v 0.095319 0.417472 -0.177545
v 0.082427 0.430227 -0.153601
v 0.071757 0.440641 -0.129708
v 0.062570 0.448887 -0.105748
v 0.120198 0.419986 -0.156561
v 0.105879 0.431042 -0.137878
v 0.094046 0.440366 -0.117991
v 0.084756 0.447835 -0.096948
v 0.141948 0.421584 -0.134358
v 0.126639 0.431522 -0.119782
v 0.113628 0.439752 -0.104573
v 0.104363 0.446050 -0.088189
v 0.041102 0.462673 -0.028341
v 0.070185 0.459768 -0.025629
v 0.098151 0.455205 -0.024161
v 0.125307 0.448886 -0.023798
v 0.047372 0.459768 -0.055429
v 0.073437 0.457398 -0.050636
v 0.098774 0.453465 -0.047482
v 0.123345 0.447835 -0.046542
v 0.054543 0.455205 -0.081125
v 0.078105 0.453466 -0.074480
v 0.100225 0.450480 -0.069108
v 0.120626 0.446050 -0.066946
v 0.238720 0.366581 -0.164603
v 0.253216 0.388840 -0.062354
v 0.267740 0.374798 -0.087105
v 0.279386 0.360385 -0.111469
v 0.288665 0.345305 -0.135376
v 0.233487 0.394889 -0.087105
v 0.248504 0.381605 -0.106099
v 0.260692 0.367999 -0.126132
v 0.269731 0.354189 -0.146988
v 0.214695 0.398329 -0.111469
v 0.230231 0.385866 -0.126132
v 0.243171 0.373416 -0.141258
v 0.251941 0.361666 -0.157332
v 0.303519 0.293360 -0.209284
v 0.277186 0.311944 -0.214744
v 0.251074 0.329279 -0.217727
v 0.224865 0.345305 -0.218715
v 0.300854 0.311944 -0.183828
v 0.277747 0.326100 -0.191513
v 0.254262 0.340253 -0.196323
v 0.230650 0.354189 -0.198037
v 0.295775 0.329279 -0.159337
v 0.275310 0.340253 -0.168829
v 0.255009 0.350946 -0.175835
v 0.235519 0.361666 -0.178783
v 0.140734 0.388840 -0.209283
v 0.159440 0.394889 -0.183828
v 0.178049 0.398329 -0.159337
v 0.196332 0.399462 -0.135376
v 0.170025 0.374798 -0.214744
v 0.183115 0.381605 -0.191513
v 0.197544 0.385866 -0.168829
v 0.213173 0.387363 -0.146988
v 0.198040 0.360386 -0.217727
v 0.206957 0.367999 -0.196323
v 0.216701 0.373416 -0.175835
v 0.228175 0.375606 -0.157332
v 0.194680 0.298955 -0.304918
v 0.286328 0.267614 -0.261779
v 0.267830 0.262375 -0.285232
v 0.248394 0.257975 -0.305781
v 0.228053 0.253864 -0.323909
v 0.262594 0.289857 -0.260359
v 0.249070 0.282647 -0.281318
v 0.233491 0.276772 -0.300171
v 0.215863 0.272226 -0.316778
v 0.237803 0.309034 -0.259800
v 0.228206 0.300484 -0.278938
v 0.217160 0.293120 -0.295891
v 0.203856 0.288071 -0.310052
v 0.157463 0.241805 -0.368222
v 0.149881 0.265194 -0.354849
v 0.143216 0.286893 -0.340132
v 0.137259 0.307118 -0.323908
v 0.182897 0.245829 -0.354849
v 0.173802 0.266894 -0.343793
v 0.165994 0.286643 -0.331195
v 0.160016 0.304983 -0.316778
v 0.206328 0.249876 -0.340133
v 0.195906 0.269099 -0.331195
v 0.186595 0.286540 -0.321386
v 0.180319 0.301877 -0.310052
v 0.124157 0.362734 -0.261779
v 0.155734 0.352535 -0.260359
v 0.184894 0.340068 -0.259800
v 0.212053 0.325633 -0.259626
v 0.127492 0.344689 -0.285231
v 0.154987 0.337831 -0.281317
v 0.181128 0.328097 -0.278938
v 0.205565 0.315670 -0.278085
v 0.132037 0.326223 -0.305781
v 0.156417 0.321979 -0.300171
v 0.179128 0.315427 -0.295890
v 0.199376 0.306166 -0.294005
v -0.045145 0.444144 -0.131859
v 0.032845 0.417472 -0.196810
v -0.000278 0.419986 -0.193712
v -0.031626 0.421584 -0.187882
v -0.061584 0.422104 -0.179877
v 0.028445 0.430227 -0.170247
v -0.000265 0.431042 -0.170609
v -0.028268 0.431523 -0.167549
v -0.055181 0.431650 -0.161172
v 0.022280 0.440641 -0.144965
v -0.003009 0.440366 -0.147919
v -0.027162 0.439752 -0.147987
v -0.049361 0.439318 -0.144175
v -0.148466 0.417472 -0.140899
v -0.128455 0.430227 -0.121864
v -0.107809 0.440641 -0.104850
v -0.086637 0.448887 -0.089153
v -0.119750 0.419986 -0.156870
v -0.105452 0.431042 -0.138173
v -0.089179 0.440366 -0.121347
v -0.070963 0.447836 -0.106459
v -0.090779 0.421584 -0.169641
v -0.080903 0.431523 -0.151319
v -0.069682 0.439752 -0.134875
v -0.056127 0.446051 -0.121449
v -0.015700 0.462673 -0.045856
v -0.003996 0.459768 -0.071269
v 0.006117 0.455205 -0.096057
v 0.014873 0.448887 -0.120455
v -0.040908 0.459768 -0.059886
v -0.028051 0.457398 -0.081931
v -0.017060 0.453466 -0.103825
v -0.008525 0.447836 -0.125713
v -0.064442 0.455205 -0.074299
v -0.050502 0.453466 -0.093513
v -0.038283 0.450480 -0.111818
v -0.029812 0.446051 -0.129564
v -0.091184 0.366582 -0.266333
v 0.015760 0.388841 -0.247820
v -0.004555 0.374799 -0.268578
v -0.025372 0.360386 -0.286619
v -0.046462 0.345306 -0.302382
v -0.015139 0.394889 -0.237661
v -0.029533 0.381605 -0.257085
v -0.045842 0.368000 -0.274276
v -0.063949 0.354190 -0.288880
v -0.045362 0.398330 -0.228228
v -0.055255 0.385866 -0.246782
v -0.066414 0.373416 -0.263136
v -0.079813 0.361667 -0.276019
v -0.115936 0.293360 -0.338628
v -0.129545 0.311944 -0.316547
v -0.140603 0.329279 -0.293900
v -0.149692 0.345306 -0.270549
v -0.091250 0.311945 -0.328356
v -0.106091 0.326100 -0.309874
v -0.118168 0.340254 -0.290163
v -0.127182 0.354190 -0.269381
v -0.068277 0.329279 -0.316203
v -0.084113 0.340254 -0.300665
v -0.097406 0.350947 -0.284506
v -0.106384 0.361666 -0.267826
v -0.166238 0.388841 -0.191698
v -0.134948 0.394889 -0.200716
v -0.104655 0.398330 -0.209944
v -0.074993 0.399462 -0.219042
v -0.162659 0.374799 -0.219823
v -0.135333 0.381605 -0.224460
v -0.108143 0.385866 -0.230473
v -0.081426 0.387363 -0.237831
v -0.156991 0.360386 -0.246031
v -0.132786 0.368000 -0.247466
v -0.109244 0.373416 -0.249929
v -0.087156 0.375606 -0.254568
v -0.245404 0.298955 -0.269942
v -0.173854 0.267615 -0.339333
v -0.203073 0.262375 -0.329884
v -0.229671 0.257975 -0.318691
v -0.254122 0.253864 -0.305933
v -0.179766 0.289857 -0.317472
v -0.204947 0.282647 -0.311742
v -0.228655 0.276773 -0.303506
v -0.250744 0.272226 -0.292727
v -0.186866 0.309034 -0.294923
v -0.209010 0.300484 -0.292175
v -0.229411 0.293120 -0.287443
v -0.247714 0.288072 -0.279811
v -0.320343 0.241805 -0.255913
v -0.309284 0.265194 -0.244937
v -0.296596 0.286893 -0.234373
v -0.282178 0.307118 -0.223983
v -0.299082 0.245829 -0.274736
v -0.290813 0.266894 -0.263111
v -0.280601 0.286643 -0.252171
v -0.268001 0.304983 -0.242320
v -0.277094 0.249876 -0.291338
v -0.271358 0.269099 -0.279169
v -0.264406 0.286540 -0.267734
v -0.254986 0.301877 -0.258567
v -0.223966 0.362734 -0.192958
v -0.212786 0.352535 -0.221021
v -0.203215 0.340068 -0.247168
v -0.194648 0.325633 -0.271627
v -0.246438 0.344689 -0.203215
v -0.234020 0.337831 -0.226822
v -0.223558 0.328097 -0.249682
v -0.215151 0.315670 -0.271476
v -0.265627 0.326223 -0.213668
v -0.252471 0.321979 -0.233940
v -0.241164 0.315427 -0.253115
v -0.233017 0.306167 -0.270809
v -0.146089 0.444144 0.000000
v -0.187077 0.417472 -0.090464
v -0.194208 0.419986 -0.059609
v -0.198053 0.421584 -0.029514
v -0.199289 0.422104 -0.000000
v -0.161818 0.430227 -0.078285
v -0.171052 0.431042 -0.052482
v -0.176640 0.431523 -0.026262
v -0.178566 0.431650 -0.000000
v -0.138387 0.440641 -0.064907
v -0.149162 0.440366 -0.042994
v -0.156694 0.439752 -0.021215
v -0.159733 0.439318 0.000000
v -0.187077 0.417472 0.090464
v -0.161818 0.430227 0.078285
v -0.138387 0.440641 0.064907
v -0.116115 0.448887 0.050647
v -0.194208 0.419986 0.059609
v -0.171052 0.431042 0.052482
v -0.149162 0.440366 0.042994
v -0.128613 0.447836 0.031153
v -0.198053 0.421584 0.029514
v -0.176640 0.431523 0.026262
v -0.156694 0.439752 0.021215
v -0.139051 0.446051 0.013129
v -0.050805 0.462673 0.000000
v -0.072654 0.459768 -0.018417
v -0.094371 0.455205 -0.035205
v -0.116115 0.448887 -0.050647
v -0.072654 0.459768 0.018417
v -0.090773 0.457398 0.000000
v -0.109317 0.453466 -0.016686
v -0.128613 0.447836 -0.031153
v -0.094371 0.455205 0.035205
v -0.109317 0.453466 0.016686
v -0.123886 0.450480 0.000000
v -0.139051 0.446051 -0.013129
v -0.295075 0.366582 0.000000
v -0.243475 0.388841 -0.090806
v -0.270554 0.374799 -0.078885
v -0.295066 0.360386 -0.065671
v -0.317379 0.345305 -0.051506
v -0.242843 0.394889 -0.059777
v -0.266756 0.381605 -0.052788
v -0.289023 0.368000 -0.043380
v -0.309253 0.354190 -0.031549
v -0.242729 0.398330 -0.029584
v -0.264380 0.385866 -0.026388
v -0.284217 0.373416 -0.021370
v -0.301267 0.361666 -0.013257
v -0.375171 0.293360 0.000000
v -0.357249 0.311944 0.019107
v -0.337971 0.329279 0.036087
v -0.317379 0.345305 0.051506
v -0.357249 0.311944 -0.019107
v -0.343314 0.326100 -0.000000
v -0.327293 0.340253 0.016992
v -0.309253 0.354190 0.031549
v -0.337971 0.329279 -0.036087
v -0.327293 0.340253 -0.016992
v -0.315209 0.350947 -0.000000
v -0.301267 0.361666 0.013257
v -0.243475 0.388841 0.090806
v -0.242843 0.394889 0.059777
v -0.242729 0.398330 0.029584
v -0.242681 0.399462 0.000000
v -0.270554 0.374799 0.078885
v -0.266756 0.381605 0.052788
v -0.264380 0.385866 0.026388
v -0.263497 0.387363 0.000000
v -0.295066 0.360386 0.065671
v -0.289023 0.368000 0.043380
v -0.284217 0.373416 0.021370
v -0.282040 0.375606 -0.000000
v -0.346349 0.298955 0.138082
v -0.393776 0.267614 0.052059
v -0.393336 0.262375 0.081351
v -0.390339 0.257974 0.108818
v -0.385110 0.253864 0.134829
v -0.373695 0.289857 0.064150
v -0.375735 0.282647 0.088649
v -0.374808 0.276772 0.112592
v -0.370832 0.272226 0.135861
v -0.353293 0.309034 0.077526
v -0.357382 0.300484 0.098363
v -0.358944 0.293120 0.118239
v -0.356952 0.288071 0.137117
v -0.355448 0.241805 0.210057
v -0.341031 0.265194 0.203467
v -0.326524 0.286893 0.195279
v -0.311657 0.307118 0.185477
v -0.367741 0.245829 0.185050
v -0.353535 0.266894 0.181179
v -0.339416 0.286643 0.175343
v -0.325651 0.304983 0.167014
v -0.377582 0.249875 0.160074
v -0.363616 0.269099 0.158657
v -0.350008 0.286540 0.155915
v -0.337911 0.301877 0.150246
v -0.262577 0.362734 0.142522
v -0.287244 0.352535 0.123759
v -0.310488 0.340068 0.107040
v -0.332353 0.325632 0.091750
v -0.279800 0.344689 0.159636
v -0.299620 0.337831 0.141132
v -0.319295 0.328097 0.124625
v -0.338537 0.315670 0.110302
v -0.296205 0.326223 0.173725
v -0.312454 0.321979 0.155586
v -0.328176 0.315427 0.139455
v -0.343389 0.306166 0.126634
v -0.045145 0.444144 0.131859
v -0.148466 0.417472 0.140899
v -0.119750 0.419986 0.156870
v -0.090779 0.421584 0.169641
v -0.061584 0.422104 0.179877
v -0.128455 0.430227 0.121864
v -0.105452 0.431042 0.138173
v -0.080903 0.431523 0.151319
v -0.055181 0.431650 0.161172
v -0.107809 0.440641 0.104850
v -0.089179 0.440366 0.121347
v -0.069682 0.439752 0.134875
v -0.049361 0.439318 0.144175
v 0.032845 0.417472 0.196810
v 0.028445 0.430227 0.170247
v 0.022280 0.440641 0.144965
v 0.014873 0.448887 0.120455
v -0.000278 0.419986 0.193712
v -0.000265 0.431042 0.170609
v -0.003009 0.440366 0.147919
v -0.008525 0.447836 0.125713
v -0.031626 0.421584 0.187882
v -0.028268 0.431523 0.167549
v -0.027162 0.439752 0.147987
v -0.029812 0.446051 0.129564
v -0.015700 0.462673 0.045856
v -0.040908 0.459768 0.059886
v -0.064442 0.455205 0.074299
v -0.086637 0.448887 0.089153
v -0.003996 0.459768 0.071269
v -0.028051 0.457398 0.081931
v -0.050502 0.453466 0.093513
v -0.070963 0.447836 0.106459
v 0.006117 0.455205 0.096057
v -0.017060 0.453466 0.103825
v -0.038283 0.450480 0.111818
v -0.056127 0.446051 0.121449
v -0.091184 0.366582 0.266333
v -0.166238 0.388841 0.191698
v -0.162659 0.374799 0.219823
v -0.156991 0.360386 0.246031
v -0.149692 0.345306 0.270549
v -0.134948 0.394889 0.200716
v -0.135333 0.381605 0.224460
v -0.132786 0.368000 0.247466
v -0.127182 0.354190 0.269381
v -0.104655 0.398330 0.209944
v -0.108143 0.385866 0.230473
v -0.109244 0.373416 0.249929
v -0.106384 0.361666 0.267826
v -0.115936 0.293360 0.338628
v -0.091250 0.311944 0.328356
v -0.068277 0.329279 0.316203
v -0.046462 0.345306 0.302382
v -0.129545 0.311945 0.316547
v -0.106091 0.326100 0.309874
v -0.084113 0.340254 0.300665
v -0.063949 0.354190 0.288880
v -0.140603 0.329279 0.293900
v -0.118168 0.340254 0.290163
v -0.097406 0.350947 0.284506
v -0.079813 0.361667 0.276019
v 0.015760 0.388841 0.247820
v -0.015139 0.394889 0.237661
v -0.045362 0.398330 0.228228
v -0.074993 0.399462 0.219042
v -0.004555 0.374799 0.268578
v -0.029533 0.381605 0.257085
v -0.055255 0.385866 0.246782
v -0.081426 0.387363 0.237831
v -0.025372 0.360386 0.286619
v -0.045842 0.368000 0.274276
v -0.066414 0.373416 0.263136
v -0.087156 0.375606 0.254568
v 0.031346 0.298955 0.355284
v -0.069516 0.267615 0.371508
v -0.040026 0.262375 0.380163
v -0.011574 0.257975 0.385946
v 0.016108 0.253864 0.389264
v -0.051194 0.289857 0.357120
v -0.027273 0.282647 0.366531
v -0.002992 0.276773 0.373094
v 0.021554 0.272226 0.376696
v -0.031484 0.309034 0.342838
v -0.011867 0.300484 0.352968
v 0.007569 0.293120 0.360520
v 0.027102 0.288072 0.364556
v 0.100662 0.241806 0.385738
v 0.098513 0.265194 0.370689
v 0.094791 0.286893 0.355065
v 0.089562 0.307119 0.338616
v 0.071803 0.245829 0.389106
v 0.072314 0.266894 0.375088
v 0.070828 0.286644 0.360541
v 0.066735 0.304983 0.345542
v 0.043733 0.249876 0.390271
v 0.046629 0.269099 0.377227
v 0.048086 0.286541 0.364097
v 0.046144 0.301877 0.351426
v 0.061683 0.362734 0.281043
v 0.035257 0.352535 0.297509
v 0.011320 0.340068 0.313324
v -0.010760 0.325633 0.328333
v 0.073510 0.344689 0.301877
v 0.048842 0.337831 0.314048
v 0.026220 0.328098 0.326706
v 0.005921 0.315670 0.339648
v 0.082560 0.326223 0.321038
v 0.059361 0.321979 0.330099
v 0.038337 0.315427 0.339305
v 0.020788 0.306167 0.349075
v 0.118188 0.444143 0.081494
v 0.095319 0.417472 0.177545
v 0.120198 0.419986 0.156561
v 0.141948 0.421584 0.134358
v 0.161228 0.422104 0.111170
v 0.082427 0.430227 0.153601
v 0.105879 0.431042 0.137878
v 0.126639 0.431522 0.119782
v 0.144462 0.431649 0.099610
v 0.071757 0.440641 0.129708
v 0.094046 0.440366 0.117991
v 0.113628 0.439752 0.104573
v 0.129227 0.439317 0.089105
v 0.207377 0.417472 0.031171
v 0.179399 0.430226 0.026934
v 0.152158 0.440641 0.024686
v 0.125307 0.448886 0.023798
v 0.194037 0.419986 0.060111
v 0.170889 0.431042 0.052960
v 0.147303 0.440366 0.048425
v 0.123345 0.447835 0.046542
v 0.178507 0.421583 0.086603
v 0.159170 0.431522 0.077289
v 0.139908 0.439752 0.070246
v 0.120626 0.446050 0.066946
v 0.041102 0.462673 0.028341
v 0.047372 0.459768 0.055429
v 0.054543 0.455205 0.081125
v 0.062570 0.448887 0.105748
v 0.070185 0.459768 0.025629
v 0.073437 0.457398 0.050636
v 0.078105 0.453466 0.074480
v 0.084756 0.447835 0.096948
v 0.098151 0.455205 0.024161
v 0.098774 0.453465 0.047482
v 0.100225 0.450480 0.069108
v 0.104363 0.446050 0.088189
v 0.238720 0.366581 0.164603
v 0.140734 0.388840 0.209283
v 0.170025 0.374798 0.214744
v 0.198040 0.360386 0.217727
v 0.224865 0.345305 0.218715
v 0.159440 0.394889 0.183828
v 0.183115 0.381605 0.191513
v 0.206957 0.367999 0.196323
v 0.230650 0.354189 0.198037
v 0.178049 0.398329 0.159337
v 0.197544 0.385866 0.168829
v 0.216701 0.373416 0.175835
v 0.235519 0.361666 0.178783
v 0.303519 0.293360 0.209284
v 0.300854 0.311944 0.183828
v 0.295775 0.329279 0.159337
v 0.288665 0.345305 0.135376
v 0.277186 0.311944 0.214744
v 0.277747 0.326100 0.191513
v 0.275310 0.340253 0.168829
v 0.269731 0.354189 0.146988
v 0.251074 0.329279 0.217727
v 0.254262 0.340253 0.196323
v 0.255009 0.350946 0.175835
v 0.251941 0.361666 0.157332
v 0.253216 0.388840 0.062354
v 0.233487 0.394889 0.087105
v 0.214695 0.398329 0.111469
v 0.196332 0.399462 0.135376
v 0.267740 0.374798 0.087105
v 0.248504 0.381605 0.106099
v 0.230231 0.385866 0.126132
v 0.213173 0.387363 0.146988
v 0.279386 0.360385 0.111469
v 0.260692 0.367999 0.126132
v 0.243171 0.373416 0.141258
v 0.228175 0.375606 0.157332
v 0.365723 0.298954 0.081494
v 0.350814 0.267614 0.177545
v 0.368600 0.262374 0.153602
v 0.383187 0.257974 0.129709
v 0.395067 0.253863 0.105748
v 0.342057 0.289856 0.156562
v 0.358881 0.282646 0.137879
v 0.372960 0.276771 0.117991
v 0.384154 0.272225 0.096949
v 0.333836 0.309033 0.134359
v 0.350049 0.300483 0.119783
v 0.363623 0.293119 0.104574
v 0.373704 0.288070 0.088190
v 0.417661 0.241804 0.028341
v 0.401917 0.265192 0.025629
v 0.385109 0.286892 0.024162
v 0.367010 0.307117 0.023798
v 0.412119 0.245828 0.055429
v 0.398229 0.266893 0.050636
v 0.383192 0.286642 0.047482
v 0.366897 0.304982 0.046542
v 0.404612 0.249874 0.081125
v 0.392435 0.269098 0.074480
v 0.379728 0.286539 0.069108
v 0.366430 0.301875 0.066946
v 0.300700 0.362733 0.031171
v 0.309035 0.352534 0.060111
v 0.317486 0.340067 0.086603
v 0.325704 0.325632 0.111171
v 0.325233 0.344688 0.026934
v 0.329807 0.337830 0.052960
v 0.335501 0.328096 0.077290
v 0.342198 0.315669 0.099611
v 0.347231 0.326222 0.024686
v 0.349143 0.321978 0.048425
v 0.351871 0.315426 0.070246
v 0.356238 0.306165 0.089105
v 0.438769 0.160307 -0.131860
v 0.459840 0.060672 -0.140900
v 0.449367 0.086173 -0.156871
v 0.437916 0.111480 -0.169641
v 0.425350 0.136495 -0.179878
v 0.462911 0.083363 -0.121865
v 0.453392 0.103254 -0.138173
v 0.442866 0.124308 -0.151319
v 0.431482 0.146200 -0.161173
v 0.463493 0.105546 -0.104850
v 0.454902 0.121238 -0.121348
v 0.445603 0.137514 -0.134876
v 0.436106 0.154569 -0.144175
v 0.378753 0.214582 -0.196810
v 0.392742 0.216551 -0.170248
v 0.405314 0.215975 -0.144966
v 0.416398 0.213375 -0.120456
v 0.395936 0.187589 -0.193712
v 0.406350 0.192544 -0.170610
v 0.416365 0.194385 -0.147920
v 0.425871 0.193043 -0.125713
v 0.411461 0.161694 -0.187883
v 0.419326 0.168989 -0.167550
v 0.426587 0.173608 -0.147988
v 0.433709 0.174174 -0.129564
v 0.443064 0.193588 -0.045856
v 0.451599 0.170890 -0.059886
v 0.457824 0.148872 -0.074299
v 0.461795 0.127206 -0.089154
v 0.435091 0.202224 -0.071269
v 0.443616 0.180744 -0.081931
v 0.449951 0.159927 -0.093513
v 0.453795 0.140041 -0.106459
v 0.426268 0.208768 -0.096058
v 0.434995 0.188315 -0.103826
v 0.441672 0.168965 -0.111819
v 0.445477 0.151837 -0.121450
v 0.386260 0.086539 -0.266335
v 0.440803 0.032782 -0.191699
v 0.425969 0.029540 -0.219824
v 0.409850 0.027906 -0.246032
v 0.392373 0.027358 -0.270550
v 0.432510 0.062048 -0.200717
v 0.420163 0.055781 -0.224461
v 0.406201 0.051858 -0.247467
v 0.390680 0.050439 -0.269382
v 0.422205 0.089302 -0.209945
v 0.412019 0.080767 -0.230475
v 0.400777 0.074265 -0.249930
v 0.388424 0.071438 -0.267827
v 0.328321 0.032782 -0.338629
v 0.334795 0.062049 -0.328357
v 0.340859 0.089302 -0.316204
v 0.346207 0.114987 -0.302383
v 0.351922 0.029541 -0.316548
v 0.354774 0.055781 -0.309875
v 0.358284 0.080767 -0.300666
v 0.362401 0.104116 -0.288881
v 0.373205 0.027906 -0.293901
v 0.373514 0.051858 -0.290164
v 0.374307 0.074265 -0.284507
v 0.376541 0.093994 -0.276021
v 0.359410 0.187275 -0.247821
v 0.378929 0.163750 -0.237662
v 0.395688 0.139634 -0.228229
v 0.410007 0.114987 -0.219043
v 0.355261 0.163751 -0.268579
v 0.372847 0.145591 -0.257086
v 0.388366 0.125662 -0.246783
v 0.401481 0.104116 -0.237832
v 0.350987 0.139634 -0.286620
v 0.367318 0.125662 -0.274277
v 0.381623 0.110622 -0.263137
v 0.392963 0.093994 -0.254569
v 0.267726 0.160307 -0.355285
v 0.283297 0.060673 -0.371509
v 0.265170 0.083363 -0.380164
v 0.248299 0.105547 -0.385947
v 0.232045 0.127207 -0.389265
v 0.296066 0.086173 -0.357121
v 0.278572 0.103255 -0.366533
v 0.262177 0.121238 -0.373095
v 0.246915 0.140042 -0.376697
v 0.305324 0.111480 -0.342839
v 0.288493 0.124309 -0.352969
v 0.272860 0.137514 -0.360522
v 0.259367 0.151838 -0.364557
v 0.182866 0.193589 -0.385738
v 0.205869 0.202225 -0.370689
v 0.227984 0.208769 -0.355066
v 0.249384 0.213376 -0.338617
v 0.199564 0.170891 -0.389107
v 0.219189 0.180745 -0.375088
v 0.238466 0.188316 -0.360541
v 0.257580 0.193043 -0.345543
v 0.215932 0.148873 -0.390272
v 0.232753 0.159928 -0.377227
v 0.248539 0.168965 -0.364098
v 0.263862 0.174175 -0.351427
v 0.314268 0.214582 -0.281044
v 0.316474 0.187589 -0.297510
v 0.315429 0.161694 -0.313325
v 0.311699 0.136496 -0.328334
v 0.291972 0.216552 -0.301878
v 0.296540 0.192545 -0.314049
v 0.297484 0.168989 -0.326707
v 0.294850 0.146200 -0.339649
v 0.270521 0.215976 -0.321038
v 0.276896 0.194385 -0.330100
v 0.280124 0.173609 -0.339306
v 0.279244 0.154570 -0.349076
v 0.003446 0.160308 -0.436779
v 0.000899 0.060673 -0.458591
v -0.018343 0.086173 -0.454074
v -0.034679 0.111481 -0.447684
v -0.048820 0.136496 -0.439505
v 0.020923 0.083363 -0.455482
v 0.001638 0.103255 -0.451929
v -0.014788 0.124309 -0.446490
v -0.028181 0.146201 -0.439260
v 0.038153 0.105547 -0.450749
v 0.018966 0.121239 -0.448092
v 0.002536 0.137514 -0.443880
v -0.009718 0.154570 -0.438181
v -0.080188 0.214583 -0.402680
v -0.049247 0.216552 -0.407097
v -0.020026 0.215976 -0.410632
v 0.007961 0.213376 -0.413063
v -0.071773 0.187590 -0.417232
v -0.045404 0.192545 -0.419492
v -0.019571 0.194386 -0.421520
v 0.005620 0.193044 -0.423238
v -0.061134 0.161694 -0.429443
v -0.038328 0.168989 -0.430259
v -0.016481 0.173609 -0.430768
v 0.004183 0.174175 -0.431503
v 0.090959 0.193589 -0.414079
v 0.079537 0.170891 -0.426119
v 0.067017 0.148873 -0.436192
v 0.053358 0.127207 -0.444366
v 0.063029 0.202225 -0.414736
v 0.054978 0.180746 -0.425725
v 0.045329 0.159928 -0.435022
v 0.033544 0.140042 -0.442492
v 0.035461 0.208769 -0.414433
v 0.030373 0.188317 -0.424709
v 0.024426 0.168966 -0.433207
v 0.015951 0.151838 -0.439617
v -0.147539 0.086539 -0.430939
v -0.055890 0.032782 -0.457107
v -0.088659 0.029541 -0.452408
v -0.119904 0.027906 -0.445959
v -0.149873 0.027358 -0.437760
v -0.067490 0.062049 -0.452408
v -0.095100 0.055781 -0.448601
v -0.122469 0.051858 -0.443108
v -0.149227 0.050439 -0.435871
v -0.079923 0.089302 -0.445959
v -0.103643 0.080767 -0.443108
v -0.126613 0.074265 -0.438974
v -0.148365 0.071438 -0.433354
v -0.237890 0.032782 -0.400984
v -0.225595 0.062049 -0.403654
v -0.211543 0.089302 -0.405371
v -0.196040 0.114987 -0.405927
v -0.208469 0.029541 -0.415463
v -0.200901 0.055781 -0.415976
v -0.190587 0.080767 -0.416297
v -0.177506 0.104116 -0.416371
v -0.179197 0.027906 -0.427675
v -0.175357 0.051858 -0.426799
v -0.169444 0.074265 -0.425767
v -0.160249 0.093994 -0.425161
v -0.137284 0.187275 -0.400983
v -0.121071 0.163751 -0.415462
v -0.106440 0.139634 -0.427674
v -0.092809 0.114987 -0.437760
v -0.159367 0.163751 -0.403653
v -0.142416 0.145592 -0.415975
v -0.127296 0.125663 -0.426799
v -0.114273 0.104116 -0.435870
v -0.178767 0.139634 -0.405371
v -0.161352 0.125663 -0.416297
v -0.145768 0.110622 -0.425766
v -0.133677 0.093994 -0.433354
v -0.273305 0.160307 -0.351438
v -0.284752 0.060673 -0.370506
v -0.299027 0.083363 -0.356819
v -0.310035 0.105547 -0.343378
v -0.318384 0.127207 -0.329732
v -0.266388 0.086173 -0.377585
v -0.281225 0.103255 -0.364703
v -0.292868 0.121238 -0.351933
v -0.301193 0.140042 -0.339270
v -0.249215 0.111481 -0.381528
v -0.264568 0.124309 -0.369466
v -0.276967 0.137514 -0.357691
v -0.285180 0.151838 -0.346758
v -0.330046 0.193589 -0.284254
v -0.307857 0.202225 -0.300366
v -0.285366 0.208769 -0.315499
v -0.262270 0.213376 -0.329732
v -0.328262 0.170891 -0.300367
v -0.308149 0.180745 -0.313748
v -0.287615 0.188316 -0.326652
v -0.266678 0.193044 -0.339270
v -0.324371 0.148873 -0.315500
v -0.306101 0.159928 -0.326652
v -0.288066 0.168966 -0.336844
v -0.270634 0.174175 -0.346758
v -0.184526 0.214583 -0.370505
v -0.200346 0.187590 -0.377584
v -0.216516 0.161694 -0.381528
v -0.232710 0.136496 -0.382800
v -0.212294 0.216552 -0.356818
v -0.223079 0.192545 -0.364703
v -0.235472 0.168989 -0.369466
v -0.249255 0.146201 -0.371088
v -0.238123 0.215976 -0.343378
v -0.245234 0.194386 -0.351932
v -0.253462 0.173609 -0.357690
v -0.263524 0.154570 -0.359916
v -0.436638 0.160307 -0.138082
v -0.459284 0.060673 -0.142523
v -0.460703 0.086173 -0.123760
v -0.459348 0.111480 -0.107041
v -0.455522 0.136496 -0.091750
v -0.449980 0.083363 -0.159636
v -0.452379 0.103255 -0.141132
v -0.452005 0.124309 -0.124625
v -0.448898 0.146200 -0.110303
v -0.439912 0.105547 -0.173725
v -0.443180 0.121238 -0.155586
v -0.444036 0.137514 -0.139455
v -0.442111 0.154570 -0.126634
v -0.428311 0.214582 -0.052059
v -0.423177 0.216552 -0.081351
v -0.417689 0.215976 -0.108818
v -0.411477 0.213375 -0.134829
v -0.440294 0.187589 -0.064150
v -0.434410 0.192545 -0.088649
v -0.428459 0.194385 -0.112592
v -0.422397 0.193043 -0.135861
v -0.449243 0.161694 -0.077526
v -0.443013 0.168989 -0.098363
v -0.436772 0.173608 -0.118239
v -0.431123 0.174175 -0.137117
v -0.386847 0.193589 -0.210057
v -0.402442 0.170891 -0.203468
v -0.416405 0.148873 -0.195280
v -0.428817 0.127207 -0.185477
v -0.396136 0.202225 -0.185050
v -0.409637 0.180745 -0.181179
v -0.421935 0.159928 -0.175343
v -0.433063 0.140042 -0.167014
v -0.404351 0.208769 -0.160074
v -0.416222 0.188316 -0.158657
v -0.426575 0.168965 -0.155915
v -0.435618 0.151838 -0.150247
v -0.477443 0.086539 0.000000
v -0.475345 0.032782 -0.090807
v -0.480763 0.029541 -0.059778
v -0.483955 0.027906 -0.029584
v -0.485000 0.027358 -0.000000
v -0.474221 0.062049 -0.078885
v -0.478938 0.055781 -0.052788
v -0.481891 0.051858 -0.026388
v -0.482907 0.050439 -0.000000
v -0.471600 0.089302 -0.065671
v -0.476073 0.080767 -0.043380
v -0.479028 0.074265 -0.021370
v -0.480119 0.071438 0.000000
v -0.475345 0.032782 0.090807
v -0.474221 0.062049 0.078885
v -0.471600 0.089302 0.065671
v -0.467366 0.114987 0.051506
v -0.480763 0.029541 0.059778
v -0.478938 0.055781 0.052788
v -0.476073 0.080767 0.043380
v -0.472105 0.104116 0.031549
v -0.483955 0.027906 0.029584
v -0.481891 0.051858 0.026388
v -0.479029 0.074265 0.021370
v -0.475580 0.093994 0.013257
v -0.444255 0.187275 0.000000
v -0.453755 0.163751 -0.019107
v -0.461471 0.139634 -0.036087
v -0.467366 0.114987 -0.051506
v -0.453755 0.163751 0.019107
v -0.460864 0.145591 -0.000000
v -0.467039 0.125662 -0.016992
v -0.472105 0.104116 -0.031549
v -0.461471 0.139634 0.036087
v -0.467038 0.125662 0.016992
v -0.471712 0.110622 -0.000000
v -0.475580 0.093994 -0.013257
v -0.436638 0.160307 0.138082
v -0.459284 0.060673 0.142523
v -0.449980 0.083363 0.159636
v -0.439912 0.105547 0.173725
v -0.428817 0.127207 0.185477
v -0.460703 0.086173 0.123760
v -0.452379 0.103255 0.141132
v -0.443180 0.121238 0.155586
v -0.433063 0.140042 0.167014
v -0.459348 0.111480 0.107041
v -0.452005 0.124309 0.124625
v -0.444036 0.137514 0.139455
v -0.435618 0.151838 0.150247
v -0.386847 0.193589 0.210057
v -0.396136 0.202225 0.185050
v -0.404351 0.208769 0.160074
v -0.411477 0.213375 0.134829
v -0.402442 0.170891 0.203468
v -0.409637 0.180745 0.181179
v -0.416222 0.188316 0.158657
v -0.422397 0.193043 0.135861
v -0.416405 0.148873 0.195280
v -0.421935 0.159928 0.175343
v -0.426575 0.168965 0.155915
v -0.431123 0.174175 0.137117
v -0.428311 0.214582 0.052059
v -0.440294 0.187589 0.064150
v -0.449243 0.161694 0.077526
v -0.455521 0.136496 0.091750
v -0.423177 0.216552 0.081351
v -0.434410 0.192545 0.088649
v -0.443013 0.168989 0.098363
v -0.448898 0.146200 0.110303
v -0.417689 0.215976 0.108818
v -0.428459 0.194385 0.112592
v -0.436772 0.173609 0.118239
v -0.442111 0.154570 0.126634
v -0.273305 0.160307 0.351438
v -0.284752 0.060673 0.370506
v -0.266388 0.086173 0.377585
v -0.249215 0.111481 0.381528
v -0.232710 0.136496 0.382800
v -0.299027 0.083363 0.356819
v -0.281225 0.103255 0.364703
v -0.264568 0.124309 0.369466
v -0.249255 0.146201 0.371088
v -0.310035 0.105547 0.343378
v -0.292868 0.121238 0.351933
v -0.276967 0.137514 0.357691
v -0.263524 0.154570 0.359916
v -0.184526 0.214583 0.370505
v -0.212294 0.216552 0.356818
v -0.238123 0.215976 0.343378
v -0.262270 0.213376 0.329732
v -0.200346 0.187590 0.377584
v -0.223079 0.192545 0.364703
v -0.245234 0.194386 0.351932
v -0.266678 0.193044 0.339270
v -0.216516 0.161694 0.381528
v -0.235472 0.168989 0.369466
v -0.253462 0.173609 0.357690
v -0.270634 0.174175 0.346758
v -0.330046 0.193589 0.284254
v -0.328262 0.170891 0.300367
v -0.324371 0.148873 0.315500
v -0.318384 0.127207 0.329732
v -0.307857 0.202225 0.300366
v -0.308149 0.180745 0.313748
v -0.306101 0.159928 0.326652
v -0.301193 0.140042 0.339270
v -0.285366 0.208769 0.315499
v -0.287615 0.188316 0.326652
v -0.288066 0.168966 0.336844
v -0.285180 0.151838 0.346758
v -0.147539 0.086539 0.430939
v -0.237890 0.032782 0.400984
v -0.208469 0.029541 0.415463
v -0.179197 0.027906 0.427675
v -0.149873 0.027358 0.437761
v -0.225595 0.062049 0.403654
v -0.200901 0.055781 0.415976
v -0.175357 0.051858 0.426799
v -0.149227 0.050439 0.435871
v -0.211543 0.089302 0.405371
v -0.190587 0.080767 0.416297
v -0.169444 0.074265 0.425767
v -0.148365 0.071438 0.433354
v -0.055890 0.032782 0.457107
v -0.067490 0.062049 0.452408
v -0.079923 0.089302 0.445959
v -0.092809 0.114987 0.437760
v -0.088659 0.029541 0.452408
v -0.095100 0.055781 0.448601
v -0.103643 0.080767 0.443108
v -0.114273 0.104116 0.435870
v -0.119904 0.027906 0.445959
v -0.122469 0.051858 0.443108
v -0.126613 0.074265 0.438974
v -0.133677 0.093994 0.433354
v -0.137284 0.187275 0.400983
v -0.159367 0.163751 0.403653
v -0.178767 0.139634 0.405371
v -0.196040 0.114987 0.405927
v -0.121071 0.163751 0.415462
v -0.142416 0.145592 0.415975
v -0.161352 0.125663 0.416297
v -0.177506 0.104116 0.416371
v -0.106440 0.139634 0.427674
v -0.127296 0.125663 0.426799
v -0.145768 0.110622 0.425766
v -0.160249 0.093994 0.425161
v 0.003446 0.160308 0.436779
v 0.000899 0.060673 0.458591
v 0.020923 0.083363 0.455482
v 0.038153 0.105547 0.450749
v 0.053358 0.127207 0.444366
v -0.018343 0.086173 0.454074
v 0.001638 0.103255 0.451929
v 0.018966 0.121239 0.448092
v 0.033544 0.140042 0.442492
v -0.034679 0.111481 0.447684
v -0.014788 0.124309 0.446490
v 0.002536 0.137514 0.443880
v 0.015951 0.151838 0.439617
v 0.090959 0.193589 0.414079
v 0.063029 0.202225 0.414736
v 0.035461 0.208769 0.414433
v 0.007961 0.213376 0.413063
v 0.079537 0.170891 0.426119
v 0.054978 0.180746 0.425725
v 0.030373 0.188317 0.424709
v 0.005620 0.193044 0.423238
v 0.067017 0.148873 0.436192
v 0.045329 0.159928 0.435022
v 0.024426 0.168966 0.433206
v 0.004183 0.174175 0.431503
v -0.080188 0.214583 0.402680
v -0.071773 0.187590 0.417232
v -0.061134 0.161694 0.429443
v -0.048820 0.136496 0.439505
v -0.049247 0.216552 0.407097
v -0.045404 0.192545 0.419492
v -0.038328 0.168989 0.430259
v -0.028181 0.146201 0.439260
v -0.020026 0.215976 0.410632
v -0.019571 0.194386 0.421520
v -0.016481 0.173609 0.430768
v -0.009718 0.154570 0.438181
v 0.267726 0.160307 0.355285
v 0.283297 0.060673 0.371509
v 0.296066 0.086173 0.357121
v 0.305324 0.111480 0.342839
v 0.311699 0.136496 0.328334
v 0.265170 0.083363 0.380164
v 0.278572 0.103255 0.366533
v 0.288493 0.124309 0.352969
v 0.294850 0.146200 0.339649
v 0.248299 0.105547 0.385947
v 0.262177 0.121238 0.373095
v 0.272860 0.137514 0.360522
v 0.279244 0.154570 0.349076
v 0.314268 0.214582 0.281044
v 0.291972 0.216552 0.301878
v 0.270521 0.215976 0.321038
v 0.249384 0.213376 0.338617
v 0.316474 0.187589 0.297510
v 0.296540 0.192545 0.314049
v 0.276896 0.194385 0.330100
v 0.257580 0.193043 0.345543
v 0.315429 0.161694 0.313325
v 0.297484 0.168989 0.326707
v 0.280124 0.173609 0.339306
v 0.263862 0.174175 0.351427
v 0.182866 0.193589 0.385738
v 0.199564 0.170891 0.389107
v 0.215932 0.148873 0.390272
v 0.232045 0.127207 0.389265
v 0.205869 0.202225 0.370689
v 0.219189 0.180745 0.375088
v 0.232753 0.159928 0.377227
v 0.246915 0.140042 0.376697
v 0.227984 0.208769 0.355066
v 0.238466 0.188316 0.360541
v 0.248539 0.168965 0.364098
v 0.259367 0.151838 0.364557
v 0.386260 0.086539 0.266335
v 0.328321 0.032782 0.338629
v 0.351922 0.029541 0.316548
v 0.373205 0.027906 0.293901
v 0.392373 0.027358 0.270550
v 0.334795 0.062049 0.328357
v 0.354774 0.055781 0.309875
v 0.373514 0.051858 0.290164
v 0.390680 0.050439 0.269382
v 0.340859 0.089302 0.316204
v 0.358284 0.080767 0.300666
v 0.374307 0.074265 0.284508
v 0.388424 0.071438 0.267827
v 0.440803 0.032782 0.191699
v 0.432510 0.062048 0.200717
v 0.422205 0.089302 0.209945
v 0.410007 0.114987 0.219043
v 0.425969 0.029540 0.219824
v 0.420163 0.055781 0.224461
v 0.412019 0.080767 0.230475
v 0.401481 0.104116 0.237832
v 0.409850 0.027906 0.246032
v 0.406201 0.051858 0.247467
v 0.400777 0.074265 0.249930
v 0.392963 0.093994 0.254569
v 0.359410 0.187275 0.247821
v 0.355261 0.163751 0.268579
v 0.350987 0.139634 0.286620
v 0.346207 0.114987 0.302383
v 0.378929 0.163750 0.237662
v 0.372847 0.145591 0.257086
v 0.367318 0.125662 0.274277
v 0.362401 0.104116 0.288881
v 0.395688 0.139634 0.228229
v 0.388366 0.125662 0.246783
v 0.381623 0.110622 0.263137
v 0.376541 0.093994 0.276021
v 0.438769 0.160307 0.131860
v 0.459839 0.060672 0.140900
v 0.462911 0.083363 0.121865
v 0.463493 0.105546 0.104850
v 0.461795 0.127206 0.089154
v 0.449366 0.086173 0.156871
v 0.453392 0.103254 0.138173
v 0.454902 0.121238 0.121348
v 0.453795 0.140041 0.106459
v 0.437916 0.111480 0.169641
v 0.442866 0.124308 0.151319
v 0.445603 0.137514 0.134876
v 0.445477 0.151837 0.121450
v 0.443064 0.193588 0.045856
v 0.435091 0.202224 0.071269
v 0.426268 0.208768 0.096058
v 0.416398 0.213375 0.120456
v 0.451599 0.170890 0.059886
v 0.443616 0.180744 0.081931
v 0.434995 0.188315 0.103826
v 0.425871 0.193043 0.125713
v 0.457824 0.148872 0.074299
v 0.449951 0.159927 0.093513
v 0.441672 0.168965 0.111819
v 0.433709 0.174174 0.129564
v 0.378753 0.214582 0.196810
v 0.395936 0.187589 0.193712
v 0.411461 0.161694 0.187883
v 0.425350 0.136495 0.179878
v 0.392742 0.216551 0.170248
v 0.406350 0.192544 0.170610
v 0.419326 0.168989 0.167550
v 0.431482 0.146200 0.161173
v 0.405314 0.215975 0.144966
v 0.416365 0.194385 0.147920
v 0.426587 0.173608 0.147988
v 0.436106 0.154569 0.144175
v 0.149537 0.074618 -0.436780
v 0.238090 0.027897 -0.402681
v 0.208888 0.022968 -0.417233
v 0.179725 0.020419 -0.429444
v 0.150471 0.019602 -0.439506
v 0.226109 0.055043 -0.407099
v 0.201765 0.047568 -0.419493
v 0.176401 0.043040 -0.430260
v 0.150386 0.041462 -0.439261
v 0.212498 0.079590 -0.410633
v 0.191947 0.070320 -0.421521
v 0.170984 0.063652 -0.430769
v 0.150017 0.060878 -0.438182
v 0.056778 0.027897 -0.458591
v 0.069206 0.055043 -0.455482
v 0.082407 0.079590 -0.450749
v 0.096020 0.102184 -0.444366
v 0.089415 0.022968 -0.454074
v 0.096577 0.047568 -0.451930
v 0.105776 0.070320 -0.448093
v 0.116977 0.091104 -0.442493
v 0.120571 0.020419 -0.447685
v 0.123765 0.043040 -0.446491
v 0.128463 0.063652 -0.443881
v 0.135962 0.081446 -0.439618
v 0.141764 0.163789 -0.414079
v 0.162394 0.143942 -0.414737
v 0.180891 0.123468 -0.414434
v 0.197531 0.102184 -0.413064
v 0.125482 0.143942 -0.426119
v 0.145752 0.127502 -0.425726
v 0.163891 0.110002 -0.424710
v 0.179416 0.091104 -0.423239
v 0.110330 0.123468 -0.436192
v 0.130448 0.110002 -0.435023
v 0.148313 0.096300 -0.433207
v 0.162277 0.081446 -0.431503
v 0.147539 -0.086539 -0.430939
v 0.237890 -0.032782 -0.400984
v 0.225595 -0.062049 -0.403654
v 0.211543 -0.089302 -0.405371
v 0.196040 -0.114987 -0.405927
v 0.208469 -0.029541 -0.415463
v 0.200901 -0.055781 -0.415976
v 0.190587 -0.080767 -0.416297
v 0.177506 -0.104116 -0.416371
v 0.179197 -0.027906 -0.427675
v 0.175357 -0.051858 -0.426799
v 0.169444 -0.074265 -0.425767
v 0.160249 -0.093994 -0.425161
v 0.137284 -0.187275 -0.400983
v 0.121071 -0.163751 -0.415462
v 0.106440 -0.139634 -0.427674
v 0.092809 -0.114987 -0.437760
v 0.159367 -0.163751 -0.403653
v 0.142416 -0.145592 -0.415975
v 0.127296 -0.125663 -0.426799
v 0.114273 -0.104116 -0.435870
v 0.178767 -0.139634 -0.405371
v 0.161352 -0.125663 -0.416297
v 0.145768 -0.110622 -0.425766
v 0.133677 -0.093994 -0.433354
v 0.055890 -0.032782 -0.457107
v 0.088659 -0.029541 -0.452408
v 0.119904 -0.027906 -0.445959
v 0.149873 -0.027358 -0.437760
v 0.067490 -0.062049 -0.452408
v 0.095100 -0.055781 -0.448601
v 0.122469 -0.051858 -0.443108
v 0.149227 -0.050439 -0.435871
v 0.079923 -0.089302 -0.445959
v 0.103643 -0.080767 -0.443108
v 0.126613 -0.074265 -0.438974
v 0.148365 -0.071438 -0.433354
v -0.003446 -0.160308 -0.436779
v 0.080188 -0.214583 -0.402680
v 0.049247 -0.216552 -0.407097
v 0.020026 -0.215976 -0.410632
v -0.007961 -0.213376 -0.413063
v 0.071773 -0.187590 -0.417232
v 0.045404 -0.192545 -0.419492
v 0.019571 -0.194386 -0.421520
v -0.005620 -0.193044 -0.423238
v 0.061134 -0.161694 -0.429443
v 0.038328 -0.168989 -0.430259
v 0.016481 -0.173609 -0.430768
v -0.004183 -0.174175 -0.431503
v -0.090959 -0.193589 -0.414079
v -0.079537 -0.170891 -0.426119
v -0.067017 -0.148873 -0.436192
v -0.053358 -0.127207 -0.444366
v -0.063029 -0.202225 -0.414736
v -0.054978 -0.180746 -0.425725
v -0.045329 -0.159928 -0.435022
v -0.033544 -0.140042 -0.442492
v -0.035461 -0.208769 -0.414433
v -0.030373 -0.188317 -0.424709
v -0.024426 -0.168966 -0.433206
v -0.015951 -0.151838 -0.439617
v -0.000899 -0.060673 -0.458591
v 0.018343 -0.086173 -0.454074
v 0.034679 -0.111481 -0.447684
v 0.048820 -0.136496 -0.439505
v -0.020923 -0.083363 -0.455482
v -0.001638 -0.103255 -0.451929
v 0.014788 -0.124309 -0.446490
v 0.028181 -0.146201 -0.439260
v -0.038153 -0.105547 -0.450749
v -0.018966 -0.121239 -0.448092
v -0.002536 -0.137514 -0.443880
v 0.009718 -0.154570 -0.438181
v -0.391494 0.074618 -0.269943
v -0.329959 0.027897 -0.339335
v -0.353566 0.022968 -0.317473
v -0.374814 0.020419 -0.294924
v -0.393938 0.019602 -0.271629
v -0.338088 0.055043 -0.329885
v -0.358032 0.047568 -0.311743
v -0.376659 0.043040 -0.292176
v -0.393718 0.041462 -0.271477
v -0.345837 0.079590 -0.318692
v -0.363098 0.070320 -0.303507
v -0.378843 0.063652 -0.287444
v -0.392751 0.060878 -0.270810
v -0.442016 0.027897 -0.192959
v -0.435060 0.055043 -0.203216
v -0.426237 0.079590 -0.213668
v -0.415634 0.102184 -0.223984
v -0.427404 0.022968 -0.221021
v -0.423042 0.047568 -0.226823
v -0.416354 0.070320 -0.233941
v -0.407281 0.091104 -0.242321
v -0.411373 0.020419 -0.247169
v -0.409190 0.043040 -0.249683
v -0.405123 0.063652 -0.253116
v -0.398533 0.081446 -0.258568
v -0.371148 0.163789 -0.255913
v -0.365432 0.143942 -0.274737
v -0.359412 0.123468 -0.291338
v -0.352897 0.102184 -0.305934
v -0.388245 0.143942 -0.244937
v -0.381586 0.127502 -0.263111
v -0.374964 0.110002 -0.279170
v -0.368692 0.091104 -0.292728
v -0.403021 0.123468 -0.234374
v -0.395632 0.110002 -0.252171
v -0.388292 0.096300 -0.267735
v -0.382270 0.081446 -0.279812
v -0.386260 -0.086539 -0.266334
v -0.328321 -0.032782 -0.338629
v -0.334795 -0.062049 -0.328357
v -0.340859 -0.089302 -0.316204
v -0.346207 -0.114987 -0.302383
v -0.351922 -0.029541 -0.316548
v -0.354774 -0.055781 -0.309875
v -0.358284 -0.080767 -0.300666
v -0.362401 -0.104116 -0.288881
v -0.373205 -0.027906 -0.293901
v -0.373514 -0.051858 -0.290164
v -0.374307 -0.074265 -0.284508
v -0.376541 -0.093994 -0.276021
v -0.359410 -0.187275 -0.247821
v -0.378929 -0.163750 -0.237662
v -0.395688 -0.139634 -0.228229
v -0.410007 -0.114987 -0.219043
v -0.355261 -0.163751 -0.268579
v -0.372847 -0.145591 -0.257086
v -0.388366 -0.125662 -0.246784
v -0.401481 -0.104116 -0.237832
v -0.350987 -0.139634 -0.286620
v -0.367318 -0.125662 -0.274277
v -0.381623 -0.110622 -0.263138
v -0.392963 -0.093994 -0.254569
v -0.440803 -0.032782 -0.191699
v -0.425969 -0.029540 -0.219824
v -0.409850 -0.027906 -0.246032
v -0.392373 -0.027358 -0.270550
v -0.432510 -0.062048 -0.200717
v -0.420163 -0.055781 -0.224461
v -0.406201 -0.051858 -0.247467
v -0.390680 -0.050439 -0.269382
v -0.422205 -0.089302 -0.209945
v -0.412019 -0.080767 -0.230475
v -0.400777 -0.074265 -0.249930
v -0.388424 -0.071438 -0.267827
v -0.438769 -0.160307 -0.131860
v -0.378753 -0.214582 -0.196810
v -0.392742 -0.216551 -0.170248
v -0.405314 -0.215975 -0.144966
v -0.416398 -0.213375 -0.120456
v -0.395936 -0.187589 -0.193712
v -0.406350 -0.192544 -0.170610
v -0.416365 -0.194385 -0.147920
v -0.425871 -0.193043 -0.125713
v -0.411461 -0.161694 -0.187883
v -0.419326 -0.168989 -0.167550
v -0.426587 -0.173608 -0.147988
v -0.433709 -0.174174 -0.129564
v -0.443064 -0.193588 -0.045856
v -0.451599 -0.170890 -0.059886
v -0.457824 -0.148872 -0.074299
v -0.461795 -0.127206 -0.089154
v -0.435091 -0.202224 -0.071269
v -0.443616 -0.180744 -0.081931
v -0.449951 -0.159927 -0.093513
v -0.453795 -0.140041 -0.106459
v -0.426268 -0.208768 -0.096058
v -0.434995 -0.188315 -0.103826
v -0.441672 -0.168965 -0.111819
v -0.445477 -0.151837 -0.121450
v -0.459839 -0.060672 -0.140900
v -0.449367 -0.086173 -0.156871
v -0.437916 -0.111480 -0.169641
v -0.425350 -0.136495 -0.179878
v -0.462911 -0.083363 -0.121865
v -0.453392 -0.103254 -0.138173
v -0.442866 -0.124308 -0.151319
v -0.431482 -0.146200 -0.161173
v -0.463493 -0.105546 -0.104850
v -0.454902 -0.121238 -0.121348
v -0.445603 -0.137514 -0.134876
v -0.436106 -0.154569 -0.144175
v -0.391494 0.074618 0.269943
v -0.442016 0.027897 0.192959
v -0.427404 0.022968 0.221021
v -0.411373 0.020419 0.247169
v -0.393938 0.019602 0.271628
v -0.435060 0.055043 0.203216
v -0.423042 0.047568 0.226823
v -0.409190 0.043040 0.249683
v -0.393718 0.041462 0.271477
v -0.426237 0.079590 0.213668
v -0.416354 0.070320 0.233941
v -0.405123 0.063652 0.253116
v -0.392751 0.060878 0.270810
v -0.329959 0.027897 0.339335
v -0.338089 0.055043 0.329885
v -0.345837 0.079590 0.318692
v -0.352897 0.102184 0.305934
v -0.353566 0.022968 0.317473
v -0.358032 0.047568 0.311743
v -0.363098 0.070320 0.303507
v -0.368692 0.091104 0.292728
v -0.374814 0.020419 0.294924
v -0.376659 0.043040 0.292176
v -0.378843 0.063652 0.287444
v -0.382270 0.081446 0.279812
v -0.371148 0.163789 0.255913
v -0.388245 0.143942 0.244937
v -0.403021 0.123468 0.234374
v -0.415634 0.102184 0.223984
v -0.365432 0.143942 0.274737
v -0.381586 0.127502 0.263111
v -0.395632 0.110002 0.252171
v -0.407281 0.091104 0.242321
v -0.359412 0.123468 0.291338
v -0.374964 0.110002 0.279170
v -0.388292 0.096300 0.267735
v -0.398533 0.081446 0.258568
v -0.386260 -0.086539 0.266334
v -0.440803 -0.032782 0.191699
v -0.432510 -0.062048 0.200717
v -0.422205 -0.089302 0.209945
v -0.410007 -0.114987 0.219043
v -0.425969 -0.029540 0.219824
v -0.420163 -0.055781 0.224461
v -0.412019 -0.080767 0.230475
v -0.401481 -0.104116 0.237832
v -0.409850 -0.027906 0.246032
v -0.406201 -0.051858 0.247467
v -0.400777 -0.074265 0.249930
v -0.392963 -0.093994 0.254569
v -0.359410 -0.187275 0.247821
v -0.355261 -0.163751 0.268579
v -0.350987 -0.139634 0.286620
v -0.346207 -0.114987 0.302383
v -0.378929 -0.163750 0.237662
v -0.372847 -0.145591 0.257086
v -0.367318 -0.125662 0.274277
v -0.362401 -0.104116 0.288881
v -0.395688 -0.139634 0.228229
v -0.388366 -0.125662 0.246783
v -0.381623 -0.110622 0.263137
v -0.376541 -0.093994 0.276021
v -0.328321 -0.032782 0.338629
v -0.351922 -0.029541 0.316548
v -0.373205 -0.027906 0.293901
v -0.392373 -0.027358 0.270550
v -0.334795 -0.062049 0.328357
v -0.354774 -0.055781 0.309875
v -0.373514 -0.051858 0.290164
v -0.390680 -0.050439 0.269382
v -0.340859 -0.089302 0.316204
v -0.358284 -0.080767 0.300666
v -0.374307 -0.074265 0.284508
v -0.388424 -0.071438 0.267827
v -0.267726 -0.160307 0.355285
v -0.314268 -0.214582 0.281044
v -0.291972 -0.216552 0.301878
v -0.270521 -0.215976 0.321038
v -0.249384 -0.213376 0.338617
v -0.316474 -0.187589 0.297510
v -0.296540 -0.192545 0.314049
v -0.276896 -0.194385 0.330100
v -0.257580 -0.193043 0.345543
v -0.315429 -0.161694 0.313325
v -0.297484 -0.168989 0.326707
v -0.280124 -0.173609 0.339306
v -0.263862 -0.174175 0.351427
v -0.182866 -0.193589 0.385738
v -0.199564 -0.170891 0.389107
v -0.215932 -0.148873 0.390272
v -0.232045 -0.127207 0.389265
v -0.205869 -0.202225 0.370689
v -0.219189 -0.180745 0.375088
v -0.232753 -0.159928 0.377227
v -0.246915 -0.140042 0.376697
v -0.227984 -0.208769 0.355066
v -0.238466 -0.188316 0.360541
v -0.248539 -0.168965 0.364098
v -0.259367 -0.151838 0.364557
v -0.283297 -0.060673 0.371509
v -0.296066 -0.086173 0.357121
v -0.305324 -0.111480 0.342839
v -0.311699 -0.136496 0.328334
v -0.265170 -0.083363 0.380164
v -0.278572 -0.103255 0.366533
v -0.288493 -0.124309 0.352969
v -0.294850 -0.146200 0.339649
v -0.248299 -0.105547 0.385947
v -0.262177 -0.121238 0.373095
v -0.272860 -0.137514 0.360522
v -0.279244 -0.154570 0.349076
v 0.149537 0.074618 0.436780
v 0.056778 0.027897 0.458591
v 0.089415 0.022968 0.454074
v 0.120571 0.020419 0.447685
v 0.150471 0.019602 0.439506
v 0.069206 0.055043 0.455482
v 0.096577 0.047568 0.451930
v 0.123765 0.043040 0.446491
v 0.150386 0.041462 0.439261
v 0.082407 0.079590 0.450749
v 0.105776 0.070320 0.448093
v 0.128463 0.063652 0.443881
v 0.150017 0.060878 0.438182
v 0.238090 0.027897 0.402681
v 0.226109 0.055043 0.407099
v 0.212498 0.079590 0.410633
v 0.197531 0.102184 0.413064
v 0.208888 0.022968 0.417233
v 0.201765 0.047568 0.419493
v 0.191946 0.070320 0.421521
v 0.179416 0.091104 0.423239
v 0.179725 0.020419 0.429444
v 0.176401 0.043040 0.430260
v 0.170984 0.063652 0.430769
v 0.162277 0.081446 0.431503
v 0.141764 0.163789 0.414079
v 0.125482 0.143942 0.426119
v 0.110330 0.123468 0.436192
v 0.096020 0.102184 0.444366
v 0.162394 0.143942 0.414737
v 0.145752 0.127502 0.425726
v 0.130448 0.110002 0.435023
v 0.116977 0.091104 0.442493
v 0.180891 0.123468 0.414433
v 0.163891 0.110002 0.424710
v 0.148313 0.096300 0.433207
v 0.135962 0.081446 0.439618
v 0.147539 -0.086539 0.430939
v 0.055890 -0.032782 0.457107
v 0.067490 -0.062049 0.452408
v 0.079923 -0.089302 0.445959
v 0.092809 -0.114987 0.437760
v 0.088659 -0.029541 0.452408
v 0.095100 -0.055781 0.448601
v 0.103643 -0.080767 0.443108
v 0.114273 -0.104116 0.435870
v 0.119904 -0.027906 0.445959
v 0.122469 -0.051858 0.443108
v 0.126613 -0.074265 0.438974
v 0.133677 -0.093994 0.433354
v 0.137284 -0.187275 0.400983
v 0.159367 -0.163751 0.403653
v 0.178767 -0.139634 0.405371
v 0.196040 -0.114987 0.405927
v 0.121071 -0.163751 0.415462
v 0.142416 -0.145592 0.415975
v 0.161352 -0.125663 0.416297
v 0.177506 -0.104116 0.416371
v 0.106440 -0.139634 0.427674
v 0.127296 -0.125663 0.426799
v 0.145768 -0.110622 0.425766
v 0.160249 -0.093994 0.425161
v 0.237890 -0.032782 0.400984
v 0.208469 -0.029541 0.415463
v 0.179197 -0.027906 0.427675
v 0.149873 -0.027358 0.437761
v 0.225595 -0.062049 0.403654
v 0.200901 -0.055781 0.415976
v 0.175357 -0.051858 0.426799
v 0.149227 -0.050439 0.435871
v 0.211543 -0.089302 0.405371
v 0.190587 -0.080767 0.416297
v 0.169444 -0.074265 0.425767
v 0.148365 -0.071438 0.433354
v 0.273305 -0.160307 0.351438
v 0.184526 -0.214583 0.370505
v 0.212294 -0.216552 0.356818
v 0.238123 -0.215976 0.343378
v 0.262270 -0.213376 0.329732
v 0.200346 -0.187590 0.377584
v 0.223079 -0.192545 0.364703
v 0.245234 -0.194386 0.351932
v 0.266678 -0.193044 0.339270
v 0.216516 -0.161694 0.381528
v 0.235472 -0.168989 0.369466
v 0.253462 -0.173609 0.357690
v 0.270634 -0.174175 0.346758
v 0.330046 -0.193589 0.284254
v 0.328262 -0.170891 0.300367
v 0.324371 -0.148873 0.315500
v 0.318384 -0.127207 0.329732
v 0.307857 -0.202225 0.300366
v 0.308149 -0.180745 0.313748
v 0.306101 -0.159928 0.326652
v 0.301193 -0.140042 0.339270
v 0.285366 -0.208769 0.315499
v 0.287615 -0.188316 0.326652
v 0.288066 -0.168966 0.336844
v 0.285180 -0.151838 0.346758
v 0.284752 -0.060673 0.370506
v 0.266388 -0.086173 0.377585
v 0.249215 -0.111480 0.381528
v 0.232710 -0.136496 0.382800
v 0.299027 -0.083363 0.356819
v 0.281225 -0.103255 0.364703
v 0.264568 -0.124309 0.369466
v 0.249255 -0.146201 0.371088
v 0.310035 -0.105547 0.343378
v 0.292868 -0.121238 0.351933
v 0.276967 -0.137514 0.357691
v 0.263524 -0.154570 0.359916
v 0.483914 0.074617 -0.000000
v 0.477107 0.027897 0.090464
v 0.482666 0.022967 0.059610
v 0.485891 0.020418 0.029514
v 0.486934 0.019602 0.000000
v 0.477832 0.055042 0.078285
v 0.482730 0.047568 0.052482
v 0.485681 0.043040 0.026262
v 0.486662 0.041462 0.000000
v 0.477168 0.079589 0.064907
v 0.481728 0.070320 0.042994
v 0.484517 0.063651 0.021215
v 0.485467 0.060877 0.000000
v 0.477107 0.027897 -0.090464
v 0.477832 0.055042 -0.078285
v 0.477168 0.079589 -0.064907
v 0.474978 0.102183 -0.050648
v 0.482666 0.022967 -0.059610
v 0.482730 0.047568 -0.052482
v 0.481728 0.070320 -0.042994
v 0.479577 0.091103 -0.031153
v 0.485891 0.020418 -0.029514
v 0.485681 0.043040 -0.026262
v 0.484517 0.063651 -0.021215
v 0.482563 0.081445 -0.013129
v 0.458763 0.163788 -0.000000
v 0.465797 0.143941 0.018417
v 0.471209 0.123467 0.035205
v 0.474978 0.102183 0.050648
v 0.465797 0.143941 -0.018417
v 0.471666 0.127501 -0.000000
v 0.476254 0.110001 0.016686
v 0.479577 0.091103 0.031153
v 0.471209 0.123467 -0.035205
v 0.476254 0.110001 -0.016686
v 0.479955 0.096299 -0.000000
v 0.482563 0.081445 0.013129
v 0.477443 -0.086539 -0.000000
v 0.475345 -0.032782 0.090807
v 0.474221 -0.062049 0.078885
v 0.471600 -0.089302 0.065671
v 0.467366 -0.114987 0.051506
v 0.480763 -0.029541 0.059778
v 0.478938 -0.055781 0.052788
v 0.476073 -0.080767 0.043380
v 0.472105 -0.104116 0.031549
v 0.483955 -0.027906 0.029584
v 0.481891 -0.051858 0.026388
v 0.479029 -0.074265 0.021370
v 0.475580 -0.093994 0.013257
v 0.444255 -0.187275 -0.000000
v 0.453755 -0.163751 -0.019107
v 0.461471 -0.139634 -0.036087
v 0.467366 -0.114987 -0.051506
v 0.453755 -0.163751 0.019107
v 0.460864 -0.145591 0.000000
v 0.467039 -0.125662 -0.016992
v 0.472105 -0.104116 -0.031549
v 0.461471 -0.139634 0.036087
v 0.467038 -0.125662 0.016992
v 0.471712 -0.110622 0.000000
v 0.475580 -0.093994 -0.013257
v 0.475345 -0.032782 -0.090807
v 0.480763 -0.029541 -0.059778
v 0.483955 -0.027906 -0.029584
v 0.485000 -0.027358 -0.000000
v 0.474221 -0.062049 -0.078885
v 0.478938 -0.055781 -0.052788
v 0.481891 -0.051858 -0.026388
v 0.482907 -0.050439 -0.000000
v 0.471600 -0.089302 -0.065671
v 0.476073 -0.080767 -0.043380
v 0.479029 -0.074265 -0.021370
v 0.480119 -0.071438 -0.000000
v 0.436638 -0.160307 -0.138082
v 0.428311 -0.214582 -0.052059
v 0.423177 -0.216552 -0.081351
v 0.417689 -0.215976 -0.108818
v 0.411477 -0.213375 -0.134829
v 0.440294 -0.187589 -0.064150
v 0.434410 -0.192545 -0.088649
v 0.428459 -0.194385 -0.112593
v 0.422397 -0.193043 -0.135861
v 0.449243 -0.161694 -0.077526
v 0.443013 -0.168989 -0.098363
v 0.436772 -0.173609 -0.118239
v 0.431123 -0.174175 -0.137117
v 0.386847 -0.193589 -0.210057
v 0.402442 -0.170891 -0.203468
v 0.416405 -0.148873 -0.195280
v 0.428817 -0.127207 -0.185477
v 0.396136 -0.202225 -0.185050
v 0.409637 -0.180745 -0.181179
v 0.421935 -0.159928 -0.175343
v 0.433063 -0.140042 -0.167014
v 0.404351 -0.208769 -0.160074
v 0.416222 -0.188316 -0.158657
v 0.426575 -0.168965 -0.155915
v 0.435618 -0.151838 -0.150247
v 0.459284 -0.060673 -0.142523
v 0.460703 -0.086173 -0.123760
v 0.459348 -0.111480 -0.107041
v 0.455521 -0.136496 -0.091750
v 0.449980 -0.083363 -0.159636
v 0.452379 -0.103255 -0.141132
v 0.452005 -0.124309 -0.124625
v 0.448898 -0.146200 -0.110303
v 0.439912 -0.105547 -0.173725
v 0.443180 -0.121238 -0.155586
v 0.444036 -0.137514 -0.139455
v 0.442111 -0.154570 -0.126634
v 0.245404 -0.298955 -0.269942
v 0.223966 -0.362734 -0.192958
v 0.212786 -0.352535 -0.221021
v 0.203215 -0.340068 -0.247168
v 0.194648 -0.325633 -0.271627
v 0.246438 -0.344689 -0.203215
v 0.234020 -0.337831 -0.226823
v 0.223558 -0.328097 -0.249682
v 0.215151 -0.315670 -0.271476
v 0.265627 -0.326223 -0.213668
v 0.252471 -0.321979 -0.233940
v 0.241164 -0.315427 -0.253115
v 0.233017 -0.306167 -0.270809
v 0.173854 -0.267615 -0.339333
v 0.203073 -0.262375 -0.329884
v 0.229671 -0.257975 -0.318691
v 0.254122 -0.253864 -0.305933
v 0.179766 -0.289857 -0.317472
v 0.204947 -0.282647 -0.311742
v 0.228655 -0.276773 -0.303506
v 0.250744 -0.272226 -0.292727
v 0.186866 -0.309034 -0.294923
v 0.209010 -0.300484 -0.292175
v 0.229411 -0.293120 -0.287443
v 0.247714 -0.288072 -0.279811
v 0.320343 -0.241805 -0.255913
v 0.309284 -0.265194 -0.244937
v 0.296596 -0.286893 -0.234373
v 0.282178 -0.307118 -0.223983
v 0.299082 -0.245829 -0.274736
v 0.290813 -0.266894 -0.263111
v 0.280601 -0.286643 -0.252171
v 0.268001 -0.304983 -0.242320
v 0.277094 -0.249876 -0.291338
v 0.271358 -0.269099 -0.279169
v 0.264406 -0.286540 -0.267734
v 0.254986 -0.301877 -0.258567
v 0.091184 -0.366582 -0.266333
v 0.166238 -0.388841 -0.191698
v 0.134948 -0.394889 -0.200716
v 0.104655 -0.398330 -0.209944
v 0.074993 -0.399462 -0.219042
v 0.162659 -0.374799 -0.219823
v 0.135333 -0.381605 -0.224460
v 0.108143 -0.385866 -0.230473
v 0.081426 -0.387363 -0.237831
v 0.156991 -0.360386 -0.246031
v 0.132786 -0.368000 -0.247466
v 0.109244 -0.373417 -0.249929
v 0.087156 -0.375606 -0.254568
v -0.015760 -0.388841 -0.247820
v 0.004555 -0.374799 -0.268578
v 0.025372 -0.360386 -0.286619
v 0.046462 -0.345306 -0.302382
v 0.015139 -0.394889 -0.237661
v 0.029533 -0.381605 -0.257085
v 0.045842 -0.368000 -0.274276
v 0.063949 -0.354190 -0.288880
v 0.045362 -0.398330 -0.228228
v 0.055255 -0.385866 -0.246782
v 0.066414 -0.373416 -0.263136
v 0.079813 -0.361666 -0.276019
v 0.115936 -0.293360 -0.338628
v 0.129545 -0.311944 -0.316547
v 0.140603 -0.329279 -0.293900
v 0.149692 -0.345306 -0.270549
v 0.091250 -0.311945 -0.328356
v 0.106091 -0.326100 -0.309874
v 0.118168 -0.340254 -0.290163
v 0.127182 -0.354190 -0.269381
v 0.068277 -0.329279 -0.316203
v 0.084113 -0.340254 -0.300665
v 0.097406 -0.350947 -0.284506
v 0.106384 -0.361666 -0.267826
v -0.031346 -0.298955 -0.355284
v -0.061683 -0.362734 -0.281043
v -0.073510 -0.344689 -0.301877
v -0.082560 -0.326223 -0.321038
v -0.089562 -0.307118 -0.338616
v -0.035257 -0.352535 -0.297509
v -0.048842 -0.337831 -0.314048
v -0.059361 -0.321979 -0.330099
v -0.066735 -0.304983 -0.345542
v -0.011320 -0.340068 -0.313323
v -0.026220 -0.328098 -0.326706
v -0.038337 -0.315427 -0.339305
v -0.046143 -0.301877 -0.351426
v -0.100662 -0.241806 -0.385738
v -0.071803 -0.245829 -0.389106
v -0.043733 -0.249876 -0.390271
v -0.016108 -0.253864 -0.389264
v -0.098513 -0.265194 -0.370689
v -0.072314 -0.266894 -0.375088
v -0.046629 -0.269099 -0.377227
v -0.021554 -0.272226 -0.376696
v -0.094791 -0.286893 -0.355065
v -0.070828 -0.286644 -0.360541
v -0.048086 -0.286541 -0.364097
v -0.027102 -0.288072 -0.364556
v 0.069516 -0.267615 -0.371508
v 0.051194 -0.289857 -0.357120
v 0.031484 -0.309035 -0.342838
v 0.010760 -0.325633 -0.328333
v 0.040026 -0.262375 -0.380163
v 0.027273 -0.282647 -0.366531
v 0.011867 -0.300484 -0.352968
v -0.005921 -0.315670 -0.339648
v 0.011574 -0.257975 -0.385946
v 0.002992 -0.276773 -0.373094
v -0.007569 -0.293120 -0.360520
v -0.020788 -0.306167 -0.349075
v -0.194680 -0.298955 -0.304918
v -0.124157 -0.362734 -0.261779
v -0.155734 -0.352535 -0.260359
v -0.184894 -0.340068 -0.259800
v -0.212053 -0.325633 -0.259626
v -0.127492 -0.344689 -0.285231
v -0.154987 -0.337831 -0.281317
v -0.181128 -0.328097 -0.278938
v -0.205565 -0.315670 -0.278085
v -0.132037 -0.326223 -0.305781
v -0.156417 -0.321979 -0.300171
v -0.179128 -0.315427 -0.295890
v -0.199376 -0.306166 -0.294005
v -0.286328 -0.267614 -0.261779
v -0.267830 -0.262375 -0.285232
v -0.248394 -0.257975 -0.305781
v -0.228053 -0.253864 -0.323909
v -0.262594 -0.289857 -0.260359
v -0.249070 -0.282647 -0.281318
v -0.233491 -0.276772 -0.300171
v -0.215863 -0.272226 -0.316778
v -0.237803 -0.309034 -0.259800
v -0.228206 -0.300484 -0.278938
v -0.217160 -0.293120 -0.295891
v -0.203856 -0.288071 -0.310052
v -0.157463 -0.241805 -0.368222
v -0.149881 -0.265194 -0.354849
v -0.143216 -0.286893 -0.340132
v -0.137259 -0.307118 -0.323908
v -0.182897 -0.245829 -0.354849
v -0.173802 -0.266894 -0.343793
v -0.165994 -0.286643 -0.331195
v -0.160016 -0.304983 -0.316778
v -0.206328 -0.249876 -0.340133
v -0.195906 -0.269099 -0.331195
v -0.186595 -0.286540 -0.321386
v -0.180319 -0.301877 -0.310052
v -0.238720 -0.366581 -0.164603
v -0.140734 -0.388840 -0.209283
v -0.159440 -0.394889 -0.183828
v -0.178049 -0.398329 -0.159337
v -0.196332 -0.399462 -0.135376
v -0.170025 -0.374798 -0.214744
v -0.183115 -0.381605 -0.191513
v -0.197544 -0.385866 -0.168829
v -0.213173 -0.387363 -0.146988
v -0.198040 -0.360386 -0.217727
v -0.206957 -0.367999 -0.196323
v -0.216701 -0.373416 -0.175835
v -0.228175 -0.375606 -0.157332
v -0.253216 -0.388840 -0.062354
v -0.267740 -0.374798 -0.087105
v -0.279386 -0.360385 -0.111469
v -0.288665 -0.345305 -0.135376
v -0.233487 -0.394889 -0.087105
v -0.248504 -0.381605 -0.106099
v -0.260692 -0.367999 -0.126132
v -0.269731 -0.354189 -0.146988
v -0.214695 -0.398329 -0.111469
v -0.230231 -0.385866 -0.126132
v -0.243171 -0.373416 -0.141258
v -0.251941 -0.361666 -0.157332
v -0.303519 -0.293360 -0.209284
v -0.277186 -0.311944 -0.214744
v -0.251074 -0.329279 -0.217727
v -0.224865 -0.345305 -0.218715
v -0.300854 -0.311944 -0.183828
v -0.277747 -0.326100 -0.191513
v -0.254262 -0.340253 -0.196323
v -0.230650 -0.354190 -0.198037
v -0.295775 -0.329279 -0.159337
v -0.275310 -0.340253 -0.168829
v -0.255009 -0.350946 -0.175835
v -0.235519 -0.361666 -0.178783
v -0.365723 -0.298954 -0.081494
v -0.300700 -0.362733 -0.031171
v -0.325233 -0.344688 -0.026934
v -0.347231 -0.326222 -0.024686
v -0.367010 -0.307117 -0.023798
v -0.309035 -0.352534 -0.060111
v -0.329807 -0.337830 -0.052960
v -0.349143 -0.321978 -0.048425
v -0.366897 -0.304982 -0.046542
v -0.317486 -0.340067 -0.086603
v -0.335501 -0.328096 -0.077290
v -0.351871 -0.315426 -0.070246
v -0.366430 -0.301875 -0.066946
v -0.417661 -0.241804 -0.028341
v -0.412119 -0.245828 -0.055429
v -0.404612 -0.249874 -0.081125
v -0.395067 -0.253863 -0.105748
v -0.401917 -0.265193 -0.025629
v -0.398229 -0.266893 -0.050636
v -0.392435 -0.269098 -0.074480
v -0.384154 -0.272225 -0.096949
v -0.385109 -0.286892 -0.024162
v -0.383192 -0.286642 -0.047482
v -0.379728 -0.286539 -0.069108
v -0.373704 -0.288070 -0.088190
v -0.350814 -0.267614 -0.177545
v -0.342057 -0.289856 -0.156562
v -0.333836 -0.309033 -0.134359
v -0.325704 -0.325632 -0.111171
v -0.368600 -0.262374 -0.153602
v -0.358881 -0.282646 -0.137879
v -0.350049 -0.300483 -0.119783
v -0.342198 -0.315669 -0.099611
v -0.383187 -0.257974 -0.129709
v -0.372960 -0.276771 -0.117991
v -0.363623 -0.293119 -0.104574
v -0.356238 -0.306165 -0.089105
v -0.365723 -0.298954 0.081494
v -0.300700 -0.362733 0.031171
v -0.309035 -0.352534 0.060111
v -0.317486 -0.340067 0.086603
v -0.325704 -0.325632 0.111171
v -0.325233 -0.344688 0.026934
v -0.329807 -0.337830 0.052960
v -0.335501 -0.328096 0.077290
v -0.342198 -0.315669 0.099611
v -0.347231 -0.326222 0.024686
v -0.349143 -0.321978 0.048425
v -0.351871 -0.315426 0.070246
v -0.356238 -0.306165 0.089105
v -0.350814 -0.267614 0.177545
v -0.368600 -0.262374 0.153602
v -0.383187 -0.257974 0.129709
v -0.395067 -0.253863 0.105748
v -0.342057 -0.289856 0.156562
v -0.358881 -0.282646 0.137879
v -0.372960 -0.276771 0.117991
v -0.384154 -0.272225 0.096949
v -0.333836 -0.309033 0.134359
v -0.350049 -0.300483 0.119783
v -0.363623 -0.293119 0.104574
v -0.373704 -0.288070 0.088190
v -0.417661 -0.241804 0.028341
v -0.401917 -0.265192 0.025629
v -0.385109 -0.286892 0.024162
v -0.367010 -0.307117 0.023798
v -0.412119 -0.245828 0.055429
v -0.398229 -0.266893 0.050636
v -0.383192 -0.286642 0.047482
v -0.366897 -0.304982 0.046542
v -0.404612 -0.249874 0.081125
v -0.392435 -0.269098 0.074480
v -0.379728 -0.286539 0.069108
v -0.366430 -0.301875 0.066946
v -0.238720 -0.366581 0.164603
v -0.253216 -0.388840 0.062354
v -0.233487 -0.394889 0.087105
v -0.214695 -0.398329 0.111469
v -0.196332 -0.399462 0.135376
v -0.267740 -0.374798 0.087105
v -0.248504 -0.381605 0.106099
v -0.230231 -0.385866 0.126132
v -0.213173 -0.387363 0.146988
v -0.279386 -0.360385 0.111469
v -0.260692 -0.367999 0.126132
v -0.243171 -0.373416 0.141258
v -0.228175 -0.375606 0.157332
v -0.140734 -0.388840 0.209283
v -0.170025 -0.374798 0.214744
v -0.198040 -0.360386 0.217727
v -0.224865 -0.345305 0.218715
v -0.159440 -0.394889 0.183828
v -0.183115 -0.381605 0.191513
v -0.206957 -0.367999 0.196323
v -0.230650 -0.354190 0.198037
v -0.178049 -0.398329 0.159337
v -0.197544 -0.385866 0.168829
v -0.216701 -0.373416 0.175835
v -0.235519 -0.361666 0.178783
v -0.303519 -0.293360 0.209284
v -0.300854 -0.311944 0.183828
v -0.295775 -0.329279 0.159337
v -0.288665 -0.345305 0.135376
v -0.277186 -0.311944 0.214744
v -0.277747 -0.326100 0.191513
v -0.275310 -0.340253 0.168829
v -0.269731 -0.354189 0.146988
v -0.251074 -0.329279 0.217727
v -0.254262 -0.340253 0.196323
v -0.255009 -0.350946 0.175835
v -0.251941 -0.361666 0.157332
v -0.194680 -0.298955 0.304918
v -0.124157 -0.362734 0.261779
v -0.127492 -0.344689 0.285231
v -0.132037 -0.326223 0.305781
v -0.137259 -0.307118 0.323908
v -0.155734 -0.352535 0.260359
v -0.154987 -0.337831 0.281317
v -0.156417 -0.321979 0.300171
v -0.160016 -0.304983 0.316778
v -0.184894 -0.340068 0.259800
v -0.181128 -0.328097 0.278938
v -0.179128 -0.315427 0.295890
v -0.180319 -0.301877 0.310052
v -0.157463 -0.241805 0.368222
v -0.182897 -0.245829 0.354849
v -0.206328 -0.249876 0.340133
v -0.228053 -0.253864 0.323909
v -0.149881 -0.265194 0.354849
v -0.173802 -0.266894 0.343793
v -0.195906 -0.269099 0.331195
v -0.215863 -0.272226 0.316778
v -0.143216 -0.286893 0.340132
v -0.165994 -0.286643 0.331195
v -0.186595 -0.286540 0.321386
v -0.203856 -0.288071 0.310052
v -0.286328 -0.267614 0.261779
v -0.262594 -0.289857 0.260359
v -0.237803 -0.309034 0.259800
v -0.212053 -0.325633 0.259626
v -0.267830 -0.262375 0.285232
v -0.249070 -0.282647 0.281318
v -0.228206 -0.300484 0.278938
v -0.205565 -0.315670 0.278085
v -0.248394 -0.257975 0.305781
v -0.233491 -0.276772 0.300171
v -0.217160 -0.293120 0.295891
v -0.199376 -0.306166 0.294005
v 0.346349 -0.298955 -0.138082
v 0.393776 -0.267614 -0.052059
v 0.373695 -0.289857 -0.064150
v 0.353293 -0.309034 -0.077526
v 0.332353 -0.325633 -0.091750
v 0.393336 -0.262375 -0.081351
v 0.375735 -0.282647 -0.088649
v 0.357382 -0.300484 -0.098363
v 0.338537 -0.315670 -0.110302
v 0.390339 -0.257974 -0.108818
v 0.374808 -0.276772 -0.112592
v 0.358944 -0.293120 -0.118239
v 0.343389 -0.306166 -0.126634
v 0.262577 -0.362734 -0.142522
v 0.279800 -0.344689 -0.159636
v 0.296205 -0.326223 -0.173725
v 0.311657 -0.307118 -0.185477
v 0.287244 -0.352535 -0.123759
v 0.299620 -0.337831 -0.141132
v 0.312454 -0.321979 -0.155586
v 0.325651 -0.304983 -0.167014
v 0.310488 -0.340068 -0.107040
v 0.319295 -0.328097 -0.124625
v 0.328176 -0.315427 -0.139455
v 0.337911 -0.301877 -0.150246
v 0.355448 -0.241805 -0.210057
v 0.367741 -0.245829 -0.185050
v 0.377582 -0.249875 -0.160074
v 0.385110 -0.253864 -0.134829
v 0.341031 -0.265194 -0.203467
v 0.353535 -0.266894 -0.181179
v 0.363615 -0.269099 -0.158657
v 0.370832 -0.272226 -0.135861
v 0.326524 -0.286893 -0.195279
v 0.339416 -0.286643 -0.175343
v 0.350008 -0.286540 -0.155915
v 0.356952 -0.288071 -0.137117
v 0.295075 -0.366582 -0.000000
v 0.375171 -0.293360 0.000000
v 0.357249 -0.311944 0.019107
v 0.337971 -0.329279 0.036087
v 0.317379 -0.345305 0.051506
v 0.357249 -0.311944 -0.019107
v 0.343314 -0.326100 -0.000000
v 0.327293 -0.340253 0.016992
v 0.309253 -0.354190 0.031549
v 0.337971 -0.329279 -0.036087
v 0.327293 -0.340253 -0.016992
v 0.315209 -0.350947 -0.000000
v 0.301267 -0.361666 0.013257
v 0.243475 -0.388841 0.090806
v 0.242843 -0.394889 0.059777
v 0.242729 -0.398330 0.029584
v 0.242681 -0.399462 0.000000
v 0.270554 -0.374799 0.078885
v 0.266756 -0.381605 0.052788
v 0.264380 -0.385866 0.026388
v 0.263497 -0.387363 0.000000
v 0.295066 -0.360386 0.065671
v 0.289023 -0.368000 0.043380
v 0.284217 -0.373416 0.021370
v 0.282040 -0.375606 0.000000
v 0.243475 -0.388841 -0.090806
v 0.270554 -0.374799 -0.078885
v 0.295066 -0.360386 -0.065671
v 0.317379 -0.345305 -0.051506
v 0.242843 -0.394889 -0.059777
v 0.266756 -0.381605 -0.052788
v 0.289023 -0.368000 -0.043380
v 0.309253 -0.354190 -0.031549
v 0.242729 -0.398330 -0.029584
v 0.264380 -0.385866 -0.026388
v 0.284217 -0.373416 -0.021370
v 0.301267 -0.361666 -0.013257
v 0.146089 -0.444144 -0.000000
v 0.187077 -0.417472 0.090464
v 0.161818 -0.430227 0.078285
v 0.138387 -0.440641 0.064907
v 0.116115 -0.448887 0.050647
v 0.194208 -0.419986 0.059609
v 0.171052 -0.431042 0.052482
v 0.149162 -0.440366 0.042994
v 0.128613 -0.447836 0.031153
v 0.198053 -0.421584 0.029514
v 0.176640 -0.431523 0.026262
v 0.156694 -0.439752 0.021215
v 0.139051 -0.446051 0.013129
v 0.050805 -0.462673 0.000000
v 0.072654 -0.459768 -0.018417
v 0.094371 -0.455205 -0.035205
v 0.116115 -0.448887 -0.050647
v 0.072654 -0.459768 0.018417
v 0.090773 -0.457398 0.000000
v 0.109317 -0.453466 -0.016686
v 0.128613 -0.447836 -0.031153
v 0.094371 -0.455205 0.035205
v 0.109317 -0.453466 0.016686
v 0.123886 -0.450480 0.000000
v 0.139051 -0.446051 -0.013129
v 0.187077 -0.417472 -0.090464
v 0.194208 -0.419986 -0.059609
v 0.198053 -0.421584 -0.029514
v 0.199289 -0.422104 -0.000000
v 0.161818 -0.430227 -0.078285
v 0.171052 -0.431042 -0.052482
v 0.176640 -0.431523 -0.026262
v 0.178566 -0.431650 -0.000000
v 0.138387 -0.440641 -0.064907
v 0.149162 -0.440366 -0.042994
v 0.156694 -0.439752 -0.021215
v 0.159733 -0.439318 -0.000000
v -0.031346 -0.298955 0.355284
v -0.061683 -0.362734 0.281043
v -0.035257 -0.352535 0.297509
v -0.011320 -0.340068 0.313324
v 0.010760 -0.325633 0.328333
v -0.073510 -0.344689 0.301877
v -0.048842 -0.337831 0.314048
v -0.026220 -0.328098 0.326706
v -0.005921 -0.315670 0.339648
v -0.082560 -0.326223 0.321038
v -0.059361 -0.321979 0.330099
v -0.038337 -0.315427 0.339305
v -0.020788 -0.306167 0.349075
v 0.069516 -0.267615 0.371508
v 0.040026 -0.262375 0.380163
v 0.011574 -0.257975 0.385946
v -0.016108 -0.253864 0.389264
v 0.051194 -0.289857 0.357120
v 0.027273 -0.282647 0.366531
v 0.002992 -0.276773 0.373094
v -0.021554 -0.272226 0.376696
v 0.031484 -0.309035 0.342838
v 0.011867 -0.300484 0.352968
v -0.007569 -0.293120 0.360520
v -0.027102 -0.288072 0.364556
v -0.100662 -0.241806 0.385738
v -0.098513 -0.265194 0.370689
v -0.094791 -0.286893 0.355065
v -0.089562 -0.307118 0.338616
v -0.071803 -0.245829 0.389106
v -0.072314 -0.266894 0.375088
v -0.070828 -0.286644 0.360541
v -0.066735 -0.304983 0.345542
v -0.043733 -0.249876 0.390271
v -0.046629 -0.269099 0.377227
v -0.048086 -0.286541 0.364097
v -0.046143 -0.301877 0.351426
v 0.091184 -0.366582 0.266333
v -0.015760 -0.388841 0.247820
v 0.015139 -0.394889 0.237661
v 0.045362 -0.398330 0.228228
v 0.074993 -0.399462 0.219042
v 0.004555 -0.374799 0.268578
v 0.029533 -0.381605 0.257085
v 0.055255 -0.385866 0.246782
v 0.081426 -0.387363 0.237831
v 0.025372 -0.360386 0.286619
v 0.045842 -0.368000 0.274276
v 0.066414 -0.373417 0.263136
v 0.087156 -0.375606 0.254568
v 0.166238 -0.388841 0.191698
v 0.162659 -0.374799 0.219823
v 0.156991 -0.360386 0.246031
v 0.149692 -0.345306 0.270549
v 0.134948 -0.394889 0.200716
v 0.135333 -0.381605 0.224460
v 0.132786 -0.368000 0.247465
v 0.127182 -0.354190 0.269381
v 0.104655 -0.398330 0.209944
v 0.108143 -0.385866 0.230473
v 0.109244 -0.373417 0.249929
v 0.106384 -0.361666 0.267826
v 0.115936 -0.293360 0.338628
v 0.091250 -0.311944 0.328356
v 0.068277 -0.329279 0.316203
v 0.046462 -0.345306 0.302382
v 0.129545 -0.311945 0.316547
v 0.106091 -0.326100 0.309874
v 0.084113 -0.340254 0.300665
v 0.063949 -0.354190 0.288880
v 0.140603 -0.329279 0.293900
v 0.118168 -0.340254 0.290163
v 0.097406 -0.350947 0.284506
v 0.079813 -0.361666 0.276019
v 0.245404 -0.298955 0.269942
v 0.223966 -0.362734 0.192958
v 0.246438 -0.344689 0.203215
v 0.265627 -0.326223 0.213668
v 0.282178 -0.307118 0.223983
v 0.212786 -0.352535 0.221021
v 0.234020 -0.337831 0.226822
v 0.252471 -0.321979 0.233940
v 0.268001 -0.304983 0.242320
v 0.203215 -0.340068 0.247168
v 0.223558 -0.328097 0.249682
v 0.241164 -0.315427 0.253115
v 0.254986 -0.301877 0.258567
v 0.320343 -0.241805 0.255913
v 0.299082 -0.245829 0.274736
v 0.277094 -0.249876 0.291338
v 0.254122 -0.253864 0.305933
v 0.309284 -0.265194 0.244937
v 0.290813 -0.266894 0.263111
v 0.271358 -0.269099 0.279169
v 0.250744 -0.272226 0.292727
v 0.296596 -0.286893 0.234373
v 0.280601 -0.286643 0.252171
v 0.264406 -0.286540 0.267734
v 0.247714 -0.288072 0.279811
v 0.173854 -0.267615 0.339333
v 0.179766 -0.289857 0.317472
v 0.186866 -0.309034 0.294923
v 0.194648 -0.325633 0.271627
v 0.203073 -0.262375 0.329884
v 0.204947 -0.282647 0.311742
v 0.209010 -0.300484 0.292175
v 0.215151 -0.315670 0.271476
v 0.229671 -0.257975 0.318691
v 0.228655 -0.276773 0.303506
v 0.229411 -0.293120 0.287443
v 0.233017 -0.306167 0.270809
vn 0.0404 -0.9906 0.1310
vn 0.0923 -0.9831 0.1579
vn 0.1462 -0.9703 0.1927
vn 0.0134 -0.9827 0.1849
vn 0.0631 -0.9768 0.2045
vn 0.1163 -0.9655 0.2329
vn 0.2648 -0.9058 0.3308
vn 0.2151 -0.9031 0.3717
vn 0.1585 -0.9008 0.4043
vn 0.2361 -0.9292 0.2844
vn 0.1951 -0.9248 0.3267
vn 0.1451 -0.9202 0.3635
vn -0.0296 -0.9023 0.4300
vn -0.0323 -0.9264 0.3752
vn -0.0268 -0.9497 0.3121
vn 0.0333 -0.9009 0.4329
vn 0.0244 -0.9229 0.3843
vn 0.0219 -0.9455 0.3248
vn 0.1961 -0.9517 0.2364
vn 0.1637 -0.9469 0.2767
vn 0.0972 -0.9000 0.4249
vn 0.0854 -0.9195 0.3837
vn -0.0108 -0.9692 0.2462
vn 0.0358 -0.9649 0.2603
vn 0.0845 -0.9580 0.2740
vn 0.1292 -0.9396 0.3169
vn 0.0722 -0.9390 0.3362
vn 0.0151 -0.9987 0.0488
vn 0.0678 -0.9942 0.0839
vn 0.1189 -0.9858 0.1186
vn 0.1719 -0.9725 0.1573
vn -0.0080 -0.9939 0.1099
vn -0.0300 -0.9851 0.1695
vn -0.0513 -0.9710 0.2334
vn 0.3489 -0.8781 0.3275
vn 0.2833 -0.8830 0.3742
vn 0.2271 -0.8843 0.4079
vn 0.1679 -0.8845 0.4353
vn 0.3099 -0.9081 0.2817
vn 0.2706 -0.9320 0.2413
vn 0.2237 -0.9541 0.1991
vn -0.0990 -0.8727 0.4781
vn -0.0931 -0.9037 0.4179
vn -0.0840 -0.9286 0.3615
vn -0.0698 -0.9517 0.2989
vn -0.0204 -0.8791 0.4761
vn 0.0437 -0.8819 0.4694
vn 0.1069 -0.8837 0.4557
vn 0.7057 -0.5573 0.4375
vn 0.6714 -0.6074 0.4247
vn 0.6340 -0.6601 0.4029
vn 0.7332 -0.5628 0.3816
vn 0.6996 -0.6081 0.3752
vn 0.6619 -0.6578 0.3595
vn 0.5421 -0.7904 0.2853
vn 0.5849 -0.7756 0.2374
vn 0.6308 -0.7512 0.1943
vn 0.5664 -0.7558 0.3285
vn 0.6026 -0.7470 0.2807
vn 0.6435 -0.7285 0.2348
vn 0.7697 -0.6266 0.1221
vn 0.7748 -0.6060 0.1802
vn 0.7712 -0.5867 0.2471
vn 0.7255 -0.6745 0.1364
vn 0.7350 -0.6520 0.1863
vn 0.7375 -0.6283 0.2475
vn 0.5975 -0.7115 0.3697
vn 0.6271 -0.7076 0.3256
vn 0.6783 -0.7172 0.1602
vn 0.6899 -0.6953 0.2017
vn 0.7567 -0.5719 0.3169
vn 0.7248 -0.6126 0.3153
vn 0.6895 -0.6531 0.3132
vn 0.6563 -0.7008 0.2796
vn 0.7007 -0.6689 0.2481
vn 0.7071 -0.4969 0.5030
vn 0.6767 -0.5538 0.4852
vn 0.6445 -0.6069 0.4652
vn 0.6084 -0.6607 0.4396
vn 0.7361 -0.5107 0.4441
vn 0.7611 -0.5227 0.3841
vn 0.7829 -0.5350 0.3177
vn 0.4644 -0.8351 0.2948
vn 0.5244 -0.8162 0.2425
vn 0.5726 -0.7949 0.2007
vn 0.6207 -0.7670 0.1624
vn 0.5002 -0.7971 0.3381
vn 0.5336 -0.7586 0.3739
vn 0.5705 -0.7125 0.4086
vn 0.8090 -0.5859 0.0461
vn 0.8119 -0.5723 0.1152
vn 0.8089 -0.5603 0.1785
vn 0.7992 -0.5477 0.2474
vn 0.7585 -0.6476 0.0736
vn 0.7140 -0.6931 0.0986
vn 0.6677 -0.7332 0.1285
vn -0.1058 -0.9911 0.0810
vn -0.1140 -0.9834 0.1414
vn -0.1287 -0.9700 0.2060
vn -0.1630 -0.9841 0.0706
vn -0.1653 -0.9781 0.1266
vn -0.1744 -0.9664 0.1887
vn -0.2165 -0.9046 0.3671
vn -0.2695 -0.9044 0.3309
vn -0.3172 -0.9045 0.2850
vn -0.1835 -0.9281 0.3241
vn -0.2349 -0.9256 0.2967
vn -0.2842 -0.9232 0.2586
vn -0.4007 -0.9103 0.1042
vn -0.3509 -0.9326 0.0841
vn -0.2913 -0.9541 0.0699
vn -0.3835 -0.9081 0.1685
vn -0.3415 -0.9288 0.1441
vn -0.2877 -0.9498 0.1229
vn -0.1526 -0.9509 0.2694
vn -0.1993 -0.9476 0.2497
vn -0.3557 -0.9058 0.2302
vn -0.3216 -0.9244 0.2052
vn -0.2262 -0.9719 0.0655
vn -0.2245 -0.9675 0.1166
vn -0.2217 -0.9602 0.1697
vn -0.2467 -0.9419 0.2280
vn -0.2823 -0.9429 0.1769
vn -0.0394 -0.9988 0.0302
vn -0.0548 -0.9941 0.0939
vn -0.0703 -0.9853 0.1557
vn -0.0887 -0.9713 0.2206
vn -0.1017 -0.9945 0.0259
vn -0.1625 -0.9865 0.0223
vn -0.2271 -0.9737 0.0208
vn -0.1869 -0.8739 0.4487
vn -0.2500 -0.8821 0.3992
vn -0.2986 -0.8861 0.3544
vn -0.3427 -0.8888 0.3042
vn -0.1579 -0.9045 0.3961
vn -0.1338 -0.9291 0.3447
vn -0.1103 -0.9521 0.2851
vn -0.4674 -0.8827 0.0491
vn -0.4095 -0.9116 0.0361
vn -0.3545 -0.9346 0.0277
vn -0.2926 -0.9560 0.0225
vn -0.4407 -0.8885 0.1281
vn -0.4140 -0.8901 0.1906
vn -0.3811 -0.8902 0.2498
vn -0.1058 -0.9911 -0.0810
vn -0.1630 -0.9841 -0.0706
vn -0.2262 -0.9719 -0.0655
vn -0.1140 -0.9834 -0.1414
vn -0.1653 -0.9781 -0.1266
vn -0.2245 -0.9675 -0.1166
vn -0.4007 -0.9103 -0.1042
vn -0.3835 -0.9081 -0.1685
vn -0.3557 -0.9058 -0.2302
vn -0.3509 -0.9326 -0.0841
vn -0.3415 -0.9288 -0.1441
vn -0.3216 -0.9244 -0.2052
vn -0.2165 -0.9046 -0.3671
vn -0.1835 -0.9281 -0.3241
vn -0.1526 -0.9509 -0.2694
vn -0.2694 -0.9044 -0.3309
vn -0.2349 -0.9256 -0.2967
vn -0.1993 -0.9476 -0.2497
vn -0.2913 -0.9541 -0.0699
vn -0.2877 -0.9498 -0.1229
vn -0.3172 -0.9045 -0.2850
vn -0.2842 -0.9232 -0.2586
vn -0.1287 -0.9700 -0.2060
vn -0.1744 -0.9664 -0.1887
vn -0.2217 -0.9602 -0.1697
vn -0.2823 -0.9429 -0.1769
vn -0.2467 -0.9419 -0.2280
vn -0.0394 -0.9988 -0.0302
vn -0.1017 -0.9945 -0.0259
vn -0.1625 -0.9865 -0.0223
vn -0.2271 -0.9737 -0.0208
vn -0.0548 -0.9941 -0.0939
vn -0.0703 -0.9853 -0.1557
vn -0.0887 -0.9713 -0.2206
vn -0.4674 -0.8827 -0.0491
vn -0.4407 -0.8885 -0.1281
vn -0.4140 -0.8901 -0.1906
vn -0.3811 -0.8902 -0.2498
vn -0.4095 -0.9116 -0.0361
vn -0.3545 -0.9346 -0.0277
vn -0.2926 -0.9560 -0.0225
vn -0.1869 -0.8739 -0.4487
vn -0.1579 -0.9045 -0.3961
vn -0.1338 -0.9291 -0.3447
vn -0.1103 -0.9521 -0.2851
vn -0.2500 -0.8821 -0.3992
vn -0.2986 -0.8861 -0.3544
vn -0.3427 -0.8888 -0.3042
vn 0.0404 -0.9906 -0.1310
vn 0.0134 -0.9827 -0.1849
vn -0.0108 -0.9692 -0.2462
vn 0.0923 -0.9831 -0.1579
vn 0.0631 -0.9768 -0.2045
vn 0.0358 -0.9649 -0.2603
vn -0.0296 -0.9023 -0.4300
vn 0.0333 -0.9008 -0.4329
vn 0.0972 -0.9000 -0.4249
vn -0.0323 -0.9264 -0.3752
vn 0.0244 -0.9229 -0.3843
vn 0.0854 -0.9195 -0.3837
vn 0.2648 -0.9058 -0.3308
vn 0.2361 -0.9292 -0.2844
vn 0.1961 -0.9517 -0.2364
vn 0.2151 -0.9031 -0.3717
vn 0.1951 -0.9248 -0.3267
vn 0.1637 -0.9469 -0.2767
vn -0.0268 -0.9497 -0.3121
vn 0.0219 -0.9455 -0.3248
vn 0.1585 -0.9008 -0.4043
vn 0.1451 -0.9202 -0.3635
vn 0.1462 -0.9703 -0.1927
vn 0.1163 -0.9655 -0.2329
vn 0.0845 -0.9580 -0.2740
vn 0.0722 -0.9390 -0.3362
vn 0.1292 -0.9396 -0.3169
vn 0.0151 -0.9987 -0.0488
vn -0.0080 -0.9939 -0.1099
vn -0.0300 -0.9851 -0.1695
vn -0.0513 -0.9710 -0.2334
vn 0.0678 -0.9942 -0.0839
vn 0.1189 -0.9858 -0.1186
vn 0.1719 -0.9725 -0.1573
vn -0.0990 -0.8727 -0.4781
vn -0.0204 -0.8791 -0.4761
vn 0.0437 -0.8819 -0.4694
vn 0.1069 -0.8837 -0.4557
vn -0.0931 -0.9037 -0.4179
vn -0.0840 -0.9286 -0.3615
vn -0.0698 -0.9517 -0.2989
vn 0.3489 -0.8781 -0.3275
vn 0.3099 -0.9081 -0.2817
vn 0.2706 -0.9320 -0.2413
vn 0.2237 -0.9541 -0.1991
vn 0.2833 -0.8830 -0.3742
vn 0.2271 -0.8843 -0.4079
vn 0.1679 -0.8845 -0.4353
vn 0.7941 -0.4187 0.4405
vn 0.8106 -0.4421 0.3840
vn 0.8287 -0.4601 0.3188
vn 0.8257 -0.3655 0.4298
vn 0.8383 -0.3917 0.3794
vn 0.8530 -0.4134 0.3187
vn 0.8847 -0.4496 0.1233
vn 0.9111 -0.3881 0.1386
vn 0.9314 -0.3252 0.1635
vn 0.8676 -0.4628 0.1817
vn 0.8939 -0.4065 0.1888
vn 0.9156 -0.3456 0.2055
vn 0.9418 -0.1623 0.2942
vn 0.9195 -0.2012 0.3376
vn 0.8912 -0.2505 0.3782
vn 0.9466 -0.2104 0.2443
vn 0.9271 -0.2399 0.2880
vn 0.9003 -0.2805 0.3327
vn 0.8483 -0.4674 0.2487
vn 0.8729 -0.4187 0.2503
vn 0.9434 -0.2652 0.1992
vn 0.9273 -0.2872 0.2402
vn 0.8587 -0.3076 0.4100
vn 0.8684 -0.3350 0.3655
vn 0.8758 -0.3631 0.3179
vn 0.8954 -0.3671 0.2521
vn 0.9065 -0.3114 0.2853
vn 0.7399 -0.4453 0.5043
vn 0.7644 -0.4664 0.4451
vn 0.7856 -0.4845 0.3849
vn 0.8057 -0.4995 0.3183
vn 0.7787 -0.3931 0.4890
vn 0.8137 -0.3403 0.4712
vn 0.8482 -0.2830 0.4477
vn 0.8632 -0.5028 0.0463
vn 0.8996 -0.4303 0.0745
vn 0.9238 -0.3694 0.1004
vn 0.9422 -0.3083 0.1314
vn 0.8518 -0.5110 0.1156
vn 0.8395 -0.5131 0.1790
vn 0.8241 -0.5093 0.2479
vn 0.9499 -0.0665 0.3055
vn 0.9296 -0.1187 0.3491
vn 0.9076 -0.1683 0.3846
vn 0.8802 -0.2242 0.4182
vn 0.9588 -0.1336 0.2507
vn 0.9597 -0.1899 0.2070
vn 0.9541 -0.2486 0.1669
vn -0.1473 -0.4054 0.9022
vn -0.0928 -0.4271 0.8994
vn -0.0305 -0.4436 0.8957
vn -0.1282 -0.3528 0.9269
vn -0.0804 -0.3775 0.9225
vn -0.0231 -0.3978 0.9172
vn 0.1557 -0.4320 0.8884
vn 0.1500 -0.3719 0.9161
vn 0.1341 -0.3110 0.9409
vn 0.1001 -0.4450 0.8899
vn 0.1015 -0.3899 0.9152
vn 0.0933 -0.3308 0.9391
vn 0.0243 -0.1549 0.9876
vn -0.0196 -0.1924 0.9811
vn -0.0633 -0.2403 0.9686
vn 0.0688 -0.2007 0.9772
vn 0.0253 -0.2293 0.9730
vn -0.0212 -0.2688 0.9630
vn 0.0363 -0.4500 0.8923
vn 0.0421 -0.4022 0.9146
vn 0.1067 -0.2533 0.9615
vn 0.0666 -0.2746 0.9593
vn -0.1007 -0.2960 0.9499
vn -0.0591 -0.3220 0.9449
vn -0.0157 -0.3487 0.9371
vn 0.0471 -0.3519 0.9349
vn 0.0217 -0.2982 0.9543
vn -0.2205 -0.4336 0.8737
vn -0.1607 -0.4527 0.8771
vn -0.1013 -0.4691 0.8773
vn -0.0370 -0.4825 0.8751
vn -0.1947 -0.3814 0.9037
vn -0.1681 -0.3290 0.9292
vn -0.1368 -0.2727 0.9523
vn 0.2168 -0.4846 0.8475
vn 0.2024 -0.4133 0.8878
vn 0.1867 -0.3539 0.9165
vn 0.1649 -0.2947 0.9413
vn 0.1531 -0.4923 0.8568
vn 0.0943 -0.4945 0.8641
vn 0.0298 -0.4913 0.8705
vn 0.0170 -0.0634 0.9978
vn -0.0266 -0.1134 0.9932
vn -0.0638 -0.1612 0.9849
vn -0.1013 -0.2153 0.9713
vn 0.0667 -0.1274 0.9896
vn 0.1046 -0.1810 0.9779
vn 0.1376 -0.2372 0.9617
vn -0.8960 -0.4224 0.1367
vn -0.8748 -0.4445 0.1925
vn -0.8498 -0.4609 0.2558
vn -0.9149 -0.3684 0.1649
vn -0.8942 -0.3936 0.2133
vn -0.8690 -0.4140 0.2709
vn -0.7774 -0.4455 0.4441
vn -0.8070 -0.3846 0.4481
vn -0.8377 -0.3225 0.4408
vn -0.7986 -0.4601 0.3881
vn -0.8234 -0.4040 0.3984
vn -0.8504 -0.3436 0.3985
vn -0.9246 -0.1621 0.3447
vn -0.9335 -0.2014 0.2968
vn -0.9358 -0.2516 0.2470
vn -0.8980 -0.2094 0.3869
vn -0.9092 -0.2395 0.3406
vn -0.9152 -0.2809 0.2888
vn -0.8233 -0.4664 0.3235
vn -0.8437 -0.4177 0.3373
vn -0.8684 -0.2634 0.4202
vn -0.8804 -0.2860 0.3783
vn -0.9293 -0.3095 0.2014
vn -0.9098 -0.3363 0.2431
vn -0.8868 -0.3635 0.2855
vn -0.8625 -0.3660 0.3496
vn -0.8913 -0.3109 0.3301
vn -0.8911 -0.4510 0.0509
vn -0.8748 -0.4707 0.1144
vn -0.8552 -0.4874 0.1762
vn -0.8312 -0.5005 0.2421
vn -0.9133 -0.3977 0.0877
vn -0.9308 -0.3439 0.1240
vn -0.9441 -0.2855 0.1646
vn -0.7155 -0.4968 0.4912
vn -0.7603 -0.4253 0.4911
vn -0.7943 -0.3653 0.4854
vn -0.8269 -0.3051 0.4723
vn -0.7471 -0.5066 0.4303
vn -0.7748 -0.5103 0.3731
vn -0.8036 -0.5085 0.3093
vn -0.9378 -0.0664 0.3407
vn -0.9484 -0.1189 0.2938
vn -0.9528 -0.1690 0.2521
vn -0.9517 -0.2257 0.2082
vn -0.9115 -0.1330 0.3893
vn -0.8858 -0.1886 0.4240
vn -0.8574 -0.2464 0.4519
vn -0.3868 -0.4082 -0.8269
vn -0.4308 -0.4312 -0.7928
vn -0.4809 -0.4492 -0.7529
vn -0.4169 -0.3558 -0.8364
vn -0.4545 -0.3816 -0.8048
vn -0.4997 -0.4032 -0.7667
vn -0.6343 -0.4408 -0.6351
vn -0.6459 -0.3799 -0.6622
vn -0.6471 -0.3178 -0.6930
vn -0.5880 -0.4531 -0.6700
vn -0.6041 -0.3975 -0.6907
vn -0.6113 -0.3374 -0.7159
vn -0.5811 -0.1578 -0.7984
vn -0.5399 -0.1955 -0.8187
vn -0.4956 -0.2435 -0.8337
vn -0.6129 -0.2048 -0.7631
vn -0.5734 -0.2334 -0.7853
vn -0.5280 -0.2729 -0.8042
vn -0.5353 -0.4570 -0.7104
vn -0.5533 -0.4089 -0.7257
vn -0.6360 -0.2587 -0.7271
vn -0.6005 -0.2799 -0.7491
vn -0.4532 -0.2991 -0.8397
vn -0.4854 -0.3261 -0.8112
vn -0.5175 -0.3538 -0.7791
vn -0.5695 -0.3581 -0.7399
vn -0.5592 -0.3032 -0.7716
vn -0.3098 -0.4347 -0.8456
vn -0.3613 -0.4553 -0.8137
vn -0.4110 -0.4732 -0.7792
vn -0.4636 -0.4882 -0.7394
vn -0.3481 -0.3832 -0.8556
vn -0.3849 -0.3312 -0.8615
vn -0.4243 -0.2751 -0.8627
vn -0.6619 -0.4948 -0.5631
vn -0.6738 -0.4225 -0.6062
vn -0.6775 -0.3620 -0.6402
vn -0.6737 -0.3015 -0.6746
vn -0.6134 -0.5018 -0.6099
vn -0.5679 -0.5029 -0.6516
vn -0.5171 -0.4985 -0.6958
vn -0.5809 -0.0646 -0.8114
vn -0.5410 -0.1152 -0.8331
vn -0.5046 -0.1634 -0.8478
vn -0.4651 -0.2178 -0.8581
vn -0.6185 -0.1300 -0.7749
vn -0.6440 -0.1850 -0.7423
vn -0.6626 -0.2426 -0.7086
vn 0.6354 -0.4138 -0.6519
vn 0.5874 -0.4349 -0.6825
vn 0.5325 -0.4505 -0.7166
vn 0.6338 -0.3602 -0.6845
vn 0.5905 -0.3845 -0.7096
vn 0.5388 -0.4041 -0.7392
vn 0.3719 -0.4347 -0.8202
vn 0.3925 -0.3746 -0.8400
vn 0.4200 -0.3137 -0.8516
vn 0.4192 -0.4490 -0.7891
vn 0.4326 -0.3937 -0.8111
vn 0.4532 -0.3344 -0.8263
vn 0.5397 -0.1574 -0.8270
vn 0.5733 -0.1959 -0.7956
vn 0.6031 -0.2450 -0.7591
vn 0.4960 -0.2034 -0.8442
vn 0.5303 -0.2328 -0.8152
vn 0.5639 -0.2735 -0.7792
vn 0.4742 -0.4555 -0.7535
vn 0.4821 -0.4073 -0.7757
vn 0.4549 -0.2560 -0.8530
vn 0.4873 -0.2781 -0.8278
vn 0.6240 -0.3021 -0.7207
vn 0.5856 -0.3280 -0.7413
vn 0.5441 -0.3543 -0.7605
vn 0.4897 -0.3565 -0.7957
vn 0.5225 -0.3026 -0.7971
vn 0.6808 -0.4433 -0.5831
vn 0.6318 -0.4619 -0.6225
vn 0.5816 -0.4775 -0.6586
vn 0.5259 -0.4898 -0.6954
vn 0.6767 -0.3901 -0.6244
vn 0.6693 -0.3365 -0.6624
vn 0.6563 -0.2788 -0.7011
vn 0.2981 -0.4857 -0.8218
vn 0.3328 -0.4148 -0.8469
vn 0.3621 -0.3557 -0.8616
vn 0.3944 -0.2968 -0.8697
vn 0.3561 -0.4951 -0.7925
vn 0.4092 -0.4988 -0.7640
vn 0.4670 -0.4972 -0.7313
vn 0.5520 -0.0645 -0.8314
vn 0.5863 -0.1155 -0.8018
vn 0.6132 -0.1644 -0.7726
vn 0.6372 -0.2200 -0.7386
vn 0.5049 -0.1291 -0.8535
vn 0.4661 -0.1830 -0.8656
vn 0.4290 -0.2394 -0.8710
vn 0.7497 -0.3295 0.5739
vn 0.7866 -0.2877 0.5463
vn 0.8222 -0.2355 0.5182
vn 0.7331 -0.2865 0.6169
vn 0.7683 -0.2523 0.5882
vn 0.8036 -0.2067 0.5582
vn 0.8831 -0.0483 0.4667
vn 0.8518 -0.0259 0.5232
vn 0.8144 -0.0132 0.5801
vn 0.8722 -0.1089 0.4769
vn 0.8461 -0.0817 0.5267
vn 0.8125 -0.0621 0.5797
vn 0.6830 -0.0475 0.7288
vn 0.6897 -0.1073 0.7161
vn 0.7005 -0.1715 0.6927
vn 0.7281 -0.0257 0.6850
vn 0.7299 -0.0809 0.6787
vn 0.7350 -0.1443 0.6625
vn 0.8520 -0.1736 0.4939
vn 0.8316 -0.1454 0.5361
vn 0.7726 -0.0132 0.6347
vn 0.7717 -0.0619 0.6329
vn 0.7157 -0.2335 0.6582
vn 0.7488 -0.2058 0.6300
vn 0.7816 -0.1764 0.5983
vn 0.8077 -0.1169 0.5779
vn 0.7688 -0.1166 0.6288
vn 0.7235 -0.4121 0.5539
vn 0.7645 -0.3646 0.5317
vn 0.8014 -0.3157 0.5080
vn 0.8366 -0.2601 0.4821
vn 0.7133 -0.3631 0.5994
vn 0.7007 -0.3132 0.6410
vn 0.6854 -0.2570 0.6813
vn 0.9221 -0.0129 0.3868
vn 0.8865 0.0062 0.4628
vn 0.8524 0.0183 0.5225
vn 0.8141 0.0244 0.5802
vn 0.9091 -0.0791 0.4089
vn 0.8920 -0.1379 0.4305
vn 0.8676 -0.1995 0.4555
vn 0.6190 -0.0126 0.7853
vn 0.6360 -0.0774 0.7678
vn 0.6516 -0.1352 0.7464
vn 0.6686 -0.1963 0.7173
vn 0.6802 0.0061 0.7330
vn 0.7276 0.0182 0.6858
vn 0.7726 0.0244 0.6344
vn -0.2791 -0.3211 0.9050
vn -0.2427 -0.2792 0.9290
vn -0.2065 -0.2277 0.9516
vn -0.3227 -0.2799 0.9042
vn -0.2857 -0.2456 0.9263
vn -0.2477 -0.2004 0.9479
vn -0.1425 -0.0464 0.9887
vn -0.2015 -0.0250 0.9792
vn -0.2635 -0.0128 0.9646
vn -0.1548 -0.1047 0.9824
vn -0.2064 -0.0788 0.9753
vn -0.2638 -0.0602 0.9627
vn -0.4404 -0.0469 0.8966
vn -0.4265 -0.1056 0.8983
vn -0.4017 -0.1685 0.9002
vn -0.3854 -0.0252 0.9224
vn -0.3791 -0.0793 0.9219
vn -0.3628 -0.1412 0.9211
vn -0.1759 -0.1673 0.9701
vn -0.2193 -0.1405 0.9655
vn -0.3255 -0.0128 0.9454
vn -0.3242 -0.0603 0.9440
vn -0.3655 -0.2288 0.9022
vn -0.3293 -0.2009 0.9226
vn -0.2903 -0.1715 0.9414
vn -0.2638 -0.1134 0.9579
vn -0.3215 -0.1136 0.9401
vn -0.2698 -0.4023 0.8749
vn -0.2369 -0.3545 0.9046
vn -0.2043 -0.3058 0.9299
vn -0.1704 -0.2510 0.9529
vn -0.3137 -0.3553 0.8806
vn -0.3551 -0.3072 0.8829
vn -0.3964 -0.2528 0.8826
vn -0.0614 -0.0124 0.9980
vn -0.1381 0.0059 0.9904
vn -0.2008 0.0177 0.9795
vn -0.2636 0.0237 0.9643
vn -0.0844 -0.0758 0.9935
vn -0.1083 -0.1323 0.9853
vn -0.1376 -0.1919 0.9717
vn -0.5143 -0.0126 0.8575
vn -0.4922 -0.0768 0.8671
vn -0.4672 -0.1338 0.8740
vn -0.4348 -0.1936 0.8795
vn -0.4451 0.0060 0.8955
vn -0.3863 0.0178 0.9222
vn -0.3253 0.0237 0.9453
vn -0.9422 -0.3350 -0.0000
vn -0.9553 -0.2920 0.0459
vn -0.9668 -0.2386 0.0912
vn -0.9553 -0.2920 -0.0459
vn -0.9665 -0.2567 -0.0000
vn -0.9766 -0.2099 0.0469
vn -0.9841 -0.0488 0.1709
vn -0.9940 -0.0263 0.1057
vn -0.9993 -0.0134 0.0357
vn -0.9816 -0.1100 0.1560
vn -0.9916 -0.0828 0.0993
vn -0.9974 -0.0632 0.0348
vn -0.9841 -0.0488 -0.1709
vn -0.9816 -0.1100 -0.1560
vn -0.9759 -0.1756 -0.1296
vn -0.9940 -0.0263 -0.1057
vn -0.9916 -0.0828 -0.0993
vn -0.9856 -0.1475 -0.0825
vn -0.9759 -0.1756 0.1296
vn -0.9856 -0.1475 0.0825
vn -0.9993 -0.0134 -0.0357
vn -0.9974 -0.0632 -0.0348
vn -0.9668 -0.2386 -0.0912
vn -0.9766 -0.2099 -0.0469
vn -0.9837 -0.1796 -0.0000
vn -0.9923 -0.1189 0.0332
vn -0.9923 -0.1189 -0.0332
vn -0.9082 -0.4185 -0.0000
vn -0.9281 -0.3698 0.0439
vn -0.9436 -0.3197 0.0864
vn -0.9561 -0.2630 0.1295
vn -0.9281 -0.3698 -0.0439
vn -0.9436 -0.3197 -0.0864
vn -0.9561 -0.2630 -0.1295
vn -0.9657 -0.0130 0.2592
vn -0.9843 0.0062 0.1763
vn -0.9941 0.0186 0.1066
vn -0.9991 0.0249 0.0355
vn -0.9691 -0.0796 0.2336
vn -0.9687 -0.1389 0.2057
vn -0.9646 -0.2013 0.1704
vn -0.9657 -0.0130 -0.2592
vn -0.9691 -0.0796 -0.2336
vn -0.9687 -0.1389 -0.2057
vn -0.9646 -0.2013 -0.1704
vn -0.9843 0.0062 -0.1763
vn -0.9941 0.0186 -0.1066
vn -0.9991 0.0249 -0.0355
vn -0.2791 -0.3211 -0.9050
vn -0.3227 -0.2799 -0.9042
vn -0.3655 -0.2288 -0.9022
vn -0.2427 -0.2792 -0.9290
vn -0.2856 -0.2456 -0.9263
vn -0.3293 -0.2009 -0.9226
vn -0.4404 -0.0469 -0.8966
vn -0.3854 -0.0252 -0.9224
vn -0.3255 -0.0128 -0.9454
vn -0.4265 -0.1056 -0.8983
vn -0.3791 -0.0793 -0.9219
vn -0.3242 -0.0603 -0.9440
vn -0.1425 -0.0464 -0.9887
vn -0.1548 -0.1047 -0.9824
vn -0.1759 -0.1673 -0.9701
vn -0.2015 -0.0250 -0.9792
vn -0.2064 -0.0789 -0.9753
vn -0.2193 -0.1405 -0.9655
vn -0.4017 -0.1685 -0.9002
vn -0.3628 -0.1412 -0.9211
vn -0.2635 -0.0128 -0.9646
vn -0.2638 -0.0602 -0.9627
vn -0.2065 -0.2277 -0.9516
vn -0.2477 -0.2004 -0.9479
vn -0.2903 -0.1715 -0.9414
vn -0.3215 -0.1136 -0.9401
vn -0.2638 -0.1134 -0.9579
vn -0.2698 -0.4023 -0.8749
vn -0.3137 -0.3553 -0.8806
vn -0.3551 -0.3072 -0.8829
vn -0.3964 -0.2528 -0.8826
vn -0.2369 -0.3545 -0.9046
vn -0.2043 -0.3058 -0.9299
vn -0.1704 -0.2510 -0.9529
vn -0.5143 -0.0126 -0.8575
vn -0.4451 0.0060 -0.8955
vn -0.3863 0.0178 -0.9222
vn -0.3253 0.0237 -0.9453
vn -0.4922 -0.0768 -0.8671
vn -0.4672 -0.1338 -0.8740
vn -0.4348 -0.1936 -0.8795
vn -0.0614 -0.0124 -0.9980
vn -0.0844 -0.0758 -0.9935
vn -0.1083 -0.1323 -0.9853
vn -0.1376 -0.1919 -0.9717
vn -0.1381 0.0059 -0.9904
vn -0.2008 0.0177 -0.9795
vn -0.2636 0.0237 -0.9643
vn 0.7497 -0.3295 -0.5739
vn 0.7331 -0.2865 -0.6168
vn 0.7157 -0.2335 -0.6582
vn 0.7866 -0.2877 -0.5463
vn 0.7683 -0.2523 -0.5882
vn 0.7488 -0.2058 -0.6300
vn 0.6830 -0.0475 -0.7288
vn 0.7281 -0.0257 -0.6850
vn 0.7726 -0.0132 -0.6347
vn 0.6897 -0.1073 -0.7161
vn 0.7299 -0.0809 -0.6787
vn 0.7717 -0.0619 -0.6329
vn 0.8831 -0.0483 -0.4667
vn 0.8722 -0.1089 -0.4769
vn 0.8520 -0.1736 -0.4939
vn 0.8518 -0.0259 -0.5232
vn 0.8461 -0.0817 -0.5267
vn 0.8316 -0.1454 -0.5361
vn 0.7005 -0.1715 -0.6927
vn 0.7350 -0.1443 -0.6625
vn 0.8144 -0.0132 -0.5801
vn 0.8125 -0.0621 -0.5797
vn 0.8222 -0.2355 -0.5182
vn 0.8036 -0.2067 -0.5582
vn 0.7816 -0.1764 -0.5983
vn 0.7688 -0.1166 -0.6288
vn 0.8077 -0.1169 -0.5779
vn 0.7235 -0.4121 -0.5539
vn 0.7133 -0.3631 -0.5994
vn 0.7007 -0.3132 -0.6410
vn 0.6854 -0.2570 -0.6813
vn 0.7645 -0.3646 -0.5317
vn 0.8014 -0.3157 -0.5080
vn 0.8366 -0.2601 -0.4821
vn 0.6190 -0.0126 -0.7853
vn 0.6802 0.0061 -0.7330
vn 0.7276 0.0182 -0.6858
vn 0.7726 0.0244 -0.6344
vn 0.6360 -0.0774 -0.7678
vn 0.6516 -0.1352 -0.7464
vn 0.6686 -0.1963 -0.7173
vn 0.9221 -0.0129 -0.3868
vn 0.9091 -0.0791 -0.4089
vn 0.8920 -0.1379 -0.4305
vn 0.8676 -0.1995 -0.4555
vn 0.8865 0.0062 -0.4628
vn 0.8524 0.0183 -0.5225
vn 0.8141 0.0244 -0.5802
vn 0.3201 0.5457 0.7745
vn 0.3723 0.5510 0.7468
vn 0.4264 0.5602 0.7102
vn 0.3004 0.5958 0.7449
vn 0.3498 0.5963 0.7226
vn 0.4026 0.6009 0.6906
vn 0.5461 0.6169 0.5667
vn 0.5035 0.6649 0.5517
vn 0.4532 0.7075 0.5423
vn 0.5171 0.5955 0.6148
vn 0.4828 0.6415 0.5962
vn 0.4389 0.6849 0.5816
vn 0.2761 0.7812 0.5599
vn 0.2713 0.7458 0.6084
vn 0.2730 0.7008 0.6591
vn 0.3366 0.7661 0.5475
vn 0.3263 0.7368 0.5921
vn 0.3206 0.6967 0.6417
vn 0.4767 0.5754 0.6645
vn 0.4504 0.6171 0.6452
vn 0.3969 0.7416 0.5409
vn 0.3841 0.7182 0.5802
vn 0.2832 0.6488 0.7063
vn 0.3290 0.6463 0.6885
vn 0.3763 0.6416 0.6684
vn 0.4214 0.6579 0.6242
vn 0.3691 0.6898 0.6228
vn 0.2850 0.4860 0.8262
vn 0.3400 0.4993 0.7969
vn 0.3925 0.5110 0.7647
vn 0.4463 0.5234 0.7258
vn 0.2711 0.5425 0.7951
vn 0.2570 0.5956 0.7611
vn 0.2429 0.6497 0.7203
vn 0.6200 0.5777 0.5309
vn 0.5649 0.6389 0.5222
vn 0.5160 0.6843 0.5153
vn 0.4628 0.7243 0.5111
vn 0.5828 0.5628 0.5861
vn 0.5445 0.5499 0.6334
vn 0.4982 0.5366 0.6811
vn 0.2093 0.8274 0.5212
vn 0.2137 0.7884 0.5769
vn 0.2203 0.7489 0.6250
vn 0.2302 0.7021 0.6739
vn 0.2860 0.8077 0.5156
vn 0.3473 0.7861 0.5113
vn 0.4067 0.7581 0.5098
vn -0.6088 0.5536 0.5682
vn -0.5645 0.5564 0.6098
vn -0.5114 0.5626 0.6496
vn -0.5875 0.6040 0.5386
vn -0.5494 0.6021 0.5794
vn -0.5013 0.6038 0.6198
vn -0.3394 0.6109 0.7153
vn -0.3398 0.6599 0.6701
vn -0.3478 0.7043 0.6189
vn -0.3927 0.5918 0.7039
vn -0.3872 0.6386 0.6651
vn -0.3884 0.6834 0.6182
vn -0.4224 0.7855 0.4523
vn -0.4690 0.7518 0.4636
vn -0.5158 0.7081 0.4822
vn -0.3910 0.7677 0.5076
vn -0.4356 0.7402 0.5123
vn -0.4836 0.7016 0.5233
vn -0.4519 0.5747 0.6822
vn -0.4431 0.6169 0.6505
vn -0.3651 0.7406 0.5641
vn -0.4053 0.7189 0.5647
vn -0.5568 0.6569 0.5083
vn -0.5245 0.6521 0.5474
vn -0.4896 0.6450 0.5868
vn -0.4334 0.6582 0.6155
vn -0.4497 0.6923 0.5644
vn -0.6708 0.4956 0.5517
vn -0.6233 0.5067 0.5956
vn -0.5744 0.5159 0.6356
vn -0.5192 0.5254 0.6741
vn -0.6457 0.5526 0.5270
vn -0.6179 0.6058 0.5012
vn -0.5839 0.6597 0.4731
vn -0.2829 0.5684 0.7726
vn -0.2931 0.6309 0.7184
vn -0.3028 0.6778 0.6700
vn -0.3164 0.7198 0.6179
vn -0.3448 0.5562 0.7561
vn -0.4005 0.5458 0.7360
vn -0.4598 0.5355 0.7083
vn -0.4085 0.8329 0.3733
vn -0.4588 0.7954 0.3960
vn -0.5015 0.7572 0.4184
vn -0.5442 0.7114 0.4448
vn -0.3782 0.8104 0.4474
vn -0.3543 0.7863 0.5062
vn -0.3335 0.7558 0.5635
vn -0.7057 0.5573 -0.4375
vn -0.7332 0.5628 -0.3816
vn -0.7567 0.5719 -0.3169
vn -0.6714 0.6074 -0.4247
vn -0.6996 0.6081 -0.3752
vn -0.7248 0.6126 -0.3153
vn -0.7697 0.6266 -0.1221
vn -0.7255 0.6745 -0.1364
vn -0.6783 0.7172 -0.1602
vn -0.7748 0.6060 -0.1802
vn -0.7350 0.6520 -0.1863
vn -0.6899 0.6953 -0.2017
vn -0.5421 0.7904 -0.2853
vn -0.5664 0.7558 -0.3285
vn -0.5975 0.7115 -0.3697
vn -0.5849 0.7756 -0.2374
vn -0.6026 0.7470 -0.2807
vn -0.6271 0.7076 -0.3256
vn -0.7712 0.5867 -0.2471
vn -0.7375 0.6283 -0.2475
vn -0.6308 0.7512 -0.1943
vn -0.6435 0.7285 -0.2348
vn -0.6340 0.6601 -0.4029
vn -0.6619 0.6578 -0.3595
vn -0.6895 0.6531 -0.3132
vn -0.7007 0.6689 -0.2481
vn -0.6563 0.7008 -0.2796
vn -0.7071 0.4969 -0.5030
vn -0.7361 0.5107 -0.4441
vn -0.7611 0.5227 -0.3841
vn -0.7829 0.5350 -0.3177
vn -0.6767 0.5538 -0.4852
vn -0.6445 0.6069 -0.4652
vn -0.6084 0.6607 -0.4396
vn -0.8090 0.5859 -0.0461
vn -0.7585 0.6476 -0.0736
vn -0.7140 0.6931 -0.0986
vn -0.6677 0.7332 -0.1285
vn -0.8119 0.5723 -0.1152
vn -0.8089 0.5603 -0.1785
vn -0.7992 0.5477 -0.2474
vn -0.4644 0.8351 -0.2948
vn -0.5002 0.7971 -0.3381
vn -0.5336 0.7586 -0.3739
vn -0.5705 0.7125 -0.4086
vn -0.5244 0.8162 -0.2425
vn -0.5726 0.7949 -0.2007
vn -0.6207 0.7670 -0.1624
vn 0.1724 0.5435 -0.8215
vn 0.1146 0.5472 -0.8291
vn 0.0507 0.5547 -0.8305
vn 0.1719 0.5938 -0.7860
vn 0.1194 0.5928 -0.7965
vn 0.0590 0.5957 -0.8011
vn -0.1238 0.6076 -0.7846
vn -0.0983 0.6561 -0.7482
vn -0.0635 0.6998 -0.7115
vn -0.0743 0.5870 -0.8061
vn -0.0573 0.6335 -0.7716
vn -0.0304 0.6778 -0.7346
vn 0.0886 0.7782 -0.6217
vn 0.1195 0.7434 -0.6581
vn 0.1464 0.6988 -0.7002
vn 0.0329 0.7614 -0.6475
vn 0.0659 0.7327 -0.6773
vn 0.0981 0.6931 -0.7141
vn -0.0148 0.5684 -0.8226
vn -0.0044 0.6103 -0.7922
vn -0.0192 0.7353 -0.6775
vn 0.0128 0.7125 -0.7016
vn 0.1644 0.6469 -0.7446
vn 0.1173 0.6429 -0.7569
vn 0.0679 0.6368 -0.7680
vn 0.0072 0.6515 -0.7586
vn 0.0484 0.6848 -0.7271
vn 0.2299 0.4852 -0.8436
vn 0.1687 0.4969 -0.8512
vn 0.1082 0.5071 -0.8551
vn 0.0434 0.5178 -0.8544
vn 0.2239 0.5418 -0.8102
vn 0.2164 0.5950 -0.7741
vn 0.2051 0.6491 -0.7325
vn -0.2017 0.5671 -0.7985
vn -0.1631 0.6289 -0.7602
vn -0.1282 0.6750 -0.7266
vn -0.0883 0.7162 -0.6923
vn -0.1420 0.5532 -0.8209
vn -0.0858 0.5413 -0.8364
vn -0.0229 0.5294 -0.8481
vn 0.1213 0.8261 -0.5504
vn 0.1487 0.7873 -0.5983
vn 0.1702 0.7481 -0.6413
vn 0.1895 0.7014 -0.6871
vn 0.0560 0.8042 -0.5917
vn 0.0042 0.7809 -0.6246
vn -0.0443 0.7513 -0.6584
vn 0.8225 0.5625 -0.0839
vn 0.8111 0.5663 -0.1463
vn 0.7911 0.5734 -0.2128
vn 0.7869 0.6127 -0.0729
vn 0.7801 0.6119 -0.1305
vn 0.7646 0.6145 -0.1944
vn 0.6865 0.6226 -0.3756
vn 0.6599 0.6713 -0.3374
vn 0.6362 0.7151 -0.2897
vn 0.7245 0.6036 -0.3327
vn 0.6966 0.6501 -0.3036
vn 0.6696 0.6943 -0.2637
vn 0.5998 0.7932 -0.1053
vn 0.6447 0.7596 -0.0854
vn 0.6942 0.7162 -0.0714
vn 0.6065 0.7766 -0.1705
vn 0.6460 0.7492 -0.1465
vn 0.6921 0.7108 -0.1255
vn 0.7611 0.5862 -0.2775
vn 0.7346 0.6282 -0.2565
vn 0.6182 0.7506 -0.2334
vn 0.6520 0.7289 -0.2087
vn 0.7435 0.6654 -0.0672
vn 0.7403 0.6616 -0.1197
vn 0.7350 0.6553 -0.1742
vn 0.7055 0.6692 -0.2334
vn 0.6885 0.7024 -0.1807
vn 0.8635 0.5033 -0.0314
vn 0.8513 0.5156 -0.0975
vn 0.8351 0.5258 -0.1616
vn 0.8125 0.5363 -0.2284
vn 0.8278 0.5603 -0.0269
vn 0.7894 0.6135 -0.0230
vn 0.7446 0.6671 -0.0214
vn 0.6732 0.5798 -0.4589
vn 0.6494 0.6424 -0.4069
vn 0.6289 0.6890 -0.3603
vn 0.6095 0.7304 -0.3084
vn 0.7156 0.5680 -0.4066
vn 0.7504 0.5576 -0.3549
vn 0.7836 0.5470 -0.2944
vn 0.5424 0.8387 -0.0493
vn 0.5967 0.8017 -0.0365
vn 0.6448 0.7639 -0.0282
vn 0.6952 0.7184 -0.0230
vn 0.5607 0.8179 -0.1289
vn 0.5753 0.7950 -0.1922
vn 0.5917 0.7656 -0.2525
vn 0.4007 0.9103 -0.1042
vn 0.3835 0.9081 -0.1685
vn 0.3557 0.9058 -0.2302
vn 0.3509 0.9326 -0.0841
vn 0.3415 0.9288 -0.1441
vn 0.3216 0.9244 -0.2052
vn 0.2165 0.9046 -0.3671
vn 0.1835 0.9281 -0.3241
vn 0.1526 0.9509 -0.2694
vn 0.2695 0.9044 -0.3309
vn 0.2349 0.9256 -0.2967
vn 0.1993 0.9476 -0.2497
vn 0.1058 0.9911 -0.0810
vn 0.1630 0.9841 -0.0706
vn 0.2262 0.9719 -0.0655
vn 0.1140 0.9834 -0.1414
vn 0.1653 0.9781 -0.1266
vn 0.2245 0.9675 -0.1166
vn 0.3172 0.9045 -0.2850
vn 0.2842 0.9232 -0.2586
vn 0.1287 0.9700 -0.2060
vn 0.1744 0.9664 -0.1887
vn 0.2913 0.9541 -0.0699
vn 0.2877 0.9498 -0.1229
vn 0.2823 0.9429 -0.1769
vn 0.2467 0.9419 -0.2280
vn 0.2217 0.9602 -0.1697
vn 0.4674 0.8827 -0.0491
vn 0.4407 0.8885 -0.1281
vn 0.4140 0.8901 -0.1906
vn 0.3811 0.8902 -0.2498
vn 0.4095 0.9116 -0.0361
vn 0.3545 0.9346 -0.0277
vn 0.2926 0.9560 -0.0225
vn 0.1869 0.8739 -0.4487
vn 0.1579 0.9045 -0.3961
vn 0.1338 0.9291 -0.3447
vn 0.1103 0.9521 -0.2851
vn 0.2500 0.8821 -0.3992
vn 0.2986 0.8861 -0.3544
vn 0.3427 0.8888 -0.3042
vn 0.0394 0.9988 -0.0302
vn 0.1017 0.9945 -0.0259
vn 0.1625 0.9865 -0.0223
vn 0.2271 0.9737 -0.0208
vn 0.0548 0.9941 -0.0939
vn 0.0703 0.9853 -0.1557
vn 0.0887 0.9713 -0.2206
vn 0.4964 0.8463 -0.1934
vn 0.5219 0.8195 -0.2370
vn 0.5451 0.7882 -0.2857
vn 0.4607 0.8555 -0.2362
vn 0.4875 0.8311 -0.2675
vn 0.5138 0.8012 -0.3067
vn 0.5742 0.6906 -0.4396
vn 0.5280 0.7203 -0.4499
vn 0.4767 0.7514 -0.4562
vn 0.5706 0.7221 -0.3911
vn 0.5314 0.7430 -0.4068
vn 0.4845 0.7677 -0.4194
vn 0.3255 0.8399 -0.4343
vn 0.3539 0.8515 -0.3869
vn 0.3862 0.8593 -0.3353
vn 0.3725 0.8136 -0.4465
vn 0.3903 0.8273 -0.4040
vn 0.4139 0.8384 -0.3547
vn 0.5617 0.7550 -0.3383
vn 0.5296 0.7696 -0.3568
vn 0.4236 0.7833 -0.4551
vn 0.4339 0.7979 -0.4184
vn 0.4226 0.8607 -0.2839
vn 0.4488 0.8397 -0.3057
vn 0.4777 0.8144 -0.3295
vn 0.4927 0.7842 -0.3772
vn 0.4443 0.8131 -0.3763
vn 0.5040 0.8594 -0.0863
vn 0.5287 0.8342 -0.1569
vn 0.5497 0.8078 -0.2127
vn 0.5698 0.7767 -0.2683
vn 0.4702 0.8686 -0.1565
vn 0.4372 0.8741 -0.2115
vn 0.4009 0.8767 -0.2659
vn 0.6297 0.6091 -0.4821
vn 0.5732 0.6623 -0.4825
vn 0.5231 0.7013 -0.4844
vn 0.4697 0.7374 -0.4854
vn 0.6143 0.6640 -0.4264
vn 0.6017 0.7046 -0.3762
vn 0.5872 0.7423 -0.3228
vn 0.2311 0.8501 -0.4733
vn 0.2844 0.8620 -0.4197
vn 0.3245 0.8701 -0.3711
vn 0.3634 0.8753 -0.3191
vn 0.3019 0.8258 -0.4764
vn 0.3585 0.8003 -0.4806
vn 0.4148 0.7704 -0.4842
vn 0.5461 0.6169 -0.5667
vn 0.5171 0.5955 -0.6148
vn 0.4767 0.5754 -0.6645
vn 0.5035 0.6649 -0.5517
vn 0.4828 0.6415 -0.5962
vn 0.4504 0.6171 -0.6452
vn 0.3201 0.5457 -0.7745
vn 0.3004 0.5958 -0.7449
vn 0.2832 0.6488 -0.7063
vn 0.3723 0.5510 -0.7468
vn 0.3498 0.5963 -0.7226
vn 0.3290 0.6463 -0.6885
vn 0.2761 0.7812 -0.5599
vn 0.3366 0.7661 -0.5475
vn 0.3969 0.7416 -0.5409
vn 0.2713 0.7458 -0.6084
vn 0.3263 0.7368 -0.5921
vn 0.3841 0.7182 -0.5802
vn 0.4264 0.5602 -0.7102
vn 0.4026 0.6009 -0.6906
vn 0.2730 0.7008 -0.6591
vn 0.3206 0.6967 -0.6417
vn 0.4532 0.7075 -0.5423
vn 0.4389 0.6849 -0.5816
vn 0.4214 0.6579 -0.6242
vn 0.3763 0.6416 -0.6684
vn 0.3691 0.6898 -0.6228
vn 0.6200 0.5777 -0.5309
vn 0.5828 0.5628 -0.5861
vn 0.5445 0.5498 -0.6334
vn 0.4982 0.5366 -0.6811
vn 0.5649 0.6389 -0.5222
vn 0.5160 0.6843 -0.5153
vn 0.4628 0.7243 -0.5111
vn 0.2850 0.4860 -0.8262
vn 0.2711 0.5425 -0.7951
vn 0.2570 0.5956 -0.7611
vn 0.2429 0.6497 -0.7203
vn 0.3400 0.4993 -0.7969
vn 0.3925 0.5110 -0.7647
vn 0.4463 0.5234 -0.7258
vn 0.2093 0.8274 -0.5212
vn 0.2860 0.8077 -0.5156
vn 0.3473 0.7861 -0.5113
vn 0.4067 0.7581 -0.5098
vn 0.2137 0.7884 -0.5769
vn 0.2203 0.7489 -0.6250
vn 0.2302 0.7021 -0.6739
vn 0.0296 0.9023 -0.4300
vn -0.0333 0.9009 -0.4329
vn -0.0972 0.9000 -0.4249
vn 0.0323 0.9264 -0.3752
vn -0.0244 0.9229 -0.3843
vn -0.0854 0.9195 -0.3837
vn -0.2648 0.9058 -0.3308
vn -0.2361 0.9292 -0.2844
vn -0.1961 0.9517 -0.2364
vn -0.2151 0.9031 -0.3717
vn -0.1951 0.9248 -0.3267
vn -0.1637 0.9469 -0.2767
vn -0.0404 0.9906 -0.1310
vn -0.0134 0.9827 -0.1849
vn 0.0108 0.9692 -0.2462
vn -0.0923 0.9831 -0.1579
vn -0.0631 0.9768 -0.2045
vn -0.0358 0.9649 -0.2603
vn -0.1585 0.9008 -0.4043
vn -0.1451 0.9202 -0.3635
vn -0.1462 0.9703 -0.1927
vn -0.1163 0.9655 -0.2329
vn 0.0268 0.9497 -0.3121
vn -0.0219 0.9455 -0.3248
vn -0.0722 0.9390 -0.3362
vn -0.1292 0.9396 -0.3169
vn -0.0845 0.9580 -0.2740
vn 0.0990 0.8727 -0.4781
vn 0.0204 0.8791 -0.4761
vn -0.0437 0.8819 -0.4694
vn -0.1069 0.8837 -0.4557
vn 0.0931 0.9037 -0.4179
vn 0.0840 0.9286 -0.3615
vn 0.0698 0.9517 -0.2989
vn -0.3489 0.8781 -0.3275
vn -0.3099 0.9081 -0.2817
vn -0.2706 0.9320 -0.2413
vn -0.2237 0.9541 -0.1991
vn -0.2833 0.8830 -0.3742
vn -0.2271 0.8843 -0.4079
vn -0.1679 0.8845 -0.4353
vn -0.0151 0.9987 -0.0488
vn 0.0080 0.9939 -0.1099
vn 0.0300 0.9851 -0.1695
vn 0.0513 0.9710 -0.2334
vn -0.0678 0.9942 -0.0839
vn -0.1189 0.9858 -0.1186
vn -0.1719 0.9725 -0.1573
vn -0.0209 0.8350 -0.5498
vn -0.0519 0.8075 -0.5875
vn -0.0880 0.7760 -0.6246
vn -0.0701 0.8459 -0.5287
vn -0.0897 0.8208 -0.5641
vn -0.1165 0.7904 -0.6014
vn -0.2160 0.6802 -0.7005
vn -0.2400 0.7117 -0.6602
vn -0.2622 0.7450 -0.6134
vn -0.1738 0.7107 -0.6817
vn -0.2003 0.7333 -0.6497
vn -0.2266 0.7601 -0.6091
vn -0.2911 0.8389 -0.4599
vn -0.2389 0.8483 -0.4725
vn -0.1821 0.8539 -0.4875
vn -0.2870 0.8111 -0.5097
vn -0.2428 0.8231 -0.5134
vn -0.1908 0.8322 -0.5206
vn -0.1296 0.7429 -0.6568
vn -0.1562 0.7589 -0.6321
vn -0.2783 0.7789 -0.5620
vn -0.2419 0.7923 -0.5601
vn -0.1245 0.8531 -0.5067
vn -0.1359 0.8314 -0.5388
vn -0.1481 0.8053 -0.5740
vn -0.1861 0.7754 -0.6034
vn -0.2006 0.8061 -0.5567
vn 0.0768 0.8478 -0.5246
vn 0.0214 0.8217 -0.5696
vn -0.0218 0.7947 -0.6066
vn -0.0649 0.7634 -0.6427
vn 0.0040 0.8582 -0.5133
vn -0.0552 0.8652 -0.4984
vn -0.1152 0.8696 -0.4801
vn -0.2362 0.5980 -0.7659
vn -0.2548 0.6529 -0.7133
vn -0.2726 0.6937 -0.6666
vn -0.2909 0.7320 -0.6161
vn -0.1915 0.6519 -0.7337
vn -0.1509 0.6918 -0.7062
vn -0.1079 0.7291 -0.6759
vn -0.3572 0.8535 -0.3794
vn -0.2910 0.8622 -0.4147
vn -0.2340 0.8677 -0.4386
vn -0.1748 0.8705 -0.4602
vn -0.3371 0.8268 -0.4503
vn -0.3226 0.7992 -0.5071
vn -0.3075 0.7672 -0.5629
vn -0.3394 0.6109 -0.7153
vn -0.3927 0.5918 -0.7039
vn -0.4519 0.5747 -0.6822
vn -0.3398 0.6599 -0.6701
vn -0.3872 0.6386 -0.6651
vn -0.4431 0.6169 -0.6505
vn -0.6088 0.5536 -0.5682
vn -0.5875 0.6040 -0.5386
vn -0.5568 0.6569 -0.5083
vn -0.5645 0.5564 -0.6098
vn -0.5494 0.6021 -0.5794
vn -0.5245 0.6521 -0.5474
vn -0.4224 0.7855 -0.4523
vn -0.3910 0.7677 -0.5076
vn -0.3651 0.7406 -0.5641
vn -0.4690 0.7518 -0.4636
vn -0.4356 0.7402 -0.5123
vn -0.4053 0.7189 -0.5647
vn -0.5114 0.5626 -0.6496
vn -0.5013 0.6038 -0.6198
vn -0.5158 0.7081 -0.4822
vn -0.4836 0.7016 -0.5233
vn -0.3478 0.7043 -0.6189
vn -0.3884 0.6834 -0.6182
vn -0.4334 0.6582 -0.6155
vn -0.4896 0.6450 -0.5868
vn -0.4497 0.6923 -0.5644
vn -0.2829 0.5684 -0.7726
vn -0.3448 0.5562 -0.7561
vn -0.4005 0.5458 -0.7360
vn -0.4598 0.5355 -0.7083
vn -0.2931 0.6309 -0.7184
vn -0.3028 0.6778 -0.6700
vn -0.3164 0.7198 -0.6179
vn -0.6708 0.4956 -0.5517
vn -0.6457 0.5526 -0.5270
vn -0.6179 0.6058 -0.5012
vn -0.5839 0.6597 -0.4731
vn -0.6233 0.5067 -0.5956
vn -0.5744 0.5159 -0.6356
vn -0.5192 0.5254 -0.6741
vn -0.4085 0.8329 -0.3733
vn -0.3782 0.8104 -0.4474
vn -0.3543 0.7863 -0.5062
vn -0.3335 0.7558 -0.5635
vn -0.4588 0.7954 -0.3960
vn -0.5015 0.7572 -0.4184
vn -0.5442 0.7114 -0.4448
vn -0.3820 0.9095 -0.1638
vn -0.4046 0.9089 -0.1013
vn -0.4173 0.9081 -0.0342
vn -0.3306 0.9319 -0.1492
vn -0.3569 0.9293 -0.0950
vn -0.3754 0.9263 -0.0333
vn -0.3820 0.9095 0.1638
vn -0.3306 0.9319 0.1492
vn -0.2745 0.9536 0.1238
vn -0.4046 0.9089 0.1013
vn -0.3569 0.9293 0.0950
vn -0.3014 0.9502 0.0788
vn -0.1308 0.9914 -0.0000
vn -0.1712 0.9843 -0.0438
vn -0.2194 0.9717 -0.0871
vn -0.1713 0.9843 0.0438
vn -0.2045 0.9789 -0.0000
vn -0.2468 0.9680 -0.0447
vn -0.4173 0.9081 0.0342
vn -0.3754 0.9263 0.0333
vn -0.2194 0.9717 0.0871
vn -0.2468 0.9680 0.0447
vn -0.2745 0.9536 -0.1238
vn -0.3014 0.9502 -0.0788
vn -0.3276 0.9443 -0.0317
vn -0.3276 0.9443 0.0317
vn -0.2744 0.9616 -0.0000
vn -0.4044 0.8801 -0.2490
vn -0.4277 0.8879 -0.1692
vn -0.4418 0.8912 -0.1024
vn -0.4490 0.8929 -0.0340
vn -0.3506 0.9094 -0.2238
vn -0.3017 0.9329 -0.1968
vn -0.2490 0.9547 -0.1628
vn -0.4044 0.8801 0.2490
vn -0.3506 0.9094 0.2238
vn -0.3017 0.9329 0.1968
vn -0.2490 0.9547 0.1628
vn -0.4277 0.8879 0.1692
vn -0.4418 0.8912 0.1024
vn -0.4490 0.8929 0.0340
vn -0.0488 0.9988 -0.0000
vn -0.0967 0.9944 -0.0420
vn -0.1439 0.9862 -0.0825
vn -0.1952 0.9729 -0.1237
vn -0.0967 0.9944 0.0420
vn -0.1438 0.9862 0.0826
vn -0.1952 0.9729 0.1237
vn -0.5099 0.8469 -0.1510
vn -0.5555 0.8210 -0.1317
vn -0.6024 0.7910 -0.1068
vn -0.5057 0.8575 -0.0945
vn -0.5454 0.8338 -0.0858
vn -0.5894 0.8048 -0.0704
vn -0.7167 0.6974 -0.0000
vn -0.6850 0.7276 0.0373
vn -0.6467 0.7591 0.0746
vn -0.6850 0.7276 -0.0373
vn -0.6623 0.7492 -0.0000
vn -0.6315 0.7744 0.0396
vn -0.5099 0.8469 0.1510
vn -0.5057 0.8575 0.0945
vn -0.5022 0.8641 0.0322
vn -0.5555 0.8210 0.1317
vn -0.5454 0.8338 0.0858
vn -0.5361 0.8436 0.0308
vn -0.6467 0.7591 -0.0746
vn -0.6315 0.7744 -0.0396
vn -0.6024 0.7910 0.1068
vn -0.5894 0.8048 0.0704
vn -0.5022 0.8641 -0.0322
vn -0.5361 0.8436 -0.0308
vn -0.5733 0.8188 -0.0294
vn -0.6133 0.7898 -0.0000
vn -0.5733 0.8188 0.0294
vn -0.4548 0.8572 -0.2418
vn -0.5148 0.8336 -0.2003
vn -0.5639 0.8085 -0.1685
vn -0.6123 0.7788 -0.1362
vn -0.4676 0.8685 -0.1646
vn -0.4725 0.8756 -0.0999
vn -0.4744 0.8797 -0.0333
vn -0.7875 0.6163 -0.0000
vn -0.7415 0.6700 0.0358
vn -0.7014 0.7094 0.0687
vn -0.6582 0.7458 0.1030
vn -0.7415 0.6700 -0.0358
vn -0.7014 0.7094 -0.0687
vn -0.6582 0.7458 -0.1030
vn -0.4548 0.8572 0.2418
vn -0.4676 0.8685 0.1646
vn -0.4725 0.8756 0.0999
vn -0.4744 0.8797 0.0333
vn -0.5148 0.8336 0.2003
vn -0.5639 0.8085 0.1685
vn -0.6123 0.7788 0.1362
vn -0.7698 0.6266 0.1221
vn -0.7748 0.6060 0.1802
vn -0.7712 0.5867 0.2471
vn -0.7255 0.6745 0.1364
vn -0.7350 0.6520 0.1863
vn -0.7375 0.6283 0.2475
vn -0.7057 0.5573 0.4375
vn -0.6714 0.6074 0.4247
vn -0.6340 0.6601 0.4029
vn -0.7332 0.5628 0.3816
vn -0.6996 0.6081 0.3752
vn -0.6619 0.6578 0.3595
vn -0.5421 0.7904 0.2853
vn -0.5849 0.7756 0.2374
vn -0.6308 0.7512 0.1943
vn -0.5664 0.7558 0.3285
vn -0.6026 0.7470 0.2807
vn -0.6435 0.7285 0.2348
vn -0.7567 0.5719 0.3169
vn -0.7248 0.6126 0.3153
vn -0.5975 0.7115 0.3697
vn -0.6271 0.7076 0.3256
vn -0.6783 0.7172 0.1602
vn -0.6899 0.6953 0.2017
vn -0.7007 0.6689 0.2481
vn -0.6895 0.6531 0.3132
vn -0.6563 0.7008 0.2796
vn -0.8090 0.5859 0.0461
vn -0.8119 0.5723 0.1152
vn -0.8089 0.5603 0.1785
vn -0.7992 0.5477 0.2474
vn -0.7585 0.6476 0.0736
vn -0.7140 0.6931 0.0986
vn -0.6677 0.7332 0.1285
vn -0.7071 0.4969 0.5030
vn -0.6767 0.5538 0.4852
vn -0.6445 0.6069 0.4652
vn -0.6084 0.6607 0.4396
vn -0.7361 0.5107 0.4441
vn -0.7611 0.5227 0.3841
vn -0.7829 0.5350 0.3177
vn -0.4644 0.8351 0.2948
vn -0.5244 0.8162 0.2425
vn -0.5726 0.7949 0.2007
vn -0.6207 0.7670 0.1624
vn -0.5002 0.7971 0.3381
vn -0.5336 0.7586 0.3739
vn -0.5705 0.7125 0.4086
vn -0.2648 0.9058 0.3308
vn -0.2151 0.9031 0.3717
vn -0.1585 0.9008 0.4043
vn -0.2361 0.9292 0.2844
vn -0.1951 0.9248 0.3267
vn -0.1451 0.9202 0.3635
vn 0.0296 0.9023 0.4300
vn 0.0323 0.9264 0.3752
vn 0.0268 0.9497 0.3121
vn -0.0333 0.9009 0.4329
vn -0.0244 0.9229 0.3843
vn -0.0219 0.9455 0.3248
vn -0.0404 0.9906 0.1310
vn -0.0923 0.9831 0.1579
vn -0.1462 0.9703 0.1927
vn -0.0134 0.9827 0.1849
vn -0.0631 0.9768 0.2045
vn -0.1163 0.9655 0.2329
vn -0.0972 0.9000 0.4249
vn -0.0854 0.9195 0.3837
vn 0.0108 0.9692 0.2462
vn -0.0358 0.9649 0.2603
vn -0.1961 0.9517 0.2364
vn -0.1637 0.9469 0.2767
vn -0.1292 0.9396 0.3169
vn -0.0722 0.9390 0.3362
vn -0.0845 0.9580 0.2740
vn -0.3489 0.8781 0.3275
vn -0.2833 0.8830 0.3742
vn -0.2271 0.8843 0.4079
vn -0.1679 0.8845 0.4353
vn -0.3099 0.9081 0.2817
vn -0.2706 0.9320 0.2413
vn -0.2237 0.9541 0.1991
vn 0.0990 0.8727 0.4781
vn 0.0931 0.9037 0.4179
vn 0.0840 0.9286 0.3615
vn 0.0698 0.9517 0.2989
vn 0.0204 0.8791 0.4761
vn -0.0437 0.8819 0.4694
vn -0.1069 0.8837 0.4557
vn -0.0151 0.9987 0.0488
vn -0.0678 0.9942 0.0839
vn -0.1189 0.9858 0.1186
vn -0.1719 0.9725 0.1573
vn 0.0080 0.9939 0.1099
vn 0.0300 0.9851 0.1695
vn 0.0513 0.9710 0.2334
vn -0.2911 0.8389 0.4599
vn -0.2870 0.8111 0.5097
vn -0.2783 0.7789 0.5620
vn -0.2389 0.8483 0.4725
vn -0.2428 0.8231 0.5134
vn -0.2419 0.7923 0.5601
vn -0.2160 0.6802 0.7005
vn -0.1738 0.7107 0.6817
vn -0.1296 0.7429 0.6568
vn -0.2400 0.7117 0.6602
vn -0.2003 0.7333 0.6497
vn -0.1562 0.7589 0.6321
vn -0.0209 0.8350 0.5498
vn -0.0701 0.8459 0.5287
vn -0.1245 0.8531 0.5067
vn -0.0519 0.8075 0.5875
vn -0.0897 0.8208 0.5641
vn -0.1359 0.8314 0.5388
vn -0.2622 0.7450 0.6134
vn -0.2266 0.7601 0.6091
vn -0.0880 0.7760 0.6246
vn -0.1165 0.7904 0.6014
vn -0.1821 0.8539 0.4875
vn -0.1908 0.8322 0.5206
vn -0.2006 0.8061 0.5567
vn -0.1861 0.7754 0.6034
vn -0.1481 0.8053 0.5740
vn -0.3572 0.8535 0.3794
vn -0.3371 0.8268 0.4503
vn -0.3226 0.7992 0.5071
vn -0.3075 0.7672 0.5629
vn -0.2910 0.8622 0.4147
vn -0.2340 0.8677 0.4386
vn -0.1748 0.8705 0.4602
vn -0.2362 0.5980 0.7659
vn -0.1915 0.6519 0.7337
vn -0.1509 0.6918 0.7062
vn -0.1079 0.7291 0.6759
vn -0.2548 0.6529 0.7133
vn -0.2726 0.6937 0.6666
vn -0.2909 0.7320 0.6161
vn 0.0768 0.8478 0.5246
vn 0.0040 0.8582 0.5133
vn -0.0552 0.8652 0.4984
vn -0.1152 0.8696 0.4801
vn 0.0214 0.8217 0.5696
vn -0.0218 0.7947 0.6066
vn -0.0649 0.7634 0.6427
vn -0.1238 0.6076 0.7846
vn -0.0743 0.5870 0.8061
vn -0.0148 0.5684 0.8226
vn -0.0983 0.6561 0.7482
vn -0.0573 0.6335 0.7716
vn -0.0044 0.6103 0.7922
vn 0.1724 0.5435 0.8215
vn 0.1719 0.5938 0.7860
vn 0.1644 0.6469 0.7446
vn 0.1146 0.5472 0.8291
vn 0.1194 0.5928 0.7965
vn 0.1173 0.6429 0.7569
vn 0.0886 0.7782 0.6217
vn 0.0329 0.7614 0.6475
vn -0.0192 0.7353 0.6775
vn 0.1195 0.7434 0.6581
vn 0.0659 0.7327 0.6773
vn 0.0128 0.7125 0.7016
vn 0.0507 0.5547 0.8305
vn 0.0590 0.5957 0.8011
vn 0.1464 0.6988 0.7002
vn 0.0981 0.6931 0.7141
vn -0.0635 0.6998 0.7115
vn -0.0304 0.6778 0.7346
vn 0.0072 0.6515 0.7586
vn 0.0679 0.6368 0.7680
vn 0.0484 0.6848 0.7271
vn -0.2017 0.5671 0.7985
vn -0.1420 0.5532 0.8209
vn -0.0858 0.5413 0.8364
vn -0.0229 0.5294 0.8481
vn -0.1631 0.6289 0.7602
vn -0.1282 0.6750 0.7266
vn -0.0883 0.7162 0.6923
vn 0.2299 0.4852 0.8436
vn 0.2239 0.5418 0.8102
vn 0.2164 0.5950 0.7741
vn 0.2051 0.6491 0.7325
vn 0.1687 0.4969 0.8512
vn 0.1082 0.5071 0.8551
vn 0.0434 0.5178 0.8544
vn 0.1212 0.8261 0.5504
vn 0.0560 0.8042 0.5917
vn 0.0042 0.7809 0.6246
vn -0.0443 0.7513 0.6584
vn 0.1487 0.7873 0.5983
vn 0.1702 0.7481 0.6413
vn 0.1895 0.7014 0.6871
vn 0.2165 0.9046 0.3671
vn 0.2695 0.9044 0.3309
vn 0.3172 0.9045 0.2850
vn 0.1835 0.9281 0.3241
vn 0.2349 0.9256 0.2967
vn 0.2842 0.9232 0.2586
vn 0.4007 0.9103 0.1042
vn 0.3509 0.9326 0.0841
vn 0.2913 0.9541 0.0699
vn 0.3835 0.9081 0.1685
vn 0.3415 0.9288 0.1441
vn 0.2877 0.9498 0.1229
vn 0.1058 0.9911 0.0810
vn 0.1140 0.9834 0.1414
vn 0.1287 0.9700 0.2060
vn 0.1630 0.9841 0.0706
vn 0.1653 0.9781 0.1266
vn 0.1744 0.9664 0.1887
vn 0.3557 0.9058 0.2302
vn 0.3216 0.9244 0.2052
vn 0.2262 0.9719 0.0655
vn 0.2245 0.9675 0.1166
vn 0.1526 0.9509 0.2694
vn 0.1993 0.9476 0.2497
vn 0.2467 0.9419 0.2280
vn 0.2823 0.9429 0.1769
vn 0.2217 0.9602 0.1697
vn 0.1869 0.8739 0.4487
vn 0.2500 0.8821 0.3992
vn 0.2986 0.8861 0.3544
vn 0.3427 0.8888 0.3042
vn 0.1579 0.9045 0.3961
vn 0.1338 0.9291 0.3447
vn 0.1103 0.9521 0.2851
vn 0.4674 0.8827 0.0491
vn 0.4095 0.9116 0.0361
vn 0.3545 0.9346 0.0277
vn 0.2926 0.9560 0.0225
vn 0.4407 0.8885 0.1281
vn 0.4140 0.8901 0.1906
vn 0.3811 0.8902 0.2498
vn 0.0394 0.9988 0.0302
vn 0.0548 0.9941 0.0939
vn 0.0703 0.9853 0.1557
vn 0.0887 0.9713 0.2206
vn 0.1017 0.9945 0.0259
vn 0.1625 0.9865 0.0223
vn 0.2271 0.9737 0.0208
vn 0.3255 0.8399 0.4343
vn 0.3725 0.8136 0.4465
vn 0.4236 0.7833 0.4551
vn 0.3539 0.8515 0.3869
vn 0.3903 0.8273 0.4040
vn 0.4339 0.7979 0.4184
vn 0.5742 0.6906 0.4396
vn 0.5706 0.7221 0.3911
vn 0.5617 0.7550 0.3383
vn 0.5280 0.7203 0.4499
vn 0.5314 0.7430 0.4068
vn 0.5296 0.7696 0.3568
vn 0.4964 0.8463 0.1934
vn 0.4607 0.8555 0.2362
vn 0.4226 0.8607 0.2839
vn 0.5219 0.8195 0.2370
vn 0.4875 0.8311 0.2675
vn 0.4488 0.8397 0.3057
vn 0.4767 0.7514 0.4562
vn 0.4845 0.7677 0.4194
vn 0.5451 0.7882 0.2857
vn 0.5138 0.8012 0.3067
vn 0.3862 0.8593 0.3353
vn 0.4139 0.8384 0.3547
vn 0.4443 0.8131 0.3763
vn 0.4927 0.7842 0.3772
vn 0.4777 0.8144 0.3295
vn 0.2311 0.8501 0.4733
vn 0.3019 0.8258 0.4764
vn 0.3585 0.8003 0.4806
vn 0.4148 0.7704 0.4842
vn 0.2844 0.8620 0.4197
vn 0.3245 0.8701 0.3711
vn 0.3634 0.8753 0.3191
vn 0.6297 0.6091 0.4821
vn 0.6143 0.6640 0.4264
vn 0.6017 0.7046 0.3762
vn 0.5872 0.7423 0.3228
vn 0.5732 0.6623 0.4825
vn 0.5231 0.7013 0.4844
vn 0.4697 0.7374 0.4854
vn 0.5040 0.8594 0.0863
vn 0.4702 0.8686 0.1565
vn 0.4372 0.8741 0.2115
vn 0.4009 0.8767 0.2659
vn 0.5287 0.8342 0.1569
vn 0.5497 0.8078 0.2127
vn 0.5698 0.7767 0.2683
vn 0.6865 0.6226 0.3756
vn 0.7245 0.6036 0.3327
vn 0.7611 0.5862 0.2775
vn 0.6599 0.6713 0.3374
vn 0.6966 0.6501 0.3036
vn 0.7346 0.6282 0.2565
vn 0.8225 0.5625 0.0839
vn 0.7869 0.6127 0.0729
vn 0.7435 0.6654 0.0672
vn 0.8111 0.5663 0.1463
vn 0.7801 0.6119 0.1305
vn 0.7403 0.6616 0.1197
vn 0.5998 0.7932 0.1053
vn 0.6065 0.7766 0.1705
vn 0.6182 0.7506 0.2334
vn 0.6447 0.7596 0.0854
vn 0.6460 0.7492 0.1465
vn 0.6520 0.7289 0.2087
vn 0.7911 0.5734 0.2128
vn 0.7646 0.6145 0.1944
vn 0.6942 0.7162 0.0714
vn 0.6921 0.7108 0.1255
vn 0.6362 0.7151 0.2897
vn 0.6696 0.6943 0.2637
vn 0.7055 0.6692 0.2334
vn 0.7350 0.6553 0.1742
vn 0.6885 0.7024 0.1807
vn 0.6732 0.5798 0.4589
vn 0.7156 0.5680 0.4066
vn 0.7504 0.5576 0.3549
vn 0.7836 0.5470 0.2944
vn 0.6494 0.6424 0.4069
vn 0.6289 0.6890 0.3603
vn 0.6095 0.7304 0.3084
vn 0.8635 0.5033 0.0314
vn 0.8278 0.5603 0.0269
vn 0.7894 0.6135 0.0230
vn 0.7446 0.6671 0.0214
vn 0.8513 0.5156 0.0975
vn 0.8351 0.5258 0.1616
vn 0.8125 0.5363 0.2284
vn 0.5424 0.8387 0.0493
vn 0.5607 0.8179 0.1289
vn 0.5753 0.7950 0.1922
vn 0.5917 0.7656 0.2525
vn 0.5967 0.8017 0.0365
vn 0.6448 0.7639 0.0282
vn 0.6952 0.7184 0.0230
vn 0.9246 0.1621 -0.3447
vn 0.8980 0.2094 -0.3869
vn 0.8684 0.2634 -0.4202
vn 0.9335 0.2014 -0.2968
vn 0.9092 0.2395 -0.3406
vn 0.8804 0.2860 -0.3783
vn 0.7774 0.4455 -0.4441
vn 0.7986 0.4601 -0.3881
vn 0.8233 0.4664 -0.3235
vn 0.8070 0.3846 -0.4481
vn 0.8234 0.4040 -0.3984
vn 0.8437 0.4177 -0.3373
vn 0.8960 0.4224 -0.1367
vn 0.9149 0.3684 -0.1649
vn 0.9293 0.3095 -0.2014
vn 0.8748 0.4445 -0.1925
vn 0.8942 0.3936 -0.2133
vn 0.9098 0.3363 -0.2431
vn 0.8377 0.3225 -0.4408
vn 0.8504 0.3436 -0.3985
vn 0.8498 0.4609 -0.2558
vn 0.8690 0.4140 -0.2709
vn 0.9358 0.2516 -0.2470
vn 0.9152 0.2809 -0.2888
vn 0.8913 0.3109 -0.3301
vn 0.8625 0.3660 -0.3496
vn 0.8868 0.3635 -0.2855
vn 0.9378 0.0664 -0.3407
vn 0.9115 0.1330 -0.3893
vn 0.8858 0.1886 -0.4240
vn 0.8574 0.2464 -0.4519
vn 0.9484 0.1189 -0.2938
vn 0.9528 0.1690 -0.2521
vn 0.9517 0.2257 -0.2082
vn 0.7155 0.4968 -0.4912
vn 0.7471 0.5066 -0.4303
vn 0.7748 0.5103 -0.3731
vn 0.8036 0.5085 -0.3093
vn 0.7603 0.4253 -0.4911
vn 0.7943 0.3653 -0.4854
vn 0.8269 0.3051 -0.4723
vn 0.8911 0.4510 -0.0509
vn 0.9133 0.3977 -0.0877
vn 0.9308 0.3439 -0.1240
vn 0.9441 0.2855 -0.1646
vn 0.8748 0.4707 -0.1144
vn 0.8552 0.4874 -0.1762
vn 0.8312 0.5005 -0.2421
vn 0.8729 0.1045 -0.4766
vn 0.8445 0.0954 -0.5269
vn 0.8101 0.0887 -0.5795
vn 0.8571 0.1598 -0.4897
vn 0.8350 0.1441 -0.5310
vn 0.8056 0.1304 -0.5779
vn 0.6896 0.1029 -0.7168
vn 0.6979 0.1578 -0.6986
vn 0.7066 0.2156 -0.6740
vn 0.7298 0.0945 -0.6771
vn 0.7312 0.1429 -0.6671
vn 0.7340 0.1976 -0.6498
vn 0.7395 0.3642 -0.5661
vn 0.7735 0.3223 -0.5457
vn 0.8066 0.2733 -0.5241
vn 0.7290 0.3212 -0.6044
vn 0.7596 0.2913 -0.5815
vn 0.7917 0.2518 -0.5566
vn 0.7709 0.0885 -0.6307
vn 0.7683 0.1300 -0.6268
vn 0.7172 0.2713 -0.6418
vn 0.7442 0.2508 -0.6191
vn 0.8352 0.2178 -0.5050
vn 0.8189 0.1989 -0.5384
vn 0.7990 0.1770 -0.5747
vn 0.7634 0.1765 -0.6213
vn 0.7732 0.2274 -0.5919
vn 0.9180 0.0468 -0.3938
vn 0.8829 0.0539 -0.4664
vn 0.8500 0.0552 -0.5240
vn 0.8127 0.0549 -0.5801
vn 0.8951 0.1156 -0.4306
vn 0.8732 0.1739 -0.4553
vn 0.8474 0.2329 -0.4772
vn 0.6244 0.0457 -0.7798
vn 0.6525 0.1134 -0.7492
vn 0.6699 0.1711 -0.7225
vn 0.6837 0.2299 -0.6926
vn 0.6827 0.0530 -0.7288
vn 0.7283 0.0546 -0.6830
vn 0.7721 0.0547 -0.6331
vn 0.7035 0.4636 -0.5386
vn 0.7488 0.3994 -0.5290
vn 0.7843 0.3460 -0.5149
vn 0.8177 0.2903 -0.4971
vn 0.7066 0.3981 -0.5850
vn 0.7027 0.3438 -0.6229
vn 0.6946 0.2875 -0.6594
vn 0.5811 0.1578 -0.7984
vn 0.5399 0.1955 -0.8187
vn 0.4956 0.2435 -0.8337
vn 0.6129 0.2048 -0.7631
vn 0.5734 0.2334 -0.7853
vn 0.5280 0.2729 -0.8042
vn 0.3868 0.4082 -0.8269
vn 0.4308 0.4312 -0.7928
vn 0.4809 0.4492 -0.7529
vn 0.4169 0.3558 -0.8364
vn 0.4545 0.3816 -0.8048
vn 0.4997 0.4032 -0.7667
vn 0.6343 0.4408 -0.6351
vn 0.6459 0.3799 -0.6622
vn 0.6471 0.3178 -0.6930
vn 0.5880 0.4531 -0.6700
vn 0.6041 0.3975 -0.6907
vn 0.6113 0.3374 -0.7159
vn 0.4532 0.2991 -0.8397
vn 0.4854 0.3261 -0.8112
vn 0.5353 0.4570 -0.7104
vn 0.5533 0.4089 -0.7257
vn 0.6360 0.2587 -0.7271
vn 0.6005 0.2799 -0.7491
vn 0.5592 0.3033 -0.7716
vn 0.5175 0.3538 -0.7791
vn 0.5695 0.3581 -0.7399
vn 0.5809 0.0646 -0.8114
vn 0.5410 0.1152 -0.8331
vn 0.5046 0.1634 -0.8478
vn 0.4651 0.2178 -0.8581
vn 0.6185 0.1300 -0.7749
vn 0.6440 0.1850 -0.7423
vn 0.6626 0.2426 -0.7086
vn 0.3098 0.4347 -0.8456
vn 0.3613 0.4553 -0.8137
vn 0.4110 0.4732 -0.7792
vn 0.4636 0.4882 -0.7394
vn 0.3481 0.3832 -0.8556
vn 0.3849 0.3312 -0.8615
vn 0.4243 0.2751 -0.8627
vn 0.6619 0.4948 -0.5631
vn 0.6738 0.4225 -0.6062
vn 0.6775 0.3620 -0.6402
vn 0.6737 0.3015 -0.6746
vn 0.6134 0.5018 -0.6099
vn 0.5679 0.5029 -0.6516
vn 0.5171 0.4985 -0.6958
vn -0.0243 0.1549 -0.9876
vn -0.0688 0.2007 -0.9772
vn -0.1067 0.2533 -0.9615
vn 0.0196 0.1924 -0.9811
vn -0.0253 0.2293 -0.9730
vn -0.0666 0.2746 -0.9593
vn -0.1557 0.4320 -0.8884
vn -0.1001 0.4450 -0.8899
vn -0.0363 0.4500 -0.8923
vn -0.1500 0.3719 -0.9161
vn -0.1015 0.3899 -0.9152
vn -0.0421 0.4022 -0.9146
vn 0.1473 0.4054 -0.9022
vn 0.1282 0.3528 -0.9269
vn 0.1007 0.2960 -0.9499
vn 0.0928 0.4271 -0.8994
vn 0.0804 0.3775 -0.9225
vn 0.0591 0.3220 -0.9449
vn -0.1341 0.3110 -0.9409
vn -0.0933 0.3308 -0.9391
vn 0.0305 0.4436 -0.8957
vn 0.0231 0.3978 -0.9172
vn 0.0633 0.2403 -0.9686
vn 0.0212 0.2688 -0.9630
vn -0.0217 0.2982 -0.9543
vn -0.0471 0.3519 -0.9349
vn 0.0157 0.3487 -0.9371
vn -0.0170 0.0634 -0.9978
vn -0.0667 0.1274 -0.9896
vn -0.1046 0.1810 -0.9779
vn -0.1376 0.2372 -0.9617
vn 0.0266 0.1134 -0.9932
vn 0.0638 0.1612 -0.9849
vn 0.1013 0.2153 -0.9713
vn -0.2168 0.4846 -0.8475
vn -0.1531 0.4923 -0.8568
vn -0.0943 0.4945 -0.8641
vn -0.0298 0.4913 -0.8705
vn -0.2024 0.4133 -0.8878
vn -0.1867 0.3539 -0.9165
vn -0.1649 0.2947 -0.9413
vn 0.2205 0.4336 -0.8737
vn 0.1947 0.3814 -0.9037
vn 0.1681 0.3290 -0.9292
vn 0.1368 0.2727 -0.9523
vn 0.1607 0.4527 -0.8771
vn 0.1013 0.4691 -0.8773
vn 0.0370 0.4825 -0.8751
vn -0.1543 0.1005 -0.9829
vn -0.2072 0.0920 -0.9740
vn -0.2644 0.0860 -0.9606
vn -0.1706 0.1540 -0.9732
vn -0.2137 0.1392 -0.9669
vn -0.2645 0.1265 -0.9561
vn -0.4272 0.1013 -0.8985
vn -0.4079 0.1551 -0.8997
vn -0.3827 0.2116 -0.8993
vn -0.3778 0.0925 -0.9213
vn -0.3683 0.1399 -0.9191
vn -0.3518 0.1932 -0.9159
vn -0.2755 0.3552 -0.8933
vn -0.2464 0.3132 -0.9172
vn -0.2167 0.2646 -0.9397
vn -0.3129 0.3139 -0.8964
vn -0.2826 0.2837 -0.9163
vn -0.2501 0.2443 -0.9369
vn -0.3226 0.0862 -0.9426
vn -0.3199 0.1267 -0.9389
vn -0.3503 0.2657 -0.8982
vn -0.3210 0.2449 -0.9149
vn -0.1909 0.2103 -0.9588
vn -0.2254 0.1925 -0.9551
vn -0.2637 0.1717 -0.9492
vn -0.3167 0.1720 -0.9328
vn -0.2874 0.2213 -0.9319
vn -0.0687 0.0447 -0.9966
vn -0.1423 0.0518 -0.9885
vn -0.2028 0.0532 -0.9778
vn -0.2640 0.0532 -0.9630
vn -0.1075 0.1109 -0.9880
vn -0.1357 0.1671 -0.9765
vn -0.1628 0.2245 -0.9608
vn -0.5073 0.0454 -0.8606
vn -0.4695 0.1122 -0.8758
vn -0.4391 0.1687 -0.8824
vn -0.4073 0.2262 -0.8848
vn -0.4404 0.0523 -0.8963
vn -0.3836 0.0535 -0.9220
vn -0.3243 0.0533 -0.9445
vn -0.2627 0.4532 -0.8518
vn -0.2395 0.3888 -0.8896
vn -0.2158 0.3357 -0.9169
vn -0.1895 0.2807 -0.9409
vn -0.3030 0.3896 -0.8697
vn -0.3382 0.3370 -0.8787
vn -0.3736 0.2823 -0.8836
vn -0.5397 0.1574 -0.8270
vn -0.5733 0.1959 -0.7956
vn -0.6031 0.2450 -0.7591
vn -0.4960 0.2034 -0.8442
vn -0.5303 0.2328 -0.8152
vn -0.5639 0.2735 -0.7792
vn -0.6354 0.4138 -0.6519
vn -0.5874 0.4349 -0.6825
vn -0.5325 0.4505 -0.7166
vn -0.6338 0.3602 -0.6845
vn -0.5905 0.3845 -0.7096
vn -0.5388 0.4041 -0.7392
vn -0.3719 0.4347 -0.8202
vn -0.3925 0.3746 -0.8400
vn -0.4200 0.3137 -0.8516
vn -0.4192 0.4490 -0.7891
vn -0.4326 0.3937 -0.8111
vn -0.4532 0.3344 -0.8263
vn -0.6240 0.3021 -0.7207
vn -0.5856 0.3280 -0.7413
vn -0.4742 0.4555 -0.7535
vn -0.4821 0.4073 -0.7757
vn -0.4549 0.2560 -0.8530
vn -0.4873 0.2781 -0.8278
vn -0.5225 0.3026 -0.7971
vn -0.5441 0.3543 -0.7605
vn -0.4897 0.3565 -0.7957
vn -0.5520 0.0645 -0.8314
vn -0.5863 0.1155 -0.8018
vn -0.6132 0.1644 -0.7726
vn -0.6372 0.2200 -0.7386
vn -0.5049 0.1291 -0.8535
vn -0.4661 0.1830 -0.8656
vn -0.4290 0.2394 -0.8710
vn -0.6808 0.4433 -0.5831
vn -0.6318 0.4619 -0.6225
vn -0.5816 0.4775 -0.6586
vn -0.5259 0.4898 -0.6954
vn -0.6767 0.3901 -0.6244
vn -0.6693 0.3365 -0.6624
vn -0.6563 0.2788 -0.7011
vn -0.2981 0.4857 -0.8218
vn -0.3328 0.4148 -0.8469
vn -0.3621 0.3557 -0.8616
vn -0.3944 0.2968 -0.8697
vn -0.3561 0.4951 -0.7925
vn -0.4092 0.4988 -0.7640
vn -0.4670 0.4972 -0.7313
vn -0.9419 0.1623 -0.2942
vn -0.9466 0.2104 -0.2443
vn -0.9434 0.2652 -0.1992
vn -0.9195 0.2012 -0.3376
vn -0.9271 0.2399 -0.2880
vn -0.9273 0.2872 -0.2402
vn -0.8847 0.4496 -0.1233
vn -0.8676 0.4628 -0.1817
vn -0.8483 0.4674 -0.2487
vn -0.9111 0.3881 -0.1386
vn -0.8939 0.4065 -0.1888
vn -0.8729 0.4188 -0.2503
vn -0.7941 0.4187 -0.4405
vn -0.8257 0.3655 -0.4298
vn -0.8587 0.3076 -0.4100
vn -0.8107 0.4421 -0.3840
vn -0.8382 0.3917 -0.3794
vn -0.8684 0.3350 -0.3655
vn -0.9314 0.3252 -0.1636
vn -0.9156 0.3456 -0.2055
vn -0.8287 0.4601 -0.3188
vn -0.8530 0.4134 -0.3187
vn -0.8912 0.2505 -0.3782
vn -0.9003 0.2805 -0.3327
vn -0.9065 0.3114 -0.2853
vn -0.8954 0.3671 -0.2521
vn -0.8758 0.3631 -0.3179
vn -0.9499 0.0665 -0.3055
vn -0.9588 0.1336 -0.2507
vn -0.9597 0.1899 -0.2070
vn -0.9541 0.2486 -0.1669
vn -0.9296 0.1187 -0.3491
vn -0.9076 0.1683 -0.3846
vn -0.8802 0.2242 -0.4182
vn -0.8632 0.5028 -0.0463
vn -0.8518 0.5110 -0.1156
vn -0.8395 0.5131 -0.1790
vn -0.8241 0.5093 -0.2479
vn -0.8996 0.4303 -0.0745
vn -0.9238 0.3694 -0.1004
vn -0.9422 0.3083 -0.1314
vn -0.7399 0.4453 -0.5043
vn -0.7787 0.3931 -0.4890
vn -0.8137 0.3403 -0.4712
vn -0.8482 0.2830 -0.4477
vn -0.7644 0.4664 -0.4451
vn -0.7856 0.4845 -0.3849
vn -0.8057 0.4995 -0.3183
vn -0.9820 0.1055 -0.1566
vn -0.9905 0.0966 -0.0981
vn -0.9954 0.0903 -0.0335
vn -0.9774 0.1616 -0.1362
vn -0.9853 0.1461 -0.0888
vn -0.9907 0.1326 -0.0319
vn -0.9820 0.1055 0.1566
vn -0.9774 0.1616 0.1362
vn -0.9692 0.2205 0.1101
vn -0.9905 0.0966 0.0981
vn -0.9853 0.1461 0.0888
vn -0.9767 0.2018 0.0726
vn -0.9290 0.3702 -0.0000
vn -0.9442 0.3272 -0.0381
vn -0.9578 0.2770 -0.0766
vn -0.9442 0.3272 0.0381
vn -0.9551 0.2963 -0.0000
vn -0.9659 0.2557 -0.0407
vn -0.9954 0.0903 0.0335
vn -0.9907 0.1326 0.0319
vn -0.9578 0.2770 0.0766
vn -0.9659 0.2557 0.0407
vn -0.9692 0.2205 -0.1101
vn -0.9767 0.2018 -0.0726
vn -0.9832 0.1800 -0.0304
vn -0.9832 0.1800 0.0304
vn -0.9728 0.2315 -0.0000
vn -0.9668 0.0470 -0.2511
vn -0.9837 0.0544 -0.1711
vn -0.9930 0.0559 -0.1039
vn -0.9978 0.0558 -0.0347
vn -0.9713 0.1165 -0.2074
vn -0.9690 0.1754 -0.1740
vn -0.9618 0.2353 -0.1402
vn -0.9668 0.0470 0.2511
vn -0.9713 0.1165 0.2074
vn -0.9690 0.1754 0.1740
vn -0.9618 0.2353 0.1402
vn -0.9837 0.0544 0.1711
vn -0.9930 0.0559 0.1039
vn -0.9978 0.0558 0.0347
vn -0.8824 0.4704 -0.0000
vn -0.9136 0.4050 -0.0363
vn -0.9339 0.3506 -0.0701
vn -0.9500 0.2938 -0.1055
vn -0.9136 0.4050 0.0363
vn -0.9339 0.3506 0.0701
vn -0.9500 0.2938 0.1055
vn -0.9418 0.1623 0.2942
vn -0.9195 0.2012 0.3376
vn -0.8912 0.2505 0.3782
vn -0.9466 0.2104 0.2443
vn -0.9271 0.2399 0.2880
vn -0.9003 0.2805 0.3327
vn -0.7941 0.4187 0.4405
vn -0.8106 0.4421 0.3840
vn -0.8287 0.4601 0.3188
vn -0.8257 0.3655 0.4298
vn -0.8383 0.3917 0.3794
vn -0.8530 0.4134 0.3187
vn -0.8847 0.4496 0.1233
vn -0.9111 0.3881 0.1386
vn -0.9314 0.3252 0.1636
vn -0.8676 0.4628 0.1817
vn -0.8939 0.4065 0.1888
vn -0.9156 0.3456 0.2055
vn -0.8587 0.3076 0.4100
vn -0.8684 0.3350 0.3655
vn -0.8483 0.4674 0.2487
vn -0.8729 0.4187 0.2503
vn -0.9434 0.2652 0.1992
vn -0.9273 0.2872 0.2402
vn -0.9065 0.3114 0.2853
vn -0.8758 0.3631 0.3179
vn -0.8954 0.3671 0.2521
vn -0.9499 0.0665 0.3055
vn -0.9296 0.1187 0.3491
vn -0.9076 0.1683 0.3846
vn -0.8802 0.2242 0.4182
vn -0.9588 0.1336 0.2507
vn -0.9597 0.1899 0.2070
vn -0.9541 0.2486 0.1669
vn -0.7399 0.4453 0.5043
vn -0.7644 0.4664 0.4451
vn -0.7856 0.4845 0.3849
vn -0.8057 0.4995 0.3183
vn -0.7787 0.3931 0.4890
vn -0.8137 0.3403 0.4712
vn -0.8482 0.2830 0.4477
vn -0.8632 0.5028 0.0463
vn -0.8996 0.4303 0.0745
vn -0.9238 0.3694 0.1004
vn -0.9422 0.3083 0.1314
vn -0.8518 0.5110 0.1156
vn -0.8395 0.5131 0.1790
vn -0.8241 0.5093 0.2479
vn -0.5397 0.1574 0.8270
vn -0.4960 0.2034 0.8442
vn -0.4549 0.2560 0.8530
vn -0.5733 0.1959 0.7956
vn -0.5303 0.2328 0.8152
vn -0.4873 0.2781 0.8278
vn -0.3719 0.4347 0.8202
vn -0.4192 0.4490 0.7891
vn -0.4742 0.4555 0.7535
vn -0.3925 0.3746 0.8400
vn -0.4326 0.3937 0.8111
vn -0.4821 0.4073 0.7757
vn -0.6354 0.4138 0.6519
vn -0.6338 0.3602 0.6845
vn -0.6240 0.3021 0.7207
vn -0.5874 0.4349 0.6825
vn -0.5905 0.3845 0.7096
vn -0.5856 0.3280 0.7413
vn -0.4200 0.3137 0.8516
vn -0.4532 0.3344 0.8263
vn -0.5325 0.4505 0.7166
vn -0.5388 0.4041 0.7392
vn -0.6031 0.2450 0.7591
vn -0.5639 0.2735 0.7792
vn -0.5225 0.3026 0.7971
vn -0.4897 0.3565 0.7957
vn -0.5441 0.3543 0.7605
vn -0.5520 0.0645 0.8314
vn -0.5049 0.1291 0.8535
vn -0.4661 0.1830 0.8656
vn -0.4290 0.2394 0.8710
vn -0.5863 0.1155 0.8018
vn -0.6132 0.1644 0.7726
vn -0.6372 0.2200 0.7386
vn -0.2981 0.4857 0.8218
vn -0.3561 0.4951 0.7925
vn -0.4092 0.4988 0.7640
vn -0.4670 0.4971 0.7313
vn -0.3328 0.4148 0.8469
vn -0.3621 0.3557 0.8616
vn -0.3944 0.2968 0.8697
vn -0.6808 0.4433 0.5831
vn -0.6767 0.3901 0.6244
vn -0.6693 0.3365 0.6624
vn -0.6563 0.2788 0.7011
vn -0.6318 0.4619 0.6225
vn -0.5816 0.4775 0.6586
vn -0.5259 0.4898 0.6954
vn -0.4272 0.1013 0.8985
vn -0.3778 0.0925 0.9213
vn -0.3226 0.0862 0.9426
vn -0.4079 0.1551 0.8997
vn -0.3683 0.1399 0.9191
vn -0.3199 0.1267 0.9389
vn -0.1543 0.1005 0.9829
vn -0.1706 0.1540 0.9732
vn -0.1909 0.2103 0.9588
vn -0.2072 0.0920 0.9740
vn -0.2137 0.1392 0.9669
vn -0.2254 0.1925 0.9551
vn -0.2755 0.3552 0.8933
vn -0.3129 0.3139 0.8964
vn -0.3503 0.2657 0.8982
vn -0.2464 0.3132 0.9172
vn -0.2826 0.2837 0.9163
vn -0.3210 0.2449 0.9149
vn -0.2644 0.0860 0.9606
vn -0.2645 0.1265 0.9561
vn -0.2167 0.2646 0.9397
vn -0.2501 0.2443 0.9369
vn -0.3827 0.2116 0.8993
vn -0.3518 0.1932 0.9159
vn -0.3167 0.1720 0.9328
vn -0.2637 0.1717 0.9492
vn -0.2874 0.2213 0.9319
vn -0.5073 0.0454 0.8606
vn -0.4404 0.0523 0.8963
vn -0.3836 0.0535 0.9220
vn -0.3243 0.0533 0.9445
vn -0.4695 0.1122 0.8758
vn -0.4391 0.1687 0.8824
vn -0.4073 0.2262 0.8848
vn -0.0687 0.0447 0.9966
vn -0.1075 0.1109 0.9880
vn -0.1357 0.1671 0.9765
vn -0.1628 0.2245 0.9608
vn -0.1423 0.0518 0.9885
vn -0.2028 0.0532 0.9778
vn -0.2640 0.0532 0.9630
vn -0.2627 0.4532 0.8518
vn -0.3030 0.3895 0.8697
vn -0.3382 0.3370 0.8787
vn -0.3736 0.2823 0.8836
vn -0.2395 0.3888 0.8896
vn -0.2158 0.3357 0.9169
vn -0.1895 0.2807 0.9409
vn -0.0243 0.1549 0.9876
vn 0.0196 0.1924 0.9811
vn 0.0633 0.2403 0.9686
vn -0.0688 0.2007 0.9772
vn -0.0253 0.2293 0.9730
vn 0.0212 0.2688 0.9630
vn 0.1473 0.4054 0.9022
vn 0.0928 0.4271 0.8994
vn 0.0305 0.4436 0.8957
vn 0.1282 0.3528 0.9269
vn 0.0804 0.3775 0.9225
vn 0.0231 0.3978 0.9172
vn -0.1557 0.4320 0.8884
vn -0.1500 0.3719 0.9161
vn -0.1341 0.3110 0.9409
vn -0.1001 0.4450 0.8899
vn -0.1015 0.3899 0.9152
vn -0.0933 0.3308 0.9391
vn 0.1007 0.2960 0.9499
vn 0.0591 0.3220 0.9449
vn -0.0363 0.4500 0.8923
vn -0.0421 0.4022 0.9146
vn -0.1067 0.2533 0.9615
vn -0.0666 0.2746 0.9593
vn -0.0217 0.2982 0.9543
vn 0.0157 0.3487 0.9371
vn -0.0471 0.3519 0.9349
vn -0.0170 0.0634 0.9978
vn 0.0266 0.1134 0.9932
vn 0.0638 0.1612 0.9849
vn 0.1013 0.2153 0.9713
vn -0.0667 0.1274 0.9896
vn -0.1046 0.1810 0.9779
vn -0.1376 0.2372 0.9617
vn 0.2205 0.4336 0.8737
vn 0.1607 0.4527 0.8771
vn 0.1013 0.4691 0.8773
vn 0.0370 0.4825 0.8751
vn 0.1947 0.3814 0.9037
vn 0.1681 0.3290 0.9292
vn 0.1368 0.2727 0.9523
vn -0.2168 0.4846 0.8475
vn -0.2024 0.4133 0.8878
vn -0.1867 0.3539 0.9165
vn -0.1649 0.2947 0.9413
vn -0.1531 0.4923 0.8568
vn -0.0943 0.4945 0.8641
vn -0.0298 0.4913 0.8705
vn 0.5811 0.1578 0.7984
vn 0.6129 0.2048 0.7631
vn 0.6360 0.2587 0.7271
vn 0.5399 0.1955 0.8187
vn 0.5734 0.2334 0.7853
vn 0.6005 0.2799 0.7491
vn 0.6343 0.4408 0.6351
vn 0.5880 0.4531 0.6700
vn 0.5353 0.4570 0.7104
vn 0.6459 0.3799 0.6622
vn 0.6041 0.3975 0.6907
vn 0.5533 0.4089 0.7257
vn 0.3868 0.4082 0.8269
vn 0.4169 0.3558 0.8364
vn 0.4532 0.2991 0.8397
vn 0.4308 0.4312 0.7928
vn 0.4545 0.3816 0.8048
vn 0.4854 0.3261 0.8112
vn 0.6471 0.3178 0.6930
vn 0.6113 0.3374 0.7159
vn 0.4809 0.4492 0.7529
vn 0.4997 0.4032 0.7667
vn 0.4956 0.2435 0.8337
vn 0.5280 0.2729 0.8042
vn 0.5592 0.3032 0.7716
vn 0.5695 0.3581 0.7399
vn 0.5175 0.3538 0.7791
vn 0.5809 0.0646 0.8114
vn 0.6185 0.1300 0.7749
vn 0.6440 0.1850 0.7423
vn 0.6626 0.2426 0.7086
vn 0.5410 0.1152 0.8331
vn 0.5046 0.1634 0.8478
vn 0.4651 0.2178 0.8581
vn 0.6619 0.4948 0.5631
vn 0.6134 0.5018 0.6099
vn 0.5679 0.5029 0.6516
vn 0.5171 0.4985 0.6958
vn 0.6738 0.4225 0.6062
vn 0.6775 0.3620 0.6402
vn 0.6737 0.3015 0.6746
vn 0.3098 0.4347 0.8456
vn 0.3481 0.3832 0.8556
vn 0.3849 0.3312 0.8615
vn 0.4243 0.2751 0.8627
vn 0.3613 0.4553 0.8137
vn 0.4110 0.4732 0.7792
vn 0.4636 0.4882 0.7394
vn 0.6896 0.1029 0.7168
vn 0.7298 0.0945 0.6771
vn 0.7709 0.0885 0.6307
vn 0.6979 0.1578 0.6986
vn 0.7312 0.1429 0.6671
vn 0.7683 0.1300 0.6268
vn 0.8729 0.1045 0.4766
vn 0.8571 0.1598 0.4897
vn 0.8352 0.2178 0.5050
vn 0.8445 0.0954 0.5269
vn 0.8350 0.1441 0.5310
vn 0.8189 0.1989 0.5384
vn 0.7395 0.3642 0.5661
vn 0.7290 0.3212 0.6044
vn 0.7172 0.2713 0.6418
vn 0.7735 0.3223 0.5457
vn 0.7596 0.2913 0.5815
vn 0.7442 0.2508 0.6191
vn 0.8101 0.0887 0.5795
vn 0.8056 0.1304 0.5779
vn 0.8066 0.2733 0.5241
vn 0.7917 0.2518 0.5566
vn 0.7066 0.2156 0.6740
vn 0.7340 0.1976 0.6498
vn 0.7634 0.1765 0.6213
vn 0.7990 0.1770 0.5747
vn 0.7732 0.2274 0.5919
vn 0.6244 0.0457 0.7798
vn 0.6827 0.0530 0.7288
vn 0.7283 0.0546 0.6830
vn 0.7721 0.0547 0.6331
vn 0.6525 0.1134 0.7492
vn 0.6699 0.1711 0.7225
vn 0.6837 0.2299 0.6926
vn 0.9180 0.0468 0.3938
vn 0.8951 0.1156 0.4306
vn 0.8732 0.1739 0.4553
vn 0.8474 0.2329 0.4772
vn 0.8829 0.0539 0.4664
vn 0.8500 0.0552 0.5240
vn 0.8127 0.0549 0.5801
vn 0.7035 0.4636 0.5386
vn 0.7066 0.3981 0.5850
vn 0.7027 0.3438 0.6229
vn 0.6946 0.2875 0.6594
vn 0.7488 0.3994 0.5290
vn 0.7843 0.3460 0.5149
vn 0.8177 0.2903 0.4971
vn 0.9246 0.1621 0.3447
vn 0.9335 0.2014 0.2968
vn 0.9358 0.2516 0.2470
vn 0.8980 0.2094 0.3869
vn 0.9092 0.2395 0.3406
vn 0.9152 0.2809 0.2888
vn 0.8960 0.4224 0.1367
vn 0.8748 0.4445 0.1925
vn 0.8498 0.4609 0.2558
vn 0.9149 0.3684 0.1650
vn 0.8942 0.3936 0.2133
vn 0.8690 0.4140 0.2709
vn 0.7774 0.4455 0.4441
vn 0.8070 0.3846 0.4481
vn 0.8377 0.3225 0.4408
vn 0.7986 0.4601 0.3881
vn 0.8234 0.4040 0.3984
vn 0.8504 0.3436 0.3985
vn 0.9293 0.3096 0.2014
vn 0.9098 0.3363 0.2431
vn 0.8233 0.4664 0.3235
vn 0.8437 0.4177 0.3373
vn 0.8684 0.2634 0.4202
vn 0.8804 0.2860 0.3783
vn 0.8912 0.3109 0.3301
vn 0.8868 0.3635 0.2855
vn 0.8625 0.3660 0.3496
vn 0.9378 0.0664 0.3407
vn 0.9484 0.1189 0.2938
vn 0.9528 0.1690 0.2521
vn 0.9517 0.2257 0.2082
vn 0.9115 0.1330 0.3893
vn 0.8858 0.1886 0.4240
vn 0.8574 0.2464 0.4519
vn 0.8911 0.4510 0.0509
vn 0.8748 0.4707 0.1144
vn 0.8553 0.4874 0.1762
vn 0.8312 0.5005 0.2421
vn 0.9133 0.3977 0.0877
vn 0.9308 0.3439 0.1240
vn 0.9441 0.2855 0.1646
vn 0.7155 0.4968 0.4912
vn 0.7603 0.4253 0.4911
vn 0.7943 0.3653 0.4854
vn 0.8269 0.3051 0.4723
vn 0.7471 0.5066 0.4303
vn 0.7748 0.5103 0.3731
vn 0.8036 0.5085 0.3093
vn 0.4404 0.0469 -0.8966
vn 0.3854 0.0252 -0.9224
vn 0.3255 0.0128 -0.9454
vn 0.4265 0.1056 -0.8983
vn 0.3791 0.0793 -0.9219
vn 0.3242 0.0603 -0.9440
vn 0.1425 0.0464 -0.9887
vn 0.1548 0.1047 -0.9824
vn 0.1759 0.1673 -0.9701
vn 0.2015 0.0250 -0.9792
vn 0.2064 0.0789 -0.9753
vn 0.2193 0.1405 -0.9655
vn 0.2791 0.3211 -0.9050
vn 0.3227 0.2799 -0.9042
vn 0.3655 0.2288 -0.9022
vn 0.2427 0.2792 -0.9290
vn 0.2856 0.2456 -0.9263
vn 0.3293 0.2009 -0.9226
vn 0.2635 0.0128 -0.9646
vn 0.2638 0.0602 -0.9627
vn 0.2065 0.2277 -0.9516
vn 0.2477 0.2004 -0.9479
vn 0.4017 0.1685 -0.9002
vn 0.3628 0.1412 -0.9211
vn 0.3215 0.1136 -0.9401
vn 0.2638 0.1134 -0.9579
vn 0.2903 0.1715 -0.9414
vn 0.5143 0.0126 -0.8575
vn 0.4451 -0.0060 -0.8955
vn 0.3863 -0.0178 -0.9222
vn 0.3253 -0.0237 -0.9453
vn 0.4922 0.0768 -0.8671
vn 0.4672 0.1338 -0.8740
vn 0.4348 0.1936 -0.8795
vn 0.0614 0.0124 -0.9980
vn 0.0844 0.0758 -0.9935
vn 0.1083 0.1323 -0.9853
vn 0.1376 0.1919 -0.9717
vn 0.1381 -0.0059 -0.9904
vn 0.2008 -0.0177 -0.9795
vn 0.2636 -0.0237 -0.9643
vn 0.2698 0.4023 -0.8749
vn 0.3137 0.3553 -0.8806
vn 0.3551 0.3072 -0.8829
vn 0.3964 0.2528 -0.8826
vn 0.2369 0.3545 -0.9046
vn 0.2043 0.3058 -0.9299
vn 0.1704 0.2510 -0.9529
vn 0.4272 -0.1013 -0.8985
vn 0.4079 -0.1551 -0.8997
vn 0.3827 -0.2116 -0.8993
vn 0.3778 -0.0925 -0.9213
vn 0.3683 -0.1399 -0.9191
vn 0.3518 -0.1932 -0.9159
vn 0.2755 -0.3552 -0.8933
vn 0.2464 -0.3132 -0.9172
vn 0.2167 -0.2646 -0.9397
vn 0.3129 -0.3139 -0.8964
vn 0.2826 -0.2837 -0.9163
vn 0.2501 -0.2443 -0.9369
vn 0.1543 -0.1005 -0.9829
vn 0.2072 -0.0920 -0.9740
vn 0.2644 -0.0860 -0.9606
vn 0.1706 -0.1540 -0.9732
vn 0.2137 -0.1392 -0.9669
vn 0.2645 -0.1265 -0.9561
vn 0.3503 -0.2657 -0.8982
vn 0.3210 -0.2449 -0.9149
vn 0.1909 -0.2103 -0.9588
vn 0.2254 -0.1925 -0.9551
vn 0.3226 -0.0862 -0.9426
vn 0.3199 -0.1267 -0.9389
vn 0.3167 -0.1720 -0.9328
vn 0.2874 -0.2213 -0.9319
vn 0.2637 -0.1717 -0.9492
vn 0.5073 -0.0454 -0.8606
vn 0.4695 -0.1122 -0.8758
vn 0.4391 -0.1687 -0.8824
vn 0.4073 -0.2262 -0.8848
vn 0.4404 -0.0523 -0.8963
vn 0.3836 -0.0535 -0.9220
vn 0.3243 -0.0533 -0.9445
vn 0.2627 -0.4532 -0.8518
vn 0.2395 -0.3888 -0.8896
vn 0.2158 -0.3357 -0.9169
vn 0.1895 -0.2807 -0.9409
vn 0.3030 -0.3896 -0.8697
vn 0.3382 -0.3370 -0.8787
vn 0.3736 -0.2823 -0.8836
vn 0.0687 -0.0447 -0.9966
vn 0.1423 -0.0518 -0.9885
vn 0.2028 -0.0532 -0.9778
vn 0.2640 -0.0532 -0.9630
vn 0.1075 -0.1109 -0.9880
vn 0.1357 -0.1671 -0.9765
vn 0.1628 -0.2245 -0.9608
vn 0.1557 -0.4320 -0.8884
vn 0.1001 -0.4450 -0.8899
vn 0.0363 -0.4500 -0.8923
vn 0.1500 -0.3719 -0.9161
vn 0.1015 -0.3899 -0.9152
vn 0.0421 -0.4022 -0.9146
vn -0.1473 -0.4054 -0.9022
vn -0.1282 -0.3528 -0.9269
vn -0.1007 -0.2960 -0.9499
vn -0.0928 -0.4271 -0.8994
vn -0.0804 -0.3775 -0.9225
vn -0.0591 -0.3220 -0.9449
vn 0.0243 -0.1549 -0.9876
vn 0.0688 -0.2007 -0.9772
vn 0.1067 -0.2533 -0.9615
vn -0.0196 -0.1924 -0.9811
vn 0.0253 -0.2293 -0.9730
vn 0.0666 -0.2746 -0.9593
vn -0.0305 -0.4436 -0.8957
vn -0.0231 -0.3978 -0.9172
vn -0.0633 -0.2403 -0.9686
vn -0.0212 -0.2688 -0.9630
vn 0.1341 -0.3110 -0.9409
vn 0.0933 -0.3308 -0.9391
vn 0.0471 -0.3519 -0.9349
vn -0.0157 -0.3487 -0.9371
vn 0.0217 -0.2982 -0.9543
vn 0.2168 -0.4846 -0.8475
vn 0.1531 -0.4923 -0.8568
vn 0.0943 -0.4945 -0.8641
vn 0.0298 -0.4913 -0.8705
vn 0.2024 -0.4133 -0.8878
vn 0.1867 -0.3539 -0.9165
vn 0.1649 -0.2947 -0.9413
vn -0.2205 -0.4336 -0.8737
vn -0.1947 -0.3814 -0.9037
vn -0.1681 -0.3290 -0.9292
vn -0.1368 -0.2727 -0.9523
vn -0.1607 -0.4527 -0.8771
vn -0.1013 -0.4691 -0.8773
vn -0.0370 -0.4825 -0.8751
vn 0.0170 -0.0634 -0.9978
vn 0.0667 -0.1274 -0.9896
vn 0.1046 -0.1810 -0.9779
vn 0.1376 -0.2372 -0.9617
vn -0.0266 -0.1134 -0.9932
vn -0.0638 -0.1612 -0.9849
vn -0.1013 -0.2153 -0.9713
vn -0.6830 0.0475 -0.7288
vn -0.7281 0.0257 -0.6850
vn -0.7726 0.0132 -0.6347
vn -0.6897 0.1073 -0.7161
vn -0.7299 0.0809 -0.6787
vn -0.7717 0.0619 -0.6329
vn -0.8831 0.0483 -0.4667
vn -0.8722 0.1089 -0.4769
vn -0.8520 0.1736 -0.4939
vn -0.8518 0.0259 -0.5232
vn -0.8461 0.0817 -0.5267
vn -0.8316 0.1454 -0.5360
vn -0.7497 0.3295 -0.5739
vn -0.7331 0.2865 -0.6168
vn -0.7157 0.2335 -0.6582
vn -0.7866 0.2877 -0.5463
vn -0.7683 0.2523 -0.5882
vn -0.7488 0.2058 -0.6300
vn -0.8144 0.0132 -0.5801
vn -0.8125 0.0621 -0.5797
vn -0.8222 0.2355 -0.5182
vn -0.8036 0.2067 -0.5582
vn -0.7005 0.1715 -0.6927
vn -0.7350 0.1443 -0.6625
vn -0.7688 0.1166 -0.6288
vn -0.8077 0.1169 -0.5779
vn -0.7816 0.1764 -0.5983
vn -0.6190 0.0126 -0.7853
vn -0.6802 -0.0061 -0.7330
vn -0.7276 -0.0182 -0.6858
vn -0.7726 -0.0244 -0.6344
vn -0.6360 0.0774 -0.7678
vn -0.6516 0.1352 -0.7464
vn -0.6686 0.1963 -0.7173
vn -0.9221 0.0129 -0.3868
vn -0.9091 0.0791 -0.4089
vn -0.8920 0.1379 -0.4305
vn -0.8676 0.1995 -0.4555
vn -0.8865 -0.0062 -0.4628
vn -0.8524 -0.0183 -0.5225
vn -0.8141 -0.0244 -0.5802
vn -0.7235 0.4121 -0.5539
vn -0.7133 0.3631 -0.5994
vn -0.7007 0.3132 -0.6410
vn -0.6854 0.2570 -0.6813
vn -0.7645 0.3646 -0.5317
vn -0.8014 0.3157 -0.5080
vn -0.8366 0.2601 -0.4821
vn -0.6896 -0.1029 -0.7168
vn -0.6979 -0.1578 -0.6986
vn -0.7066 -0.2156 -0.6740
vn -0.7298 -0.0945 -0.6771
vn -0.7312 -0.1429 -0.6671
vn -0.7340 -0.1976 -0.6498
vn -0.7395 -0.3642 -0.5661
vn -0.7735 -0.3223 -0.5457
vn -0.8066 -0.2733 -0.5241
vn -0.7290 -0.3212 -0.6044
vn -0.7596 -0.2913 -0.5815
vn -0.7917 -0.2518 -0.5566
vn -0.8729 -0.1045 -0.4766
vn -0.8445 -0.0954 -0.5269
vn -0.8101 -0.0887 -0.5795
vn -0.8571 -0.1598 -0.4897
vn -0.8350 -0.1441 -0.5310
vn -0.8056 -0.1304 -0.5779
vn -0.7172 -0.2713 -0.6418
vn -0.7442 -0.2508 -0.6191
vn -0.8352 -0.2178 -0.5050
vn -0.8189 -0.1989 -0.5384
vn -0.7709 -0.0885 -0.6307
vn -0.7683 -0.1300 -0.6268
vn -0.7634 -0.1765 -0.6213
vn -0.7732 -0.2274 -0.5919
vn -0.7990 -0.1770 -0.5747
vn -0.6244 -0.0457 -0.7798
vn -0.6525 -0.1134 -0.7492
vn -0.6699 -0.1711 -0.7225
vn -0.6837 -0.2299 -0.6926
vn -0.6827 -0.0530 -0.7288
vn -0.7283 -0.0546 -0.6831
vn -0.7721 -0.0547 -0.6331
vn -0.7035 -0.4636 -0.5386
vn -0.7488 -0.3994 -0.5290
vn -0.7843 -0.3460 -0.5149
vn -0.8177 -0.2903 -0.4971
vn -0.7066 -0.3981 -0.5850
vn -0.7027 -0.3438 -0.6229
vn -0.6946 -0.2875 -0.6594
vn -0.9180 -0.0468 -0.3938
vn -0.8829 -0.0539 -0.4664
vn -0.8500 -0.0552 -0.5240
vn -0.8127 -0.0549 -0.5801
vn -0.8951 -0.1156 -0.4306
vn -0.8732 -0.1739 -0.4553
vn -0.8474 -0.2329 -0.4772
vn -0.7774 -0.4455 -0.4441
vn -0.7986 -0.4601 -0.3881
vn -0.8233 -0.4664 -0.3235
vn -0.8070 -0.3846 -0.4481
vn -0.8234 -0.4040 -0.3984
vn -0.8437 -0.4177 -0.3373
vn -0.8960 -0.4224 -0.1367
vn -0.9149 -0.3684 -0.1649
vn -0.9293 -0.3095 -0.2014
vn -0.8748 -0.4445 -0.1925
vn -0.8942 -0.3936 -0.2133
vn -0.9098 -0.3363 -0.2431
vn -0.9246 -0.1621 -0.3447
vn -0.8980 -0.2094 -0.3869
vn -0.8684 -0.2634 -0.4202
vn -0.9335 -0.2014 -0.2968
vn -0.9092 -0.2395 -0.3406
vn -0.8804 -0.2860 -0.3783
vn -0.8498 -0.4609 -0.2558
vn -0.8690 -0.4140 -0.2709
vn -0.9358 -0.2516 -0.2470
vn -0.9152 -0.2809 -0.2888
vn -0.8377 -0.3225 -0.4408
vn -0.8504 -0.3436 -0.3985
vn -0.8625 -0.3660 -0.3496
vn -0.8868 -0.3635 -0.2855
vn -0.8913 -0.3109 -0.3301
vn -0.7155 -0.4968 -0.4912
vn -0.7471 -0.5066 -0.4303
vn -0.7748 -0.5103 -0.3731
vn -0.8036 -0.5085 -0.3093
vn -0.7603 -0.4253 -0.4911
vn -0.7943 -0.3653 -0.4854
vn -0.8269 -0.3051 -0.4723
vn -0.8911 -0.4510 -0.0509
vn -0.9133 -0.3977 -0.0877
vn -0.9308 -0.3439 -0.1240
vn -0.9441 -0.2855 -0.1646
vn -0.8748 -0.4707 -0.1144
vn -0.8552 -0.4874 -0.1762
vn -0.8312 -0.5005 -0.2421
vn -0.9378 -0.0664 -0.3407
vn -0.9115 -0.1330 -0.3893
vn -0.8858 -0.1886 -0.4240
vn -0.8574 -0.2464 -0.4519
vn -0.9484 -0.1189 -0.2938
vn -0.9528 -0.1690 -0.2521
vn -0.9517 -0.2257 -0.2082
vn -0.8831 0.0483 0.4667
vn -0.8518 0.0259 0.5232
vn -0.8144 0.0132 0.5801
vn -0.8722 0.1089 0.4769
vn -0.8461 0.0817 0.5267
vn -0.8125 0.0621 0.5797
vn -0.6830 0.0475 0.7288
vn -0.6897 0.1073 0.7161
vn -0.7005 0.1715 0.6927
vn -0.7281 0.0257 0.6850
vn -0.7299 0.0809 0.6787
vn -0.7350 0.1443 0.6625
vn -0.7497 0.3295 0.5739
vn -0.7866 0.2877 0.5463
vn -0.8222 0.2355 0.5182
vn -0.7331 0.2865 0.6169
vn -0.7683 0.2523 0.5882
vn -0.8036 0.2067 0.5582
vn -0.7726 0.0132 0.6347
vn -0.7717 0.0619 0.6329
vn -0.7157 0.2335 0.6582
vn -0.7488 0.2058 0.6300
vn -0.8520 0.1736 0.4939
vn -0.8316 0.1454 0.5360
vn -0.8077 0.1169 0.5779
vn -0.7688 0.1166 0.6288
vn -0.7816 0.1764 0.5983
vn -0.9221 0.0129 0.3868
vn -0.8865 -0.0062 0.4628
vn -0.8524 -0.0183 0.5225
vn -0.8141 -0.0244 0.5802
vn -0.9091 0.0791 0.4089
vn -0.8920 0.1379 0.4305
vn -0.8676 0.1995 0.4555
vn -0.6190 0.0126 0.7853
vn -0.6360 0.0774 0.7678
vn -0.6516 0.1352 0.7464
vn -0.6686 0.1963 0.7173
vn -0.6802 -0.0061 0.7330
vn -0.7276 -0.0182 0.6858
vn -0.7726 -0.0244 0.6344
vn -0.7235 0.4121 0.5539
vn -0.7645 0.3646 0.5317
vn -0.8014 0.3157 0.5080
vn -0.8366 0.2601 0.4821
vn -0.7133 0.3631 0.5994
vn -0.7007 0.3132 0.6410
vn -0.6854 0.2570 0.6813
vn -0.8729 -0.1045 0.4766
vn -0.8571 -0.1598 0.4897
vn -0.8352 -0.2178 0.5050
vn -0.8445 -0.0954 0.5269
vn -0.8350 -0.1441 0.5310
vn -0.8189 -0.1989 0.5384
vn -0.7395 -0.3642 0.5661
vn -0.7290 -0.3212 0.6044
vn -0.7172 -0.2713 0.6418
vn -0.7735 -0.3223 0.5457
vn -0.7596 -0.2913 0.5815
vn -0.7442 -0.2508 0.6191
vn -0.6896 -0.1029 0.7168
vn -0.7298 -0.0945 0.6771
vn -0.7709 -0.0885 0.6307
vn -0.6979 -0.1578 0.6986
vn -0.7312 -0.1429 0.6671
vn -0.7683 -0.1300 0.6268
vn -0.8066 -0.2733 0.5241
vn -0.7917 -0.2518 0.5566
vn -0.7066 -0.2156 0.6740
vn -0.7340 -0.1976 0.6498
vn -0.8101 -0.0887 0.5795
vn -0.8056 -0.1304 0.5779
vn -0.7990 -0.1770 0.5747
vn -0.7732 -0.2274 0.5919
vn -0.7634 -0.1765 0.6213
vn -0.9180 -0.0468 0.3938
vn -0.8951 -0.1156 0.4306
vn -0.8732 -0.1739 0.4553
vn -0.8474 -0.2329 0.4772
vn -0.8829 -0.0539 0.4664
vn -0.8500 -0.0552 0.5240
vn -0.8127 -0.0549 0.5801
vn -0.7035 -0.4636 0.5386
vn -0.7066 -0.3981 0.5850
vn -0.7027 -0.3438 0.6229
vn -0.6946 -0.2875 0.6594
vn -0.7488 -0.3994 0.5290
vn -0.7843 -0.3460 0.5149
vn -0.8177 -0.2903 0.4971
vn -0.6244 -0.0457 0.7798
vn -0.6827 -0.0530 0.7288
vn -0.7283 -0.0546 0.6830
vn -0.7721 -0.0547 0.6331
vn -0.6525 -0.1134 0.7492
vn -0.6699 -0.1711 0.7225
vn -0.6837 -0.2299 0.6926
vn -0.6343 -0.4408 0.6351
vn -0.5880 -0.4531 0.6700
vn -0.5353 -0.4570 0.7104
vn -0.6459 -0.3799 0.6622
vn -0.6041 -0.3975 0.6907
vn -0.5533 -0.4089 0.7257
vn -0.3868 -0.4082 0.8269
vn -0.4169 -0.3558 0.8364
vn -0.4532 -0.2991 0.8397
vn -0.4308 -0.4312 0.7928
vn -0.4545 -0.3816 0.8048
vn -0.4854 -0.3261 0.8112
vn -0.5811 -0.1578 0.7984
vn -0.6129 -0.2048 0.7631
vn -0.6360 -0.2587 0.7271
vn -0.5399 -0.1955 0.8187
vn -0.5734 -0.2334 0.7853
vn -0.6005 -0.2799 0.7491
vn -0.4809 -0.4492 0.7529
vn -0.4997 -0.4032 0.7667
vn -0.4956 -0.2435 0.8337
vn -0.5280 -0.2729 0.8042
vn -0.6471 -0.3178 0.6930
vn -0.6113 -0.3374 0.7159
vn -0.5695 -0.3581 0.7399
vn -0.5175 -0.3538 0.7791
vn -0.5592 -0.3033 0.7716
vn -0.6619 -0.4948 0.5631
vn -0.6134 -0.5018 0.6099
vn -0.5679 -0.5029 0.6516
vn -0.5171 -0.4985 0.6958
vn -0.6738 -0.4225 0.6062
vn -0.6775 -0.3620 0.6402
vn -0.6738 -0.3015 0.6746
vn -0.3098 -0.4347 0.8456
vn -0.3481 -0.3832 0.8556
vn -0.3849 -0.3312 0.8615
vn -0.4243 -0.2751 0.8627
vn -0.3613 -0.4553 0.8137
vn -0.4110 -0.4732 0.7792
vn -0.4636 -0.4882 0.7394
vn -0.5809 -0.0646 0.8114
vn -0.6185 -0.1300 0.7749
vn -0.6440 -0.1850 0.7423
vn -0.6626 -0.2426 0.7086
vn -0.5410 -0.1152 0.8331
vn -0.5046 -0.1634 0.8478
vn -0.4651 -0.2178 0.8581
vn 0.1425 0.0464 0.9887
vn 0.2015 0.0250 0.9792
vn 0.2635 0.0128 0.9646
vn 0.1548 0.1047 0.9824
vn 0.2064 0.0788 0.9753
vn 0.2638 0.0602 0.9627
vn 0.4404 0.0469 0.8966
vn 0.4265 0.1056 0.8983
vn 0.4017 0.1685 0.9002
vn 0.3854 0.0252 0.9224
vn 0.3791 0.0793 0.9219
vn 0.3628 0.1412 0.9211
vn 0.2791 0.3211 0.9050
vn 0.2427 0.2792 0.9290
vn 0.2065 0.2277 0.9516
vn 0.3227 0.2799 0.9042
vn 0.2856 0.2456 0.9263
vn 0.2477 0.2004 0.9479
vn 0.3255 0.0128 0.9454
vn 0.3242 0.0603 0.9440
vn 0.3655 0.2288 0.9022
vn 0.3293 0.2009 0.9226
vn 0.1759 0.1673 0.9701
vn 0.2193 0.1405 0.9655
vn 0.2638 0.1134 0.9579
vn 0.3215 0.1136 0.9401
vn 0.2903 0.1715 0.9414
vn 0.0614 0.0124 0.9980
vn 0.1381 -0.0059 0.9904
vn 0.2008 -0.0177 0.9795
vn 0.2636 -0.0237 0.9643
vn 0.0844 0.0758 0.9935
vn 0.1083 0.1323 0.9853
vn 0.1376 0.1919 0.9717
vn 0.5143 0.0126 0.8575
vn 0.4922 0.0768 0.8671
vn 0.4672 0.1338 0.8740
vn 0.4348 0.1936 0.8795
vn 0.4451 -0.0060 0.8955
vn 0.3863 -0.0178 0.9222
vn 0.3253 -0.0237 0.9453
vn 0.2698 0.4023 0.8749
vn 0.2369 0.3545 0.9046
vn 0.2043 0.3058 0.9299
vn 0.1704 0.2510 0.9529
vn 0.3137 0.3553 0.8806
vn 0.3551 0.3072 0.8829
vn 0.3964 0.2528 0.8826
vn 0.1543 -0.1005 0.9829
vn 0.1706 -0.1540 0.9732
vn 0.1909 -0.2103 0.9588
vn 0.2072 -0.0920 0.9740
vn 0.2137 -0.1392 0.9669
vn 0.2254 -0.1925 0.9551
vn 0.2755 -0.3552 0.8933
vn 0.3129 -0.3139 0.8964
vn 0.3503 -0.2657 0.8982
vn 0.2464 -0.3132 0.9172
vn 0.2826 -0.2837 0.9163
vn 0.3210 -0.2449 0.9149
vn 0.4272 -0.1013 0.8985
vn 0.3778 -0.0925 0.9213
vn 0.3226 -0.0862 0.9426
vn 0.4079 -0.1551 0.8997
vn 0.3683 -0.1399 0.9191
vn 0.3199 -0.1267 0.9389
vn 0.2167 -0.2646 0.9397
vn 0.2501 -0.2443 0.9369
vn 0.3827 -0.2116 0.8993
vn 0.3518 -0.1932 0.9159
vn 0.2644 -0.0860 0.9606
vn 0.2645 -0.1265 0.9561
vn 0.2637 -0.1717 0.9492
vn 0.2874 -0.2213 0.9319
vn 0.3167 -0.1720 0.9328
vn 0.0687 -0.0447 0.9966
vn 0.1075 -0.1109 0.9880
vn 0.1357 -0.1671 0.9765
vn 0.1628 -0.2245 0.9608
vn 0.1423 -0.0518 0.9885
vn 0.2028 -0.0532 0.9778
vn 0.2640 -0.0532 0.9630
vn 0.2627 -0.4532 0.8518
vn 0.3030 -0.3896 0.8697
vn 0.3382 -0.3370 0.8787
vn 0.3736 -0.2823 0.8836
vn 0.2395 -0.3888 0.8896
vn 0.2158 -0.3357 0.9169
vn 0.1895 -0.2807 0.9409
vn 0.5073 -0.0454 0.8606
vn 0.4404 -0.0523 0.8963
vn 0.3836 -0.0535 0.9220
vn 0.3243 -0.0533 0.9445
vn 0.4695 -0.1122 0.8758
vn 0.4391 -0.1687 0.8824
vn 0.4073 -0.2262 0.8848
vn 0.3719 -0.4347 0.8202
vn 0.4192 -0.4490 0.7891
vn 0.4742 -0.4555 0.7535
vn 0.3925 -0.3746 0.8400
vn 0.4326 -0.3937 0.8111
vn 0.4821 -0.4073 0.7757
vn 0.6354 -0.4138 0.6519
vn 0.6338 -0.3602 0.6845
vn 0.6240 -0.3021 0.7207
vn 0.5874 -0.4349 0.6825
vn 0.5905 -0.3845 0.7096
vn 0.5856 -0.3280 0.7413
vn 0.5397 -0.1574 0.8270
vn 0.4960 -0.2034 0.8442
vn 0.4549 -0.2560 0.8530
vn 0.5733 -0.1959 0.7956
vn 0.5303 -0.2328 0.8152
vn 0.4873 -0.2781 0.8278
vn 0.5325 -0.4505 0.7166
vn 0.5388 -0.4041 0.7392
vn 0.6031 -0.2450 0.7591
vn 0.5639 -0.2735 0.7792
vn 0.4200 -0.3137 0.8516
vn 0.4532 -0.3344 0.8263
vn 0.4897 -0.3565 0.7957
vn 0.5441 -0.3543 0.7605
vn 0.5225 -0.3026 0.7971
vn 0.2981 -0.4857 0.8218
vn 0.3561 -0.4951 0.7925
vn 0.4092 -0.4988 0.7640
vn 0.4670 -0.4972 0.7313
vn 0.3328 -0.4148 0.8469
vn 0.3621 -0.3557 0.8616
vn 0.3944 -0.2968 0.8697
vn 0.6808 -0.4433 0.5831
vn 0.6767 -0.3901 0.6244
vn 0.6693 -0.3365 0.6624
vn 0.6563 -0.2788 0.7011
vn 0.6318 -0.4619 0.6225
vn 0.5816 -0.4775 0.6586
vn 0.5259 -0.4898 0.6954
vn 0.5520 -0.0645 0.8314
vn 0.5049 -0.1291 0.8535
vn 0.4661 -0.1830 0.8656
vn 0.4290 -0.2394 0.8710
vn 0.5863 -0.1155 0.8018
vn 0.6132 -0.1644 0.7726
vn 0.6372 -0.2200 0.7386
vn 0.9841 0.0488 0.1709
vn 0.9940 0.0263 0.1057
vn 0.9993 0.0134 0.0357
vn 0.9816 0.1100 0.1560
vn 0.9916 0.0828 0.0993
vn 0.9974 0.0632 0.0348
vn 0.9841 0.0488 -0.1709
vn 0.9816 0.1100 -0.1560
vn 0.9759 0.1756 -0.1296
vn 0.9940 0.0263 -0.1057
vn 0.9916 0.0828 -0.0993
vn 0.9856 0.1475 -0.0825
vn 0.9422 0.3350 -0.0000
vn 0.9553 0.2920 0.0459
vn 0.9668 0.2386 0.0912
vn 0.9553 0.2920 -0.0459
vn 0.9665 0.2567 -0.0000
vn 0.9766 0.2099 0.0469
vn 0.9993 0.0134 -0.0357
vn 0.9974 0.0632 -0.0348
vn 0.9668 0.2386 -0.0912
vn 0.9766 0.2099 -0.0469
vn 0.9759 0.1756 0.1296
vn 0.9856 0.1475 0.0825
vn 0.9923 0.1189 0.0332
vn 0.9923 0.1189 -0.0332
vn 0.9837 0.1796 -0.0000
vn 0.9657 0.0130 0.2592
vn 0.9843 -0.0062 0.1763
vn 0.9941 -0.0186 0.1066
vn 0.9991 -0.0249 0.0355
vn 0.9691 0.0796 0.2336
vn 0.9687 0.1389 0.2057
vn 0.9646 0.2013 0.1704
vn 0.9657 0.0130 -0.2592
vn 0.9691 0.0796 -0.2336
vn 0.9687 0.1389 -0.2057
vn 0.9646 0.2013 -0.1704
vn 0.9843 -0.0062 -0.1763
vn 0.9941 -0.0186 -0.1066
vn 0.9991 -0.0249 -0.0355
vn 0.9082 0.4185 -0.0000
vn 0.9281 0.3698 0.0439
vn 0.9436 0.3197 0.0864
vn 0.9561 0.2630 0.1295
vn 0.9281 0.3698 -0.0439
vn 0.9436 0.3197 -0.0864
vn 0.9561 0.2630 -0.1295
vn 0.9820 -0.1055 0.1566
vn 0.9774 -0.1616 0.1362
vn 0.9692 -0.2205 0.1101
vn 0.9905 -0.0966 0.0981
vn 0.9853 -0.1461 0.0888
vn 0.9767 -0.2018 0.0726
vn 0.9290 -0.3702 -0.0000
vn 0.9442 -0.3272 -0.0381
vn 0.9578 -0.2770 -0.0766
vn 0.9442 -0.3272 0.0381
vn 0.9551 -0.2963 -0.0000
vn 0.9659 -0.2557 -0.0407
vn 0.9820 -0.1055 -0.1566
vn 0.9905 -0.0966 -0.0981
vn 0.9954 -0.0903 -0.0335
vn 0.9774 -0.1616 -0.1362
vn 0.9853 -0.1461 -0.0888
vn 0.9907 -0.1326 -0.0319
vn 0.9578 -0.2770 0.0766
vn 0.9659 -0.2557 0.0407
vn 0.9692 -0.2205 -0.1101
vn 0.9767 -0.2018 -0.0726
vn 0.9954 -0.0903 0.0335
vn 0.9907 -0.1326 0.0319
vn 0.9832 -0.1800 0.0304
vn 0.9728 -0.2315 -0.0000
vn 0.9832 -0.1800 -0.0304
vn 0.9668 -0.0470 0.2511
vn 0.9713 -0.1165 0.2074
vn 0.9690 -0.1754 0.1740
vn 0.9618 -0.2353 0.1402
vn 0.9837 -0.0544 0.1711
vn 0.9930 -0.0559 0.1039
vn 0.9978 -0.0558 0.0347
vn 0.8824 -0.4704 -0.0000
vn 0.9136 -0.4050 -0.0363
vn 0.9339 -0.3506 -0.0701
vn 0.9500 -0.2938 -0.1055
vn 0.9136 -0.4050 0.0363
vn 0.9339 -0.3506 0.0701
vn 0.9500 -0.2938 0.1055
vn 0.9668 -0.0470 -0.2511
vn 0.9837 -0.0544 -0.1711
vn 0.9930 -0.0559 -0.1039
vn 0.9978 -0.0558 -0.0347
vn 0.9713 -0.1165 -0.2074
vn 0.9690 -0.1754 -0.1740
vn 0.9618 -0.2353 -0.1402
vn 0.8847 -0.4496 -0.1233
vn 0.8676 -0.4628 -0.1817
vn 0.8483 -0.4674 -0.2487
vn 0.9111 -0.3881 -0.1386
vn 0.8939 -0.4065 -0.1888
vn 0.8729 -0.4188 -0.2503
vn 0.7941 -0.4187 -0.4405
vn 0.8257 -0.3655 -0.4298
vn 0.8587 -0.3076 -0.4100
vn 0.8106 -0.4421 -0.3840
vn 0.8382 -0.3917 -0.3794
vn 0.8684 -0.3350 -0.3655
vn 0.9419 -0.1623 -0.2942
vn 0.9466 -0.2104 -0.2443
vn 0.9434 -0.2652 -0.1992
vn 0.9195 -0.2012 -0.3376
vn 0.9271 -0.2399 -0.2880
vn 0.9273 -0.2872 -0.2402
vn 0.8287 -0.4601 -0.3188
vn 0.8530 -0.4134 -0.3187
vn 0.8912 -0.2505 -0.3782
vn 0.9003 -0.2805 -0.3327
vn 0.9314 -0.3252 -0.1635
vn 0.9156 -0.3456 -0.2055
vn 0.8954 -0.3671 -0.2521
vn 0.8758 -0.3631 -0.3179
vn 0.9065 -0.3114 -0.2853
vn 0.8632 -0.5028 -0.0463
vn 0.8518 -0.5110 -0.1156
vn 0.8395 -0.5131 -0.1790
vn 0.8241 -0.5093 -0.2479
vn 0.8996 -0.4303 -0.0745
vn 0.9238 -0.3694 -0.1004
vn 0.9422 -0.3083 -0.1314
vn 0.7399 -0.4453 -0.5043
vn 0.7787 -0.3931 -0.4890
vn 0.8137 -0.3403 -0.4712
vn 0.8482 -0.2830 -0.4477
vn 0.7644 -0.4664 -0.4451
vn 0.7856 -0.4845 -0.3849
vn 0.8057 -0.4995 -0.3183
vn 0.9499 -0.0665 -0.3055
vn 0.9588 -0.1336 -0.2507
vn 0.9597 -0.1899 -0.2070
vn 0.9541 -0.2486 -0.1669
vn 0.9296 -0.1187 -0.3491
vn 0.9076 -0.1683 -0.3846
vn 0.8802 -0.2242 -0.4182
vn 0.4224 -0.7855 -0.4523
vn 0.3910 -0.7677 -0.5076
vn 0.3651 -0.7406 -0.5641
vn 0.4690 -0.7518 -0.4636
vn 0.4356 -0.7402 -0.5123
vn 0.4053 -0.7189 -0.5647
vn 0.3394 -0.6109 -0.7153
vn 0.3927 -0.5918 -0.7039
vn 0.4519 -0.5747 -0.6822
vn 0.3398 -0.6599 -0.6701
vn 0.3872 -0.6386 -0.6651
vn 0.4431 -0.6169 -0.6505
vn 0.6088 -0.5536 -0.5682
vn 0.5875 -0.6040 -0.5386
vn 0.5568 -0.6569 -0.5083
vn 0.5645 -0.5564 -0.6098
vn 0.5494 -0.6021 -0.5794
vn 0.5245 -0.6521 -0.5474
vn 0.3478 -0.7043 -0.6189
vn 0.3884 -0.6834 -0.6182
vn 0.5114 -0.5626 -0.6496
vn 0.5013 -0.6038 -0.6198
vn 0.5158 -0.7081 -0.4822
vn 0.4836 -0.7016 -0.5233
vn 0.4497 -0.6923 -0.5644
vn 0.4334 -0.6582 -0.6155
vn 0.4896 -0.6450 -0.5868
vn 0.4085 -0.8329 -0.3733
vn 0.3782 -0.8104 -0.4474
vn 0.3543 -0.7863 -0.5062
vn 0.3335 -0.7558 -0.5635
vn 0.4588 -0.7954 -0.3960
vn 0.5015 -0.7572 -0.4184
vn 0.5442 -0.7114 -0.4448
vn 0.2829 -0.5684 -0.7726
vn 0.3448 -0.5562 -0.7561
vn 0.4005 -0.5458 -0.7360
vn 0.4598 -0.5355 -0.7083
vn 0.2931 -0.6309 -0.7184
vn 0.3028 -0.6778 -0.6700
vn 0.3164 -0.7198 -0.6179
vn 0.6708 -0.4956 -0.5517
vn 0.6457 -0.5526 -0.5270
vn 0.6179 -0.6058 -0.5012
vn 0.5839 -0.6597 -0.4731
vn 0.6233 -0.5067 -0.5956
vn 0.5744 -0.5159 -0.6356
vn 0.5192 -0.5254 -0.6741
vn 0.2911 -0.8389 -0.4599
vn 0.2389 -0.8483 -0.4725
vn 0.1821 -0.8539 -0.4875
vn 0.2870 -0.8111 -0.5097
vn 0.2428 -0.8231 -0.5134
vn 0.1908 -0.8322 -0.5206
vn 0.0209 -0.8350 -0.5498
vn 0.0519 -0.8075 -0.5875
vn 0.0880 -0.7760 -0.6246
vn 0.0701 -0.8459 -0.5287
vn 0.0897 -0.8208 -0.5641
vn 0.1165 -0.7904 -0.6014
vn 0.2160 -0.6802 -0.7005
vn 0.2400 -0.7117 -0.6602
vn 0.2622 -0.7450 -0.6134
vn 0.1738 -0.7107 -0.6817
vn 0.2003 -0.7333 -0.6497
vn 0.2266 -0.7601 -0.6091
vn 0.1245 -0.8531 -0.5067
vn 0.1359 -0.8314 -0.5388
vn 0.1296 -0.7429 -0.6568
vn 0.1562 -0.7589 -0.6321
vn 0.2783 -0.7789 -0.5620
vn 0.2419 -0.7923 -0.5601
vn 0.2006 -0.8061 -0.5567
vn 0.1481 -0.8053 -0.5740
vn 0.1861 -0.7754 -0.6034
vn 0.3572 -0.8535 -0.3794
vn 0.2910 -0.8622 -0.4147
vn 0.2340 -0.8677 -0.4386
vn 0.1748 -0.8705 -0.4602
vn 0.3371 -0.8268 -0.4503
vn 0.3226 -0.7992 -0.5071
vn 0.3075 -0.7672 -0.5629
vn -0.0768 -0.8478 -0.5246
vn -0.0214 -0.8217 -0.5696
vn 0.0218 -0.7947 -0.6066
vn 0.0649 -0.7634 -0.6427
vn -0.0040 -0.8582 -0.5133
vn 0.0552 -0.8652 -0.4984
vn 0.1152 -0.8696 -0.4801
vn 0.2362 -0.5980 -0.7659
vn 0.2548 -0.6529 -0.7133
vn 0.2726 -0.6937 -0.6666
vn 0.2909 -0.7320 -0.6161
vn 0.1915 -0.6519 -0.7337
vn 0.1509 -0.6918 -0.7062
vn 0.1079 -0.7291 -0.6759
vn -0.0886 -0.7782 -0.6217
vn -0.1195 -0.7434 -0.6581
vn -0.1464 -0.6988 -0.7002
vn -0.0329 -0.7614 -0.6475
vn -0.0659 -0.7327 -0.6773
vn -0.0981 -0.6931 -0.7141
vn -0.1724 -0.5435 -0.8215
vn -0.1146 -0.5472 -0.8291
vn -0.0507 -0.5547 -0.8305
vn -0.1719 -0.5938 -0.7860
vn -0.1194 -0.5928 -0.7965
vn -0.0590 -0.5957 -0.8011
vn 0.1238 -0.6076 -0.7846
vn 0.0983 -0.6561 -0.7482
vn 0.0635 -0.6998 -0.7115
vn 0.0743 -0.5870 -0.8061
vn 0.0573 -0.6335 -0.7716
vn 0.0304 -0.6778 -0.7346
vn -0.1644 -0.6469 -0.7446
vn -0.1173 -0.6429 -0.7569
vn 0.0148 -0.5684 -0.8226
vn 0.0044 -0.6103 -0.7922
vn 0.0192 -0.7353 -0.6775
vn -0.0128 -0.7125 -0.7016
vn -0.0484 -0.6848 -0.7271
vn -0.0679 -0.6368 -0.7680
vn -0.0072 -0.6515 -0.7586
vn -0.1212 -0.8261 -0.5504
vn -0.1487 -0.7873 -0.5983
vn -0.1702 -0.7481 -0.6413
vn -0.1895 -0.7014 -0.6871
vn -0.0560 -0.8042 -0.5917
vn -0.0042 -0.7809 -0.6246
vn 0.0443 -0.7513 -0.6584
vn -0.2299 -0.4852 -0.8436
vn -0.1687 -0.4969 -0.8512
vn -0.1082 -0.5071 -0.8551
vn -0.0434 -0.5178 -0.8544
vn -0.2239 -0.5418 -0.8102
vn -0.2164 -0.5950 -0.7741
vn -0.2051 -0.6491 -0.7325
vn 0.2017 -0.5671 -0.7985
vn 0.1631 -0.6289 -0.7602
vn 0.1282 -0.6750 -0.7266
vn 0.0883 -0.7162 -0.6923
vn 0.1420 -0.5532 -0.8209
vn 0.0858 -0.5413 -0.8364
vn 0.0229 -0.5294 -0.8481
vn -0.2761 -0.7812 -0.5599
vn -0.3366 -0.7661 -0.5475
vn -0.3969 -0.7416 -0.5409
vn -0.2713 -0.7458 -0.6084
vn -0.3263 -0.7368 -0.5921
vn -0.3841 -0.7182 -0.5802
vn -0.5461 -0.6169 -0.5667
vn -0.5171 -0.5955 -0.6148
vn -0.4767 -0.5754 -0.6645
vn -0.5035 -0.6649 -0.5517
vn -0.4828 -0.6415 -0.5962
vn -0.4504 -0.6171 -0.6452
vn -0.3201 -0.5457 -0.7745
vn -0.3004 -0.5958 -0.7449
vn -0.2832 -0.6488 -0.7063
vn -0.3723 -0.5510 -0.7468
vn -0.3498 -0.5963 -0.7226
vn -0.3290 -0.6463 -0.6885
vn -0.4532 -0.7075 -0.5423
vn -0.4389 -0.6849 -0.5816
vn -0.4264 -0.5602 -0.7102
vn -0.4026 -0.6009 -0.6906
vn -0.2730 -0.7008 -0.6591
vn -0.3206 -0.6967 -0.6417
vn -0.3691 -0.6898 -0.6228
vn -0.4214 -0.6579 -0.6242
vn -0.3763 -0.6416 -0.6684
vn -0.2093 -0.8274 -0.5212
vn -0.2860 -0.8077 -0.5156
vn -0.3473 -0.7861 -0.5113
vn -0.4067 -0.7581 -0.5098
vn -0.2137 -0.7884 -0.5769
vn -0.2203 -0.7489 -0.6250
vn -0.2302 -0.7021 -0.6739
vn -0.6200 -0.5777 -0.5309
vn -0.5828 -0.5628 -0.5861
vn -0.5445 -0.5498 -0.6334
vn -0.4982 -0.5366 -0.6811
vn -0.5649 -0.6389 -0.5222
vn -0.5160 -0.6843 -0.5153
vn -0.4628 -0.7243 -0.5111
vn -0.2850 -0.4860 -0.8262
vn -0.2711 -0.5425 -0.7951
vn -0.2570 -0.5956 -0.7611
vn -0.2429 -0.6497 -0.7203
vn -0.3400 -0.4993 -0.7969
vn -0.3925 -0.5110 -0.7647
vn -0.4463 -0.5234 -0.7258
vn -0.3255 -0.8399 -0.4343
vn -0.3539 -0.8515 -0.3869
vn -0.3862 -0.8593 -0.3353
vn -0.3725 -0.8136 -0.4465
vn -0.3903 -0.8273 -0.4040
vn -0.4139 -0.8384 -0.3547
vn -0.4964 -0.8463 -0.1934
vn -0.5219 -0.8195 -0.2370
vn -0.5451 -0.7882 -0.2857
vn -0.4607 -0.8555 -0.2362
vn -0.4875 -0.8311 -0.2675
vn -0.5138 -0.8012 -0.3067
vn -0.5742 -0.6906 -0.4396
vn -0.5280 -0.7203 -0.4499
vn -0.4767 -0.7514 -0.4562
vn -0.5706 -0.7221 -0.3911
vn -0.5314 -0.7430 -0.4068
vn -0.4845 -0.7677 -0.4194
vn -0.4226 -0.8607 -0.2839
vn -0.4488 -0.8397 -0.3057
vn -0.5617 -0.7550 -0.3383
vn -0.5296 -0.7696 -0.3568
vn -0.4236 -0.7833 -0.4551
vn -0.4339 -0.7979 -0.4184
vn -0.4443 -0.8131 -0.3763
vn -0.4777 -0.8144 -0.3295
vn -0.4927 -0.7842 -0.3772
vn -0.2311 -0.8501 -0.4733
vn -0.2844 -0.8620 -0.4197
vn -0.3245 -0.8701 -0.3711
vn -0.3634 -0.8753 -0.3191
vn -0.3019 -0.8258 -0.4764
vn -0.3585 -0.8003 -0.4806
vn -0.4148 -0.7704 -0.4842
vn -0.5040 -0.8594 -0.0863
vn -0.5287 -0.8342 -0.1569
vn -0.5497 -0.8078 -0.2127
vn -0.5698 -0.7767 -0.2683
vn -0.4702 -0.8686 -0.1565
vn -0.4372 -0.8741 -0.2115
vn -0.4009 -0.8767 -0.2659
vn -0.6297 -0.6091 -0.4821
vn -0.5732 -0.6623 -0.4825
vn -0.5231 -0.7013 -0.4844
vn -0.4697 -0.7374 -0.4854
vn -0.6143 -0.6640 -0.4264
vn -0.6017 -0.7046 -0.3762
vn -0.5872 -0.7423 -0.3228
vn -0.5998 -0.7932 -0.1053
vn -0.6447 -0.7596 -0.0854
vn -0.6942 -0.7162 -0.0714
vn -0.6065 -0.7766 -0.1705
vn -0.6460 -0.7492 -0.1465
vn -0.6921 -0.7108 -0.1255
vn -0.8225 -0.5625 -0.0839
vn -0.8111 -0.5663 -0.1463
vn -0.7911 -0.5734 -0.2128
vn -0.7869 -0.6127 -0.0729
vn -0.7801 -0.6119 -0.1305
vn -0.7646 -0.6145 -0.1944
vn -0.6865 -0.6226 -0.3756
vn -0.6599 -0.6713 -0.3374
vn -0.6362 -0.7151 -0.2897
vn -0.7245 -0.6036 -0.3327
vn -0.6966 -0.6501 -0.3036
vn -0.6696 -0.6943 -0.2637
vn -0.7435 -0.6654 -0.0672
vn -0.7403 -0.6616 -0.1197
vn -0.7611 -0.5862 -0.2775
vn -0.7346 -0.6282 -0.2565
vn -0.6182 -0.7506 -0.2334
vn -0.6520 -0.7289 -0.2087
vn -0.6885 -0.7024 -0.1807
vn -0.7350 -0.6553 -0.1742
vn -0.7055 -0.6692 -0.2334
vn -0.5424 -0.8387 -0.0493
vn -0.5967 -0.8017 -0.0365
vn -0.6448 -0.7639 -0.0282
vn -0.6952 -0.7184 -0.0230
vn -0.5607 -0.8179 -0.1289
vn -0.5753 -0.7950 -0.1922
vn -0.5917 -0.7656 -0.2525
vn -0.8635 -0.5033 -0.0314
vn -0.8513 -0.5156 -0.0975
vn -0.8351 -0.5258 -0.1616
vn -0.8125 -0.5363 -0.2284
vn -0.8278 -0.5603 -0.0269
vn -0.7894 -0.6135 -0.0230
vn -0.7446 -0.6671 -0.0214
vn -0.6732 -0.5798 -0.4589
vn -0.6494 -0.6424 -0.4069
vn -0.6289 -0.6890 -0.3603
vn -0.6095 -0.7304 -0.3084
vn -0.7156 -0.5680 -0.4066
vn -0.7504 -0.5576 -0.3549
vn -0.7836 -0.5470 -0.2944
vn -0.5998 -0.7932 0.1053
vn -0.6065 -0.7766 0.1705
vn -0.6182 -0.7506 0.2334
vn -0.6447 -0.7596 0.0854
vn -0.6460 -0.7492 0.1465
vn -0.6520 -0.7289 0.2087
vn -0.6865 -0.6226 0.3756
vn -0.7245 -0.6036 0.3327
vn -0.7611 -0.5862 0.2775
vn -0.6599 -0.6713 0.3374
vn -0.6966 -0.6501 0.3036
vn -0.7346 -0.6282 0.2565
vn -0.8225 -0.5625 0.0839
vn -0.7869 -0.6127 0.0729
vn -0.7435 -0.6654 0.0672
vn -0.8111 -0.5663 0.1463
vn -0.7801 -0.6119 0.1305
vn -0.7403 -0.6616 0.1197
vn -0.6362 -0.7151 0.2897
vn -0.6696 -0.6943 0.2637
vn -0.7911 -0.5734 0.2128
vn -0.7646 -0.6145 0.1944
vn -0.6942 -0.7162 0.0714
vn -0.6921 -0.7108 0.1255
vn -0.6885 -0.7024 0.1807
vn -0.7055 -0.6692 0.2334
vn -0.7350 -0.6553 0.1742
vn -0.5424 -0.8387 0.0493
vn -0.5607 -0.8179 0.1289
vn -0.5753 -0.7950 0.1922
vn -0.5917 -0.7656 0.2525
vn -0.5967 -0.8017 0.0365
vn -0.6448 -0.7639 0.0282
vn -0.6952 -0.7184 0.0230
vn -0.6732 -0.5798 0.4589
vn -0.7156 -0.5680 0.4066
vn -0.7504 -0.5576 0.3549
vn -0.7836 -0.5470 0.2944
vn -0.6494 -0.6424 0.4069
vn -0.6289 -0.6890 0.3603
vn -0.6095 -0.7304 0.3084
vn -0.8635 -0.5033 0.0314
vn -0.8278 -0.5603 0.0269
vn -0.7894 -0.6135 0.0230
vn -0.7446 -0.6671 0.0214
vn -0.8513 -0.5156 0.0975
vn -0.8351 -0.5258 0.1616
vn -0.8125 -0.5363 0.2284
vn -0.4964 -0.8463 0.1934
vn -0.4607 -0.8555 0.2362
vn -0.4226 -0.8607 0.2839
vn -0.5219 -0.8195 0.2370
vn -0.4875 -0.8311 0.2675
vn -0.4488 -0.8397 0.3057
vn -0.3255 -0.8399 0.4343
vn -0.3725 -0.8136 0.4465
vn -0.4236 -0.7833 0.4551
vn -0.3539 -0.8515 0.3869
vn -0.3903 -0.8273 0.4040
vn -0.4339 -0.7979 0.4184
vn -0.5742 -0.6906 0.4396
vn -0.5706 -0.7221 0.3911
vn -0.5617 -0.7550 0.3383
vn -0.5280 -0.7203 0.4499
vn -0.5314 -0.7430 0.4068
vn -0.5296 -0.7696 0.3568
vn -0.3862 -0.8593 0.3353
vn -0.4139 -0.8384 0.3547
vn -0.4767 -0.7514 0.4562
vn -0.4845 -0.7677 0.4194
vn -0.5451 -0.7882 0.2857
vn -0.5138 -0.8012 0.3067
vn -0.4777 -0.8144 0.3295
vn -0.4443 -0.8131 0.3763
vn -0.4927 -0.7842 0.3772
vn -0.5040 -0.8594 0.0863
vn -0.4702 -0.8686 0.1565
vn -0.4372 -0.8741 0.2115
vn -0.4009 -0.8767 0.2659
vn -0.5287 -0.8342 0.1569
vn -0.5497 -0.8078 0.2127
vn -0.5698 -0.7767 0.2683
vn -0.2311 -0.8501 0.4733
vn -0.3019 -0.8258 0.4764
vn -0.3585 -0.8003 0.4806
vn -0.4148 -0.7704 0.4842
vn -0.2844 -0.8620 0.4197
vn -0.3245 -0.8701 0.3711
vn -0.3634 -0.8753 0.3191
vn -0.6297 -0.6091 0.4821
vn -0.6143 -0.6640 0.4264
vn -0.6017 -0.7046 0.3762
vn -0.5872 -0.7423 0.3228
vn -0.5732 -0.6623 0.4825
vn -0.5231 -0.7013 0.4844
vn -0.4697 -0.7374 0.4854
vn -0.2761 -0.7812 0.5599
vn -0.2713 -0.7458 0.6084
vn -0.2730 -0.7008 0.6591
vn -0.3366 -0.7661 0.5475
vn -0.3263 -0.7368 0.5921
vn -0.3206 -0.6967 0.6417
vn -0.3201 -0.5457 0.7745
vn -0.3723 -0.5510 0.7468
vn -0.4264 -0.5602 0.7102
vn -0.3004 -0.5958 0.7449
vn -0.3498 -0.5963 0.7226
vn -0.4026 -0.6009 0.6906
vn -0.5461 -0.6169 0.5667
vn -0.5035 -0.6649 0.5517
vn -0.4532 -0.7075 0.5423
vn -0.5171 -0.5955 0.6148
vn -0.4828 -0.6415 0.5962
vn -0.4389 -0.6849 0.5816
vn -0.2832 -0.6488 0.7063
vn -0.3290 -0.6463 0.6885
vn -0.4767 -0.5754 0.6645
vn -0.4504 -0.6171 0.6452
vn -0.3969 -0.7416 0.5409
vn -0.3841 -0.7182 0.5802
vn -0.3691 -0.6898 0.6228
vn -0.3763 -0.6416 0.6684
vn -0.4214 -0.6579 0.6242
vn -0.2093 -0.8274 0.5212
vn -0.2137 -0.7884 0.5769
vn -0.2203 -0.7489 0.6250
vn -0.2302 -0.7021 0.6739
vn -0.2860 -0.8077 0.5156
vn -0.3473 -0.7861 0.5113
vn -0.4067 -0.7581 0.5098
vn -0.2850 -0.4860 0.8262
vn -0.3400 -0.4993 0.7969
vn -0.3925 -0.5110 0.7647
vn -0.4463 -0.5234 0.7258
vn -0.2711 -0.5425 0.7951
vn -0.2570 -0.5956 0.7611
vn -0.2429 -0.6497 0.7203
vn -0.6200 -0.5777 0.5309
vn -0.5649 -0.6389 0.5222
vn -0.5160 -0.6843 0.5153
vn -0.4628 -0.7243 0.5111
vn -0.5828 -0.5628 0.5861
vn -0.5445 -0.5499 0.6334
vn -0.4982 -0.5366 0.6811
vn 0.7697 -0.6266 -0.1221
vn 0.7255 -0.6745 -0.1364
vn 0.6783 -0.7172 -0.1602
vn 0.7748 -0.6060 -0.1802
vn 0.7350 -0.6520 -0.1863
vn 0.6899 -0.6953 -0.2017
vn 0.5421 -0.7904 -0.2853
vn 0.5664 -0.7558 -0.3285
vn 0.5975 -0.7115 -0.3697
vn 0.5849 -0.7756 -0.2374
vn 0.6026 -0.7470 -0.2807
vn 0.6271 -0.7076 -0.3256
vn 0.7057 -0.5573 -0.4375
vn 0.7332 -0.5628 -0.3816
vn 0.7567 -0.5719 -0.3169
vn 0.6714 -0.6074 -0.4247
vn 0.6996 -0.6081 -0.3752
vn 0.7248 -0.6126 -0.3153
vn 0.6308 -0.7512 -0.1943
vn 0.6435 -0.7285 -0.2348
vn 0.6340 -0.6601 -0.4029
vn 0.6619 -0.6578 -0.3595
vn 0.7712 -0.5867 -0.2471
vn 0.7375 -0.6283 -0.2475
vn 0.7007 -0.6689 -0.2481
vn 0.6563 -0.7008 -0.2796
vn 0.6895 -0.6531 -0.3132
vn 0.8090 -0.5859 -0.0461
vn 0.7585 -0.6476 -0.0736
vn 0.7140 -0.6931 -0.0986
vn 0.6677 -0.7332 -0.1285
vn 0.8119 -0.5723 -0.1152
vn 0.8089 -0.5603 -0.1785
vn 0.7992 -0.5477 -0.2474
vn 0.4644 -0.8351 -0.2948
vn 0.5002 -0.7971 -0.3381
vn 0.5336 -0.7586 -0.3739
vn 0.5705 -0.7125 -0.4086
vn 0.5244 -0.8162 -0.2425
vn 0.5726 -0.7949 -0.2007
vn 0.6207 -0.7670 -0.1624
vn 0.7071 -0.4969 -0.5030
vn 0.7361 -0.5107 -0.4441
vn 0.7611 -0.5227 -0.3841
vn 0.7829 -0.5350 -0.3177
vn 0.6767 -0.5538 -0.4852
vn 0.6445 -0.6069 -0.4652
vn 0.6084 -0.6607 -0.4396
vn 0.7167 -0.6974 -0.0000
vn 0.6850 -0.7276 0.0373
vn 0.6467 -0.7591 0.0746
vn 0.6850 -0.7276 -0.0373
vn 0.6623 -0.7492 -0.0000
vn 0.6315 -0.7744 0.0396
vn 0.5099 -0.8469 0.1510
vn 0.5057 -0.8575 0.0945
vn 0.5022 -0.8641 0.0322
vn 0.5555 -0.8210 0.1317
vn 0.5454 -0.8338 0.0858
vn 0.5361 -0.8436 0.0308
vn 0.5099 -0.8469 -0.1510
vn 0.5555 -0.8210 -0.1317
vn 0.6024 -0.7910 -0.1068
vn 0.5057 -0.8575 -0.0945
vn 0.5454 -0.8338 -0.0858
vn 0.5894 -0.8048 -0.0704
vn 0.6024 -0.7910 0.1068
vn 0.5894 -0.8048 0.0704
vn 0.5022 -0.8641 -0.0322
vn 0.5361 -0.8436 -0.0308
vn 0.6467 -0.7591 -0.0746
vn 0.6315 -0.7744 -0.0396
vn 0.6133 -0.7898 -0.0000
vn 0.5733 -0.8188 0.0294
vn 0.5733 -0.8188 -0.0294
vn 0.7875 -0.6163 -0.0000
vn 0.7415 -0.6700 0.0358
vn 0.7014 -0.7094 0.0687
vn 0.6582 -0.7458 0.1030
vn 0.7415 -0.6700 -0.0358
vn 0.7014 -0.7094 -0.0687
vn 0.6582 -0.7458 -0.1030
vn 0.4548 -0.8572 0.2418
vn 0.4676 -0.8685 0.1646
vn 0.4725 -0.8756 0.0999
vn 0.4744 -0.8797 0.0333
vn 0.5148 -0.8336 0.2003
vn 0.5639 -0.8085 0.1685
vn 0.6123 -0.7788 0.1362
vn 0.4548 -0.8572 -0.2418
vn 0.5148 -0.8336 -0.2003
vn 0.5639 -0.8085 -0.1685
vn 0.6123 -0.7788 -0.1362
vn 0.4676 -0.8685 -0.1646
vn 0.4725 -0.8756 -0.0999
vn 0.4744 -0.8797 -0.0333
vn 0.3820 -0.9095 0.1638
vn 0.3306 -0.9319 0.1492
vn 0.2745 -0.9536 0.1238
vn 0.4046 -0.9089 0.1013
vn 0.3569 -0.9293 0.0950
vn 0.3014 -0.9502 0.0788
vn 0.1308 -0.9914 -0.0000
vn 0.1713 -0.9843 -0.0438
vn 0.2194 -0.9717 -0.0871
vn 0.1712 -0.9843 0.0438
vn 0.2045 -0.9789 -0.0000
vn 0.2468 -0.9680 -0.0447
vn 0.3820 -0.9095 -0.1638
vn 0.4046 -0.9089 -0.1013
vn 0.4173 -0.9081 -0.0342
vn 0.3306 -0.9319 -0.1492
vn 0.3569 -0.9293 -0.0950
vn 0.3754 -0.9263 -0.0333
vn 0.2194 -0.9717 0.0871
vn 0.2468 -0.9680 0.0447
vn 0.2745 -0.9536 -0.1238
vn 0.3014 -0.9502 -0.0788
vn 0.4173 -0.9081 0.0342
vn 0.3754 -0.9263 0.0333
vn 0.3276 -0.9443 0.0317
vn 0.2744 -0.9616 -0.0000
vn 0.3276 -0.9443 -0.0317
vn 0.4044 -0.8801 0.2490
vn 0.3506 -0.9094 0.2238
vn 0.3017 -0.9329 0.1968
vn 0.2490 -0.9547 0.1628
vn 0.4277 -0.8879 0.1692
vn 0.4418 -0.8912 0.1024
vn 0.4490 -0.8929 0.0340
vn 0.0487 -0.9988 -0.0000
vn 0.0967 -0.9944 -0.0420
vn 0.1439 -0.9862 -0.0826
vn 0.1952 -0.9729 -0.1237
vn 0.0967 -0.9944 0.0420
vn 0.1439 -0.9862 0.0826
vn 0.1952 -0.9729 0.1237
vn 0.4044 -0.8801 -0.2490
vn 0.4277 -0.8879 -0.1692
vn 0.4418 -0.8912 -0.1024
vn 0.4490 -0.8929 -0.0340
vn 0.3506 -0.9094 -0.2238
vn 0.3017 -0.9329 -0.1968
vn 0.2490 -0.9547 -0.1628
vn -0.0886 -0.7782 0.6217
vn -0.0329 -0.7614 0.6475
vn 0.0192 -0.7353 0.6775
vn -0.1195 -0.7434 0.6581
vn -0.0659 -0.7327 0.6773
vn -0.0128 -0.7125 0.7016
vn 0.1238 -0.6076 0.7846
vn 0.0743 -0.5870 0.8061
vn 0.0148 -0.5684 0.8226
vn 0.0983 -0.6561 0.7482
vn 0.0573 -0.6335 0.7716
vn 0.0044 -0.6103 0.7922
vn -0.1724 -0.5435 0.8215
vn -0.1719 -0.5938 0.7860
vn -0.1644 -0.6469 0.7446
vn -0.1146 -0.5472 0.8291
vn -0.1194 -0.5928 0.7965
vn -0.1173 -0.6429 0.7569
vn 0.0635 -0.6998 0.7115
vn 0.0304 -0.6778 0.7346
vn -0.0507 -0.5547 0.8305
vn -0.0590 -0.5957 0.8011
vn -0.1464 -0.6988 0.7002
vn -0.0981 -0.6931 0.7141
vn -0.0484 -0.6848 0.7271
vn -0.0072 -0.6515 0.7586
vn -0.0679 -0.6368 0.7680
vn -0.1212 -0.8261 0.5504
vn -0.0560 -0.8042 0.5917
vn -0.0042 -0.7809 0.6246
vn 0.0443 -0.7513 0.6584
vn -0.1487 -0.7873 0.5983
vn -0.1702 -0.7481 0.6413
vn -0.1895 -0.7014 0.6871
vn 0.2017 -0.5671 0.7985
vn 0.1420 -0.5532 0.8209
vn 0.0858 -0.5413 0.8364
vn 0.0229 -0.5294 0.8481
vn 0.1631 -0.6289 0.7602
vn 0.1282 -0.6750 0.7266
vn 0.0883 -0.7162 0.6923
vn -0.2299 -0.4852 0.8436
vn -0.2239 -0.5418 0.8102
vn -0.2164 -0.5950 0.7741
vn -0.2051 -0.6491 0.7325
vn -0.1687 -0.4969 0.8512
vn -0.1082 -0.5071 0.8551
vn -0.0434 -0.5178 0.8544
vn 0.0209 -0.8350 0.5498
vn 0.0701 -0.8459 0.5287
vn 0.1245 -0.8531 0.5067
vn 0.0519 -0.8075 0.5875
vn 0.0897 -0.8208 0.5641
vn 0.1359 -0.8314 0.5388
vn 0.2911 -0.8389 0.4599
vn 0.2870 -0.8111 0.5097
vn 0.2783 -0.7789 0.5620
vn 0.2389 -0.8483 0.4725
vn 0.2428 -0.8231 0.5134
vn 0.2419 -0.7923 0.5601
vn 0.2160 -0.6802 0.7005
vn 0.1738 -0.7107 0.6817
vn 0.1296 -0.7429 0.6568
vn 0.2400 -0.7117 0.6602
vn 0.2003 -0.7333 0.6497
vn 0.1562 -0.7589 0.6321
vn 0.1821 -0.8539 0.4875
vn 0.1908 -0.8322 0.5206
vn 0.2622 -0.7450 0.6134
vn 0.2266 -0.7601 0.6091
vn 0.0880 -0.7760 0.6246
vn 0.1165 -0.7904 0.6014
vn 0.1481 -0.8053 0.5740
vn 0.2006 -0.8061 0.5567
vn 0.1861 -0.7754 0.6034
vn -0.0768 -0.8478 0.5246
vn -0.0040 -0.8582 0.5133
vn 0.0552 -0.8652 0.4984
vn 0.1152 -0.8696 0.4801
vn -0.0214 -0.8217 0.5696
vn 0.0218 -0.7947 0.6066
vn 0.0649 -0.7634 0.6427
vn 0.3572 -0.8535 0.3794
vn 0.3371 -0.8268 0.4503
vn 0.3226 -0.7992 0.5071
vn 0.3075 -0.7672 0.5629
vn 0.2910 -0.8622 0.4147
vn 0.2340 -0.8677 0.4386
vn 0.1748 -0.8705 0.4602
vn 0.2362 -0.5980 0.7659
vn 0.1915 -0.6519 0.7337
vn 0.1509 -0.6918 0.7062
vn 0.1079 -0.7291 0.6759
vn 0.2548 -0.6529 0.7133
vn 0.2726 -0.6937 0.6666
vn 0.2909 -0.7320 0.6161
vn 0.4224 -0.7855 0.4523
vn 0.4690 -0.7518 0.4636
vn 0.5158 -0.7081 0.4822
vn 0.3910 -0.7677 0.5076
vn 0.4356 -0.7402 0.5123
vn 0.4836 -0.7016 0.5233
vn 0.6088 -0.5536 0.5682
vn 0.5645 -0.5564 0.6098
vn 0.5114 -0.5626 0.6496
vn 0.5875 -0.6040 0.5386
vn 0.5494 -0.6021 0.5794
vn 0.5013 -0.6038 0.6198
vn 0.3394 -0.6109 0.7153
vn 0.3398 -0.6599 0.6701
vn 0.3478 -0.7043 0.6189
vn 0.3927 -0.5918 0.7039
vn 0.3872 -0.6386 0.6651
vn 0.3884 -0.6834 0.6182
vn 0.5568 -0.6569 0.5083
vn 0.5245 -0.6521 0.5474
vn 0.4519 -0.5747 0.6822
vn 0.4431 -0.6169 0.6505
vn 0.3651 -0.7406 0.5641
vn 0.4053 -0.7189 0.5647
vn 0.4497 -0.6923 0.5644
vn 0.4896 -0.6450 0.5868
vn 0.4334 -0.6582 0.6155
vn 0.4085 -0.8329 0.3733
vn 0.4588 -0.7954 0.3960
vn 0.5015 -0.7572 0.4184
vn 0.5442 -0.7114 0.4448
vn 0.3782 -0.8104 0.4474
vn 0.3543 -0.7863 0.5062
vn 0.3335 -0.7558 0.5635
vn 0.6708 -0.4956 0.5517
vn 0.6233 -0.5067 0.5956
vn 0.5744 -0.5159 0.6356
vn 0.5192 -0.5254 0.6741
vn 0.6457 -0.5526 0.5270
vn 0.6179 -0.6058 0.5012
vn 0.5839 -0.6597 0.4731
vn 0.2829 -0.5684 0.7726
vn 0.2931 -0.6309 0.7184
vn 0.3028 -0.6778 0.6700
vn 0.3164 -0.7198 0.6179
vn 0.3448 -0.5562 0.7561
vn 0.4005 -0.5458 0.7360
vn 0.4598 -0.5355 0.7083
vt 0.181819 0.018058
vt 0.187412 0.026318
vt 0.181819 0.032987
vt 0.176226 0.026318
vt 0.192826 0.034666
vt 0.187042 0.039755
vt 0.197962 0.043167
vt 0.191644 0.046815
vt 0.176596 0.039755
vt 0.170812 0.034666
vt 0.181819 0.044793
vt 0.185930 0.050114
vt 0.210724 0.069720
vt 0.200536 0.070424
vt 0.198391 0.062237
vt 0.207062 0.060728
vt 0.191006 0.070931
vt 0.190016 0.063376
vt 0.181819 0.071127
vt 0.181819 0.063832
vt 0.195417 0.054329
vt 0.202728 0.051865
vt 0.188455 0.056334
vt 0.181819 0.057234
vt 0.152914 0.069720
vt 0.156576 0.060728
vt 0.165247 0.062237
vt 0.163102 0.070424
vt 0.160910 0.051865
vt 0.168221 0.054329
vt 0.165676 0.043167
vt 0.171994 0.046815
vt 0.173622 0.063376
vt 0.172632 0.070931
vt 0.175183 0.056334
vt 0.177708 0.050114
vt 0.197962 0.043167
vt 0.181819 0.063832
vt 0.181819 0.071127
vt 0.165676 0.043167
vt 0.181819 0.052487
vt 0.181819 0.000000
vt 0.187501 0.009841
vt 0.176137 0.009841
vt 0.193183 0.019683
vt 0.198864 0.029524
vt 0.204546 0.039365
vt 0.170455 0.019683
vt 0.164774 0.029524
vt 0.159092 0.039365
vt 0.227273 0.078731
vt 0.212383 0.078953
vt 0.221592 0.068889
vt 0.201350 0.078799
vt 0.191363 0.078739
vt 0.181819 0.078731
vt 0.215910 0.059048
vt 0.210228 0.049207
vt 0.204546 0.039365
vt 0.136365 0.078731
vt 0.142046 0.068889
vt 0.151255 0.078953
vt 0.147728 0.059048
vt 0.153410 0.049207
vt 0.162288 0.078799
vt 0.172275 0.078739
vt 0.181819 0.078730
vt 0.289277 0.148450
vt 0.292940 0.139458
vt 0.301611 0.140968
vt 0.299465 0.149155
vt 0.297273 0.130596
vt 0.304585 0.133060
vt 0.302040 0.121897
vt 0.308358 0.125545
vt 0.309985 0.142107
vt 0.308996 0.149661
vt 0.311547 0.135064
vt 0.314072 0.128844
vt 0.318654 0.097568
vt 0.324358 0.106039
vt 0.318340 0.111991
vt 0.312698 0.105236
vt 0.329562 0.114040
vt 0.323514 0.118674
vt 0.334325 0.121897
vt 0.328007 0.125545
vt 0.312979 0.118520
vt 0.307189 0.113420
vt 0.318196 0.123547
vt 0.322293 0.128844
vt 0.346617 0.147634
vt 0.336787 0.148958
vt 0.334597 0.140694
vt 0.342848 0.138459
vt 0.327355 0.149637
vt 0.326360 0.142073
vt 0.318182 0.149858
vt 0.318183 0.142562
vt 0.331672 0.132872
vt 0.338720 0.129952
vt 0.324804 0.135041
vt 0.318182 0.135964
vt 0.308358 0.125545
vt 0.302040 0.121897
vt 0.334325 0.121897
vt 0.318183 0.142562
vt 0.318183 0.149858
vt 0.318182 0.131218
vt 0.272728 0.157461
vt 0.278410 0.147620
vt 0.287616 0.157687
vt 0.284092 0.137778
vt 0.289773 0.127937
vt 0.295455 0.118096
vt 0.298651 0.157529
vt 0.308639 0.157470
vt 0.318182 0.157461
vt 0.318182 0.078731
vt 0.325820 0.091515
vt 0.312501 0.088572
vt 0.331203 0.101147
vt 0.336145 0.109826
vt 0.340910 0.118096
vt 0.306819 0.098413
vt 0.301137 0.108254
vt 0.295455 0.118096
vt 0.363637 0.157461
vt 0.348619 0.157461
vt 0.356128 0.144455
vt 0.337674 0.157461
vt 0.327721 0.157461
vt 0.350656 0.134976
vt 0.345679 0.126357
vt 0.340910 0.118096
vt 0.909091 0.018058
vt 0.914684 0.026318
vt 0.909091 0.032987
vt 0.903498 0.026318
vt 0.920098 0.034666
vt 0.914314 0.039755
vt 0.925234 0.043167
vt 0.918916 0.046815
vt 0.903868 0.039755
vt 0.898084 0.034666
vt 0.909091 0.044793
vt 0.913202 0.050114
vt 0.937997 0.069720
vt 0.927809 0.070424
vt 0.925663 0.062237
vt 0.934334 0.060728
vt 0.918278 0.070931
vt 0.917288 0.063376
vt 0.909091 0.071127
vt 0.909091 0.063832
vt 0.922689 0.054329
vt 0.930000 0.051865
vt 0.915727 0.056334
vt 0.909091 0.057234
vt 0.880186 0.069720
vt 0.883848 0.060728
vt 0.892519 0.062237
vt 0.890374 0.070424
vt 0.888182 0.051865
vt 0.895493 0.054329
vt 0.892948 0.043167
vt 0.899266 0.046815
vt 0.900894 0.063376
vt 0.899904 0.070931
vt 0.902455 0.056334
vt 0.904980 0.050114
vt 0.918916 0.046815
vt 0.925234 0.043167
vt 0.909091 0.063832
vt 0.909091 0.071127
vt 0.892948 0.043167
vt 0.909091 0.052487
vt 0.909091 0.000000
vt 0.914773 0.009841
vt 0.903409 0.009841
vt 0.920455 0.019683
vt 0.926136 0.029524
vt 0.931818 0.039365
vt 0.897727 0.019683
vt 0.892046 0.029524
vt 0.886364 0.039365
vt 0.954545 0.078731
vt 0.939655 0.078953
vt 0.948864 0.068889
vt 0.928622 0.078799
vt 0.918635 0.078739
vt 0.909091 0.078731
vt 0.943182 0.059048
vt 0.937500 0.049207
vt 0.863636 0.078731
vt 0.869318 0.068889
vt 0.878527 0.078953
vt 0.875000 0.059048
vt 0.880682 0.049207
vt 0.889560 0.078799
vt 0.899547 0.078739
vt 0.909091 0.078730
vt 0.727273 0.018058
vt 0.732866 0.026318
vt 0.727273 0.032987
vt 0.721680 0.026318
vt 0.738280 0.034666
vt 0.732496 0.039755
vt 0.743416 0.043167
vt 0.737098 0.046815
vt 0.722050 0.039755
vt 0.716266 0.034666
vt 0.727273 0.044793
vt 0.731384 0.050114
vt 0.756178 0.069720
vt 0.745991 0.070424
vt 0.743845 0.062237
vt 0.752516 0.060728
vt 0.736460 0.070931
vt 0.735470 0.063376
vt 0.727273 0.071127
vt 0.727273 0.063832
vt 0.740871 0.054329
vt 0.748182 0.051865
vt 0.733909 0.056334
vt 0.727273 0.057234
vt 0.698368 0.069720
vt 0.702030 0.060728
vt 0.710701 0.062237
vt 0.708556 0.070424
vt 0.706364 0.051865
vt 0.713675 0.054329
vt 0.711130 0.043167
vt 0.717448 0.046815
vt 0.719076 0.063376
vt 0.718086 0.070931
vt 0.720637 0.056334
vt 0.723162 0.050114
vt 0.743416 0.043167
vt 0.727273 0.063832
vt 0.727273 0.071127
vt 0.711130 0.043167
vt 0.727273 0.052487
vt 0.727273 0.000000
vt 0.732955 0.009841
vt 0.721591 0.009841
vt 0.738637 0.019683
vt 0.744318 0.029524
vt 0.750000 0.039365
vt 0.715909 0.019683
vt 0.710228 0.029524
vt 0.704546 0.039365
vt 0.772727 0.078731
vt 0.757837 0.078953
vt 0.767046 0.068889
vt 0.746804 0.078799
vt 0.736817 0.078739
vt 0.727273 0.078731
vt 0.761364 0.059048
vt 0.755682 0.049207
vt 0.681818 0.078731
vt 0.687500 0.068889
vt 0.696709 0.078953
vt 0.693182 0.059048
vt 0.698864 0.049207
vt 0.707742 0.078799
vt 0.717729 0.078739
vt 0.727273 0.078730
vt 0.545455 0.018058
vt 0.551048 0.026318
vt 0.545455 0.032987
vt 0.539862 0.026318
vt 0.556462 0.034666
vt 0.550678 0.039755
vt 0.561598 0.043167
vt 0.555280 0.046815
vt 0.540232 0.039755
vt 0.534448 0.034666
vt 0.545455 0.044793
vt 0.549566 0.050114
vt 0.574360 0.069720
vt 0.564172 0.070424
vt 0.562027 0.062237
vt 0.570698 0.060728
vt 0.554642 0.070931
vt 0.553652 0.063376
vt 0.545455 0.071127
vt 0.545455 0.063832
vt 0.559053 0.054329
vt 0.566364 0.051865
vt 0.552091 0.056334
vt 0.545455 0.057234
vt 0.516550 0.069720
vt 0.520212 0.060728
vt 0.528883 0.062237
vt 0.526738 0.070424
vt 0.524546 0.051865
vt 0.531857 0.054329
vt 0.529312 0.043167
vt 0.535630 0.046815
vt 0.537258 0.063376
vt 0.536268 0.070931
vt 0.538819 0.056334
vt 0.541344 0.050114
vt 0.555280 0.046815
vt 0.561598 0.043167
vt 0.545455 0.063832
vt 0.545455 0.071127
vt 0.535630 0.046815
vt 0.529312 0.043167
vt 0.545455 0.052487
vt 0.545455 0.000000
vt 0.551137 0.009841
vt 0.539773 0.009841
vt 0.556819 0.019683
vt 0.562500 0.029524
vt 0.568182 0.039365
vt 0.534091 0.019683
vt 0.528410 0.029524
vt 0.522728 0.039365
vt 0.590909 0.078731
vt 0.576020 0.078953
vt 0.585228 0.068889
vt 0.564986 0.078799
vt 0.554999 0.078739
vt 0.545455 0.078731
vt 0.579546 0.059048
vt 0.573864 0.049207
vt 0.500000 0.078731
vt 0.505682 0.068889
vt 0.514891 0.078953
vt 0.511364 0.059048
vt 0.517046 0.049207
vt 0.525924 0.078799
vt 0.535911 0.078739
vt 0.545455 0.078730
vt 0.289738 0.167306
vt 0.299574 0.165972
vt 0.301768 0.174228
vt 0.293517 0.176463
vt 0.309009 0.165287
vt 0.310005 0.172849
vt 0.318183 0.165064
vt 0.318183 0.172360
vt 0.304693 0.182050
vt 0.297645 0.184970
vt 0.311560 0.179881
vt 0.318182 0.178957
vt 0.346617 0.167288
vt 0.342848 0.176463
vt 0.334597 0.174228
vt 0.336787 0.165964
vt 0.338720 0.184970
vt 0.331672 0.182050
vt 0.334325 0.193025
vt 0.328007 0.189377
vt 0.326360 0.172849
vt 0.327355 0.165285
vt 0.324805 0.179881
vt 0.322293 0.186078
vt 0.318183 0.216538
vt 0.312121 0.208686
vt 0.318183 0.202658
vt 0.324244 0.208686
vt 0.306818 0.200858
vt 0.312871 0.196214
vt 0.302040 0.193025
vt 0.308358 0.189377
vt 0.323494 0.196214
vt 0.329547 0.200857
vt 0.318183 0.191351
vt 0.314072 0.186078
vt 0.318183 0.172360
vt 0.334325 0.193025
vt 0.308358 0.189377
vt 0.302040 0.193025
vt 0.318182 0.183704
vt 0.287616 0.157687
vt 0.280235 0.170472
vt 0.298651 0.157529
vt 0.318182 0.157461
vt 0.285709 0.179946
vt 0.290686 0.188565
vt 0.295455 0.196826
vt 0.356128 0.170467
vt 0.348619 0.157461
vt 0.350656 0.179946
vt 0.345679 0.188565
vt 0.340910 0.196826
vt 0.327721 0.157461
vt 0.318183 0.236191
vt 0.310673 0.223185
vt 0.325692 0.223185
vt 0.305201 0.213707
vt 0.300225 0.205087
vt 0.331164 0.213706
vt 0.336140 0.205087
vt 0.340910 0.196826
vt 0.107930 0.167288
vt 0.117756 0.165972
vt 0.119950 0.174228
vt 0.111704 0.176454
vt 0.127191 0.165287
vt 0.128187 0.172849
vt 0.136365 0.165064
vt 0.136365 0.172360
vt 0.122875 0.182050
vt 0.115828 0.184969
vt 0.129742 0.179881
vt 0.136364 0.178957
vt 0.164799 0.167288
vt 0.161030 0.176463
vt 0.152779 0.174228
vt 0.154969 0.165964
vt 0.156902 0.184970
vt 0.149854 0.182050
vt 0.152507 0.193025
vt 0.146189 0.189377
vt 0.144542 0.172849
vt 0.145537 0.165285
vt 0.142987 0.179881
vt 0.140475 0.186078
vt 0.136364 0.216538
vt 0.130303 0.208686
vt 0.136364 0.202658
vt 0.142426 0.208686
vt 0.125000 0.200858
vt 0.131053 0.196214
vt 0.120222 0.193025
vt 0.126540 0.189377
vt 0.141676 0.196214
vt 0.147729 0.200857
vt 0.136364 0.191351
vt 0.132254 0.186078
vt 0.152507 0.193025
vt 0.120222 0.193025
vt 0.136365 0.183704
vt 0.090910 0.157461
vt 0.105800 0.157683
vt 0.098547 0.170245
vt 0.116833 0.157529
vt 0.126821 0.157470
vt 0.136365 0.157461
vt 0.103931 0.179877
vt 0.108873 0.188557
vt 0.113637 0.196826
vt 0.181819 0.157461
vt 0.174310 0.170467
vt 0.166801 0.157461
vt 0.168838 0.179946
vt 0.163861 0.188565
vt 0.159092 0.196826
vt 0.155856 0.157461
vt 0.145903 0.157461
vt 0.136364 0.236191
vt 0.128855 0.223185
vt 0.143874 0.223185
vt 0.123383 0.213707
vt 0.118407 0.205087
vt 0.113637 0.196826
vt 0.149346 0.213706
vt 0.154322 0.205087
vt 0.159092 0.196826
vt 0.835192 0.167306
vt 0.845028 0.165972
vt 0.847223 0.174228
vt 0.838971 0.176463
vt 0.854463 0.165287
vt 0.855459 0.172849
vt 0.863637 0.165064
vt 0.863636 0.172360
vt 0.850147 0.182050
vt 0.843099 0.184970
vt 0.857015 0.179881
vt 0.863637 0.178957
vt 0.892071 0.167288
vt 0.888302 0.176463
vt 0.880051 0.174228
vt 0.882241 0.165964
vt 0.884174 0.184970
vt 0.877126 0.182050
vt 0.879779 0.193025
vt 0.873461 0.189377
vt 0.871814 0.172849
vt 0.872809 0.165285
vt 0.870259 0.179881
vt 0.867747 0.186078
vt 0.863637 0.216538
vt 0.857575 0.208686
vt 0.863637 0.202658
vt 0.869698 0.208686
vt 0.852272 0.200858
vt 0.858325 0.196214
vt 0.847494 0.193025
vt 0.853812 0.189377
vt 0.868948 0.196214
vt 0.875001 0.200857
vt 0.863637 0.191351
vt 0.859526 0.186078
vt 0.863637 0.172360
vt 0.863637 0.165064
vt 0.879779 0.193025
vt 0.853812 0.189377
vt 0.847494 0.193025
vt 0.863636 0.183704
vt 0.818182 0.157461
vt 0.833070 0.157687
vt 0.825689 0.170472
vt 0.844105 0.157529
vt 0.854093 0.157470
vt 0.863636 0.157461
vt 0.831163 0.179946
vt 0.836140 0.188565
vt 0.840909 0.196826
vt 0.909091 0.157461
vt 0.901582 0.170467
vt 0.894073 0.157461
vt 0.896110 0.179946
vt 0.891133 0.188565
vt 0.886364 0.196826
vt 0.883128 0.157461
vt 0.873175 0.157461
vt 0.863637 0.236191
vt 0.856128 0.223185
vt 0.871146 0.223185
vt 0.850655 0.213707
vt 0.845679 0.205087
vt 0.876618 0.213706
vt 0.881594 0.205087
vt 0.653374 0.167306
vt 0.663210 0.165972
vt 0.665404 0.174228
vt 0.657153 0.176463
vt 0.672645 0.165287
vt 0.673641 0.172849
vt 0.681819 0.165064
vt 0.681819 0.172360
vt 0.668329 0.182050
vt 0.661281 0.184970
vt 0.675196 0.179881
vt 0.681818 0.178957
vt 0.710253 0.167288
vt 0.706484 0.176463
vt 0.698233 0.174228
vt 0.700423 0.165964
vt 0.702356 0.184970
vt 0.695308 0.182050
vt 0.697962 0.193025
vt 0.691643 0.189377
vt 0.689996 0.172849
vt 0.690991 0.165285
vt 0.688441 0.179881
vt 0.685929 0.186078
vt 0.681819 0.216538
vt 0.675757 0.208686
vt 0.681819 0.202658
vt 0.687880 0.208686
vt 0.670454 0.200858
vt 0.676507 0.196214
vt 0.665676 0.193025
vt 0.671994 0.189377
vt 0.687131 0.196214
vt 0.693183 0.200857
vt 0.681819 0.191351
vt 0.677708 0.186078
vt 0.681819 0.172360
vt 0.697961 0.193025
vt 0.671994 0.189377
vt 0.665676 0.193025
vt 0.681818 0.183704
vt 0.636364 0.157461
vt 0.651252 0.157687
vt 0.643871 0.170472
vt 0.662287 0.157529
vt 0.672275 0.157470
vt 0.681819 0.157461
vt 0.649345 0.179946
vt 0.654322 0.188565
vt 0.659091 0.196826
vt 0.727273 0.157461
vt 0.719764 0.170467
vt 0.712255 0.157461
vt 0.714292 0.179946
vt 0.709315 0.188565
vt 0.704546 0.196826
vt 0.701310 0.157461
vt 0.691357 0.157461
vt 0.681819 0.236191
vt 0.674309 0.223185
vt 0.689328 0.223185
vt 0.668837 0.213707
vt 0.663861 0.205087
vt 0.659091 0.196826
vt 0.694800 0.213706
vt 0.699776 0.205087
vt 0.704546 0.196826
vt 0.471556 0.167306
vt 0.481392 0.165972
vt 0.483586 0.174228
vt 0.475335 0.176463
vt 0.490827 0.165287
vt 0.491823 0.172849
vt 0.500001 0.165064
vt 0.500001 0.172360
vt 0.486511 0.182050
vt 0.479463 0.184970
vt 0.493379 0.179881
vt 0.500000 0.178957
vt 0.528435 0.167288
vt 0.524666 0.176463
vt 0.516415 0.174228
vt 0.518605 0.165964
vt 0.520538 0.184970
vt 0.513490 0.182050
vt 0.516143 0.193025
vt 0.509825 0.189377
vt 0.508178 0.172849
vt 0.509173 0.165285
vt 0.506622 0.179881
vt 0.504111 0.186078
vt 0.500001 0.216538
vt 0.493939 0.208686
vt 0.500001 0.202658
vt 0.506062 0.208686
vt 0.488636 0.200858
vt 0.494689 0.196214
vt 0.483858 0.193025
vt 0.490176 0.189377
vt 0.505312 0.196214
vt 0.511365 0.200857
vt 0.500000 0.191351
vt 0.495890 0.186078
vt 0.500001 0.165064
vt 0.516143 0.193025
vt 0.490176 0.189377
vt 0.483858 0.193025
vt 0.500001 0.183704
vt 0.454546 0.157461
vt 0.469434 0.157687
vt 0.462053 0.170472
vt 0.480469 0.157529
vt 0.490457 0.157470
vt 0.500001 0.157461
vt 0.467527 0.179946
vt 0.472504 0.188565
vt 0.477273 0.196826
vt 0.545455 0.157461
vt 0.537946 0.170467
vt 0.530437 0.157461
vt 0.532474 0.179946
vt 0.527497 0.188565
vt 0.522728 0.196826
vt 0.519492 0.157461
vt 0.509539 0.157461
vt 0.500001 0.236191
vt 0.492491 0.223185
vt 0.507510 0.223185
vt 0.487019 0.213707
vt 0.482043 0.205087
vt 0.512982 0.213706
vt 0.517958 0.205087
vt 0.272728 0.177114
vt 0.278790 0.184966
vt 0.272728 0.190994
vt 0.266666 0.184966
vt 0.284093 0.192795
vt 0.278040 0.197438
vt 0.288871 0.200628
vt 0.282553 0.204275
vt 0.267416 0.197438
vt 0.261363 0.192795
vt 0.272728 0.202301
vt 0.276839 0.207574
vt 0.301162 0.226364
vt 0.291332 0.227688
vt 0.289142 0.219424
vt 0.297394 0.217189
vt 0.281901 0.228367
vt 0.280906 0.220803
vt 0.272728 0.228588
vt 0.272728 0.221292
vt 0.286217 0.211602
vt 0.293265 0.208682
vt 0.279350 0.213771
vt 0.272728 0.214695
vt 0.244294 0.226364
vt 0.248062 0.217189
vt 0.256314 0.219424
vt 0.254124 0.227688
vt 0.252191 0.208682
vt 0.259239 0.211602
vt 0.256585 0.200628
vt 0.262903 0.204275
vt 0.264551 0.220803
vt 0.263556 0.228367
vt 0.266106 0.213771
vt 0.268617 0.207574
vt 0.282553 0.204275
vt 0.288871 0.200628
vt 0.272728 0.221292
vt 0.272728 0.228588
vt 0.256585 0.200628
vt 0.272728 0.209948
vt 0.280235 0.170472
vt 0.265221 0.170472
vt 0.285709 0.179946
vt 0.295455 0.196826
vt 0.259747 0.179946
vt 0.254770 0.188565
vt 0.250001 0.196826
vt 0.303164 0.236191
vt 0.310673 0.223185
vt 0.292220 0.236191
vt 0.282267 0.236191
vt 0.272728 0.236191
vt 0.305201 0.213706
vt 0.300225 0.205087
vt 0.227274 0.236191
vt 0.234783 0.223185
vt 0.242292 0.236191
vt 0.240255 0.213707
vt 0.245231 0.205087
vt 0.250001 0.196826
vt 0.253236 0.236191
vt 0.263189 0.236191
vt 0.272728 0.236191
vt 0.091381 0.176298
vt 0.097085 0.184769
vt 0.091068 0.190721
vt 0.085425 0.183966
vt 0.102289 0.192770
vt 0.096242 0.197404
vt 0.107053 0.200628
vt 0.100735 0.204275
vt 0.085706 0.197250
vt 0.079917 0.192151
vt 0.090923 0.202278
vt 0.095021 0.207574
vt 0.119344 0.226364
vt 0.109514 0.227688
vt 0.107324 0.219424
vt 0.115576 0.217189
vt 0.100082 0.228367
vt 0.099087 0.220803
vt 0.090910 0.228588
vt 0.090910 0.221292
vt 0.104399 0.211602
vt 0.111447 0.208682
vt 0.097532 0.213771
vt 0.090910 0.214695
vt 0.062004 0.227180
vt 0.065667 0.218189
vt 0.074338 0.219698
vt 0.072192 0.227885
vt 0.070001 0.209326
vt 0.077312 0.211790
vt 0.074767 0.200628
vt 0.081085 0.204275
vt 0.082713 0.220837
vt 0.081723 0.228391
vt 0.084274 0.213794
vt 0.086799 0.207574
vt 0.100735 0.204275
vt 0.107053 0.200628
vt 0.090910 0.221292
vt 0.090910 0.228588
vt 0.081085 0.204275
vt 0.090910 0.209948
vt 0.098547 0.170245
vt 0.085228 0.167302
vt 0.103931 0.179877
vt 0.108873 0.188557
vt 0.113637 0.196826
vt 0.079546 0.177144
vt 0.073864 0.186985
vt 0.068183 0.196826
vt 0.121346 0.236191
vt 0.110402 0.236191
vt 0.100449 0.236191
vt 0.090910 0.236191
vt 0.123383 0.213706
vt 0.118407 0.205087
vt 0.045455 0.236191
vt 0.051137 0.226350
vt 0.060345 0.236413
vt 0.056819 0.216509
vt 0.062501 0.206667
vt 0.071378 0.236259
vt 0.081366 0.236200
vt 0.818182 0.177114
vt 0.824244 0.184966
vt 0.818182 0.190994
vt 0.812121 0.184966
vt 0.829547 0.192795
vt 0.823494 0.197438
vt 0.834325 0.200628
vt 0.828007 0.204275
vt 0.812870 0.197438
vt 0.806817 0.192795
vt 0.818182 0.202301
vt 0.822293 0.207574
vt 0.846616 0.226364
vt 0.836786 0.227688
vt 0.834596 0.219424
vt 0.842848 0.217189
vt 0.827355 0.228367
vt 0.826360 0.220803
vt 0.818182 0.228588
vt 0.818182 0.221292
vt 0.831672 0.211602
vt 0.838720 0.208682
vt 0.824804 0.213771
vt 0.818182 0.214695
vt 0.789748 0.226364
vt 0.793517 0.217189
vt 0.801768 0.219424
vt 0.799578 0.227688
vt 0.797645 0.208682
vt 0.804693 0.211602
vt 0.802039 0.200628
vt 0.808357 0.204275
vt 0.810005 0.220803
vt 0.809010 0.228367
vt 0.811560 0.213771
vt 0.814071 0.207574
vt 0.828007 0.204275
vt 0.834325 0.200628
vt 0.818182 0.221292
vt 0.818182 0.228588
vt 0.802039 0.200628
vt 0.818182 0.209948
vt 0.825689 0.170472
vt 0.810675 0.170472
vt 0.831163 0.179946
vt 0.840909 0.196826
vt 0.805201 0.179946
vt 0.800224 0.188565
vt 0.795455 0.196826
vt 0.848618 0.236191
vt 0.856127 0.223185
vt 0.837674 0.236191
vt 0.827721 0.236191
vt 0.818182 0.236191
vt 0.850655 0.213706
vt 0.845679 0.205087
vt 0.840909 0.196826
vt 0.772728 0.236191
vt 0.780237 0.223185
vt 0.787746 0.236191
vt 0.785709 0.213707
vt 0.790686 0.205087
vt 0.795455 0.196826
vt 0.798690 0.236191
vt 0.808643 0.236191
vt 0.818182 0.236191
vt 0.636364 0.177114
vt 0.642426 0.184966
vt 0.636364 0.190994
vt 0.630302 0.184966
vt 0.647729 0.192795
vt 0.641676 0.197438
vt 0.652507 0.200628
vt 0.646189 0.204275
vt 0.631052 0.197438
vt 0.624999 0.192795
vt 0.636364 0.202301
vt 0.640475 0.207574
vt 0.664798 0.226364
vt 0.654968 0.227688
vt 0.652778 0.219424
vt 0.661030 0.217189
vt 0.645537 0.228367
vt 0.644542 0.220803
vt 0.636364 0.228588
vt 0.636364 0.221292
vt 0.649853 0.211602
vt 0.656902 0.208682
vt 0.642986 0.213771
vt 0.636364 0.214695
vt 0.607930 0.226364
vt 0.611699 0.217189
vt 0.619950 0.219424
vt 0.617760 0.227688
vt 0.615827 0.208682
vt 0.622875 0.211602
vt 0.620221 0.200628
vt 0.626539 0.204275
vt 0.628187 0.220803
vt 0.627192 0.228367
vt 0.629742 0.213771
vt 0.632253 0.207574
vt 0.646189 0.204275
vt 0.652507 0.200628
vt 0.636364 0.228588
vt 0.620221 0.200628
vt 0.636364 0.209948
vt 0.643871 0.170472
vt 0.628857 0.170472
vt 0.649345 0.179946
vt 0.659091 0.196826
vt 0.623383 0.179946
vt 0.618406 0.188565
vt 0.613637 0.196826
vt 0.666800 0.236191
vt 0.655856 0.236191
vt 0.645903 0.236191
vt 0.636364 0.236191
vt 0.668837 0.213706
vt 0.663861 0.205087
vt 0.590910 0.236191
vt 0.598419 0.223185
vt 0.605928 0.236191
vt 0.603891 0.213707
vt 0.608867 0.205087
vt 0.613637 0.196826
vt 0.616872 0.236191
vt 0.626825 0.236191
vt 0.636364 0.236191
vt 0.454546 0.177114
vt 0.460608 0.184966
vt 0.454546 0.190994
vt 0.448484 0.184966
vt 0.465911 0.192795
vt 0.459858 0.197438
vt 0.470689 0.200628
vt 0.464371 0.204275
vt 0.449234 0.197438
vt 0.443181 0.192795
vt 0.454546 0.202301
vt 0.458657 0.207574
vt 0.482980 0.226364
vt 0.473150 0.227688
vt 0.470960 0.219424
vt 0.479212 0.217189
vt 0.463719 0.228367
vt 0.462724 0.220803
vt 0.454546 0.228588
vt 0.454546 0.221292
vt 0.468035 0.211602
vt 0.475084 0.208682
vt 0.461168 0.213771
vt 0.454546 0.214695
vt 0.426112 0.226364
vt 0.429880 0.217189
vt 0.438132 0.219424
vt 0.435942 0.227688
vt 0.434009 0.208682
vt 0.441057 0.211602
vt 0.438403 0.200628
vt 0.444721 0.204275
vt 0.446369 0.220803
vt 0.445374 0.228367
vt 0.447924 0.213771
vt 0.450435 0.207574
vt 0.464371 0.204275
vt 0.470689 0.200628
vt 0.454546 0.221292
vt 0.454546 0.228588
vt 0.444721 0.204275
vt 0.438403 0.200628
vt 0.454546 0.209948
vt 0.462053 0.170472
vt 0.447039 0.170472
vt 0.467527 0.179946
vt 0.477273 0.196826
vt 0.441565 0.179946
vt 0.436588 0.188565
vt 0.431819 0.196826
vt 0.484982 0.236191
vt 0.474038 0.236191
vt 0.464085 0.236191
vt 0.454546 0.236191
vt 0.487019 0.213706
vt 0.482043 0.205087
vt 0.477273 0.196826
vt 0.409092 0.236191
vt 0.416601 0.223185
vt 0.424110 0.236191
vt 0.422073 0.213707
vt 0.427049 0.205087
vt 0.431819 0.196826
vt 0.435054 0.236191
vt 0.445007 0.236191
vt 0.454546 0.236191
vt 0.198368 0.323932
vt 0.208556 0.323228
vt 0.210702 0.331414
vt 0.202031 0.332924
vt 0.218087 0.322721
vt 0.219076 0.330275
vt 0.227274 0.322524
vt 0.227274 0.329820
vt 0.213676 0.339322
vt 0.206364 0.341786
vt 0.220638 0.337318
vt 0.227274 0.336418
vt 0.255708 0.324748
vt 0.251939 0.333923
vt 0.243688 0.331688
vt 0.245878 0.323424
vt 0.247811 0.342430
vt 0.240763 0.339510
vt 0.243416 0.350485
vt 0.237098 0.346837
vt 0.235451 0.330309
vt 0.236446 0.322746
vt 0.233895 0.337341
vt 0.231384 0.343538
vt 0.227745 0.374814
vt 0.221789 0.367146
vt 0.227431 0.360392
vt 0.233449 0.366343
vt 0.216280 0.358962
vt 0.222070 0.353862
vt 0.211131 0.350485
vt 0.217449 0.346837
vt 0.232605 0.353708
vt 0.238653 0.358342
vt 0.227287 0.348835
vt 0.223163 0.343538
vt 0.227274 0.329820
vt 0.227274 0.322524
vt 0.237098 0.346837
vt 0.243416 0.350485
vt 0.211131 0.350485
vt 0.227274 0.341165
vt 0.181819 0.314921
vt 0.196707 0.314695
vt 0.187501 0.324762
vt 0.207742 0.314853
vt 0.217730 0.314913
vt 0.227274 0.314921
vt 0.193183 0.334604
vt 0.198864 0.344445
vt 0.204546 0.354286
vt 0.272728 0.314921
vt 0.265219 0.327928
vt 0.257710 0.314921
vt 0.259747 0.337406
vt 0.254770 0.346025
vt 0.250001 0.354286
vt 0.246765 0.314921
vt 0.236812 0.314921
vt 0.227274 0.314921
vt 0.227273 0.393651
vt 0.221592 0.383810
vt 0.234911 0.380867
vt 0.215910 0.373969
vt 0.210228 0.364128
vt 0.204546 0.354286
vt 0.240294 0.371235
vt 0.245236 0.362556
vt 0.250001 0.354286
vt 0.016539 0.323950
vt 0.026732 0.323236
vt 0.028883 0.331414
vt 0.020212 0.332924
vt 0.036267 0.322722
vt 0.037258 0.330275
vt 0.045455 0.322524
vt 0.045455 0.329820
vt 0.031857 0.339322
vt 0.024546 0.341786
vt 0.038819 0.337318
vt 0.045455 0.336418
vt 0.073889 0.324748
vt 0.070121 0.333923
vt 0.061869 0.331688
vt 0.064059 0.323424
vt 0.065992 0.342430
vt 0.058944 0.339510
vt 0.061598 0.350485
vt 0.055280 0.346837
vt 0.053632 0.330310
vt 0.054627 0.322746
vt 0.052077 0.337341
vt 0.049566 0.343538
vt 0.045926 0.374814
vt 0.039970 0.367146
vt 0.045613 0.360392
vt 0.051630 0.366343
vt 0.034462 0.358962
vt 0.040251 0.353862
vt 0.029312 0.350485
vt 0.035630 0.346837
vt 0.050787 0.353708
vt 0.056834 0.358342
vt 0.045468 0.348835
vt 0.041344 0.343538
vt 0.045455 0.329820
vt 0.055280 0.346837
vt 0.061598 0.350485
vt 0.029312 0.350485
vt 0.045455 0.341165
vt 0.000000 0.314921
vt 0.014757 0.314921
vt 0.005682 0.324762
vt 0.025884 0.314921
vt 0.035906 0.314921
vt 0.045455 0.314921
vt 0.011364 0.334604
vt 0.017046 0.344445
vt 0.022728 0.354286
vt 0.090910 0.314921
vt 0.083400 0.327928
vt 0.075891 0.314921
vt 0.077928 0.337406
vt 0.072952 0.346025
vt 0.068182 0.354286
vt 0.064947 0.314921
vt 0.054994 0.314921
vt 0.045455 0.393651
vt 0.039773 0.383810
vt 0.053092 0.380867
vt 0.034091 0.373969
vt 0.028409 0.364128
vt 0.022728 0.354286
vt 0.058476 0.371235
vt 0.063418 0.362556
vt 0.068182 0.354286
vt 0.743822 0.323932
vt 0.754010 0.323228
vt 0.756156 0.331414
vt 0.747485 0.332924
vt 0.763541 0.322721
vt 0.764530 0.330275
vt 0.772728 0.322524
vt 0.772728 0.329820
vt 0.759130 0.339322
vt 0.751818 0.341786
vt 0.766092 0.337318
vt 0.772728 0.336418
vt 0.801162 0.324748
vt 0.797393 0.333923
vt 0.789142 0.331688
vt 0.791332 0.323424
vt 0.793265 0.342430
vt 0.786217 0.339510
vt 0.788870 0.350485
vt 0.782552 0.346837
vt 0.780905 0.330309
vt 0.781900 0.322746
vt 0.779350 0.337341
vt 0.776838 0.343538
vt 0.773199 0.374814
vt 0.767243 0.367146
vt 0.772885 0.360392
vt 0.778903 0.366343
vt 0.761734 0.358962
vt 0.767524 0.353862
vt 0.756585 0.350485
vt 0.762903 0.346837
vt 0.778059 0.353708
vt 0.784107 0.358342
vt 0.772741 0.348835
vt 0.768617 0.343538
vt 0.772728 0.329820
vt 0.772728 0.322524
vt 0.782552 0.346837
vt 0.788870 0.350485
vt 0.756585 0.350485
vt 0.772727 0.341165
vt 0.727273 0.314921
vt 0.742161 0.314695
vt 0.732955 0.324762
vt 0.753196 0.314853
vt 0.763184 0.314913
vt 0.772728 0.314921
vt 0.738637 0.334604
vt 0.744318 0.344445
vt 0.750000 0.354286
vt 0.818182 0.314921
vt 0.810673 0.327928
vt 0.803164 0.314921
vt 0.805201 0.337406
vt 0.800224 0.346025
vt 0.795455 0.354286
vt 0.792219 0.314921
vt 0.782266 0.314921
vt 0.772728 0.314921
vt 0.772727 0.393651
vt 0.767046 0.383810
vt 0.780365 0.380867
vt 0.761364 0.373969
vt 0.755682 0.364128
vt 0.750000 0.354286
vt 0.785748 0.371235
vt 0.790690 0.362556
vt 0.795455 0.354286
vt 0.562004 0.323932
vt 0.572192 0.323228
vt 0.574338 0.331414
vt 0.565667 0.332924
vt 0.581723 0.322721
vt 0.582712 0.330275
vt 0.590910 0.322524
vt 0.590909 0.329820
vt 0.577312 0.339322
vt 0.570000 0.341786
vt 0.584274 0.337318
vt 0.590909 0.336418
vt 0.619344 0.324748
vt 0.615575 0.333923
vt 0.607324 0.331688
vt 0.609514 0.323424
vt 0.611447 0.342430
vt 0.604399 0.339510
vt 0.607052 0.350485
vt 0.600734 0.346837
vt 0.599087 0.330309
vt 0.600082 0.322746
vt 0.597531 0.337341
vt 0.595020 0.343538
vt 0.591381 0.374814
vt 0.585425 0.367146
vt 0.591067 0.360392
vt 0.597085 0.366343
vt 0.579916 0.358962
vt 0.585706 0.353862
vt 0.574767 0.350485
vt 0.581085 0.346837
vt 0.596241 0.353708
vt 0.602289 0.358342
vt 0.590923 0.348835
vt 0.586799 0.343538
vt 0.590909 0.329820
vt 0.590910 0.322524
vt 0.600734 0.346837
vt 0.607052 0.350485
vt 0.581085 0.346837
vt 0.574767 0.350485
vt 0.590909 0.341165
vt 0.545455 0.314921
vt 0.560343 0.314695
vt 0.551137 0.324762
vt 0.571378 0.314853
vt 0.581366 0.314913
vt 0.590910 0.314921
vt 0.556819 0.334604
vt 0.562500 0.344445
vt 0.568182 0.354286
vt 0.636364 0.314921
vt 0.628855 0.327928
vt 0.621346 0.314921
vt 0.623383 0.337406
vt 0.618406 0.346025
vt 0.613637 0.354286
vt 0.610401 0.314921
vt 0.600448 0.314921
vt 0.590909 0.393651
vt 0.585228 0.383810
vt 0.598547 0.380867
vt 0.579546 0.373969
vt 0.573864 0.364128
vt 0.568182 0.354286
vt 0.603930 0.371235
vt 0.608872 0.362556
vt 0.613637 0.354286
vt 0.380186 0.323932
vt 0.390374 0.323228
vt 0.392520 0.331414
vt 0.383849 0.332924
vt 0.399905 0.322721
vt 0.400894 0.330275
vt 0.409092 0.322524
vt 0.409092 0.329820
vt 0.395494 0.339322
vt 0.388182 0.341786
vt 0.402456 0.337318
vt 0.409092 0.336418
vt 0.437526 0.324748
vt 0.433757 0.333923
vt 0.425506 0.331688
vt 0.427696 0.323424
vt 0.429629 0.342430
vt 0.422581 0.339510
vt 0.425234 0.350485
vt 0.418916 0.346837
vt 0.417269 0.330309
vt 0.418264 0.322746
vt 0.415713 0.337341
vt 0.413202 0.343538
vt 0.409563 0.374814
vt 0.403607 0.367146
vt 0.409249 0.360392
vt 0.415267 0.366343
vt 0.398098 0.358962
vt 0.403888 0.353862
vt 0.392949 0.350485
vt 0.399267 0.346837
vt 0.414423 0.353708
vt 0.420471 0.358342
vt 0.409105 0.348835
vt 0.404981 0.343538
vt 0.409092 0.329820
vt 0.409092 0.322524
vt 0.418916 0.346837
vt 0.425234 0.350485
vt 0.399267 0.346837
vt 0.392949 0.350485
vt 0.409092 0.341165
vt 0.363637 0.314921
vt 0.378525 0.314695
vt 0.369319 0.324762
vt 0.389560 0.314853
vt 0.399548 0.314913
vt 0.409092 0.314921
vt 0.375001 0.334604
vt 0.380682 0.344445
vt 0.386364 0.354286
vt 0.454546 0.314921
vt 0.447037 0.327928
vt 0.439528 0.314921
vt 0.441565 0.337406
vt 0.436588 0.346025
vt 0.431819 0.354286
vt 0.428583 0.314921
vt 0.418630 0.314921
vt 0.409092 0.393651
vt 0.403410 0.383810
vt 0.416729 0.380867
vt 0.397728 0.373969
vt 0.392046 0.364128
vt 0.386364 0.354286
vt 0.422112 0.371235
vt 0.427054 0.362556
vt 0.431819 0.354286
vt 0.425641 0.402662
vt 0.435829 0.401958
vt 0.437974 0.410145
vt 0.429303 0.411654
vt 0.445359 0.401451
vt 0.446349 0.409006
vt 0.454546 0.401255
vt 0.454546 0.408550
vt 0.440948 0.418053
vt 0.433637 0.420517
vt 0.447910 0.416048
vt 0.454546 0.415148
vt 0.483451 0.402662
vt 0.479789 0.411654
vt 0.471118 0.410145
vt 0.473263 0.401958
vt 0.475455 0.420517
vt 0.468144 0.418053
vt 0.470689 0.429215
vt 0.464371 0.425567
vt 0.462743 0.409006
vt 0.463733 0.401451
vt 0.461182 0.416048
vt 0.458657 0.422269
vt 0.454546 0.454324
vt 0.448953 0.446065
vt 0.454546 0.439395
vt 0.460139 0.446065
vt 0.443539 0.437716
vt 0.449323 0.432627
vt 0.438403 0.429215
vt 0.444721 0.425567
vt 0.459769 0.432627
vt 0.465553 0.437716
vt 0.454546 0.427589
vt 0.450435 0.422268
vt 0.454546 0.408550
vt 0.454546 0.401255
vt 0.444721 0.425567
vt 0.438403 0.429215
vt 0.454546 0.419895
vt 0.423982 0.393429
vt 0.414773 0.403493
vt 0.435015 0.393583
vt 0.445002 0.393643
vt 0.454546 0.393652
vt 0.420455 0.413334
vt 0.426137 0.423175
vt 0.431819 0.433017
vt 0.500000 0.393651
vt 0.494319 0.403493
vt 0.485110 0.393429
vt 0.488637 0.413334
vt 0.482955 0.423175
vt 0.477273 0.433017
vt 0.474077 0.393583
vt 0.464090 0.393643
vt 0.454546 0.472382
vt 0.448864 0.462541
vt 0.460228 0.462541
vt 0.443182 0.452699
vt 0.437501 0.442858
vt 0.465910 0.452699
vt 0.471591 0.442858
vt 0.426112 0.383825
vt 0.429885 0.374658
vt 0.438132 0.376885
vt 0.435937 0.385140
vt 0.434009 0.366143
vt 0.441057 0.369062
vt 0.438403 0.358088
vt 0.444721 0.361736
vt 0.446369 0.378263
vt 0.445373 0.385826
vt 0.447924 0.371231
vt 0.450435 0.365035
vt 0.454546 0.334575
vt 0.460608 0.342426
vt 0.454546 0.348454
vt 0.448484 0.342426
vt 0.465911 0.350255
vt 0.459858 0.354899
vt 0.470689 0.358088
vt 0.464371 0.361736
vt 0.449234 0.354899
vt 0.443181 0.350255
vt 0.454546 0.359762
vt 0.458657 0.365035
vt 0.482980 0.383825
vt 0.473155 0.385140
vt 0.470960 0.376885
vt 0.479207 0.374658
vt 0.463719 0.385826
vt 0.462724 0.378263
vt 0.454546 0.386048
vt 0.454546 0.378753
vt 0.468035 0.369062
vt 0.475083 0.366143
vt 0.461168 0.371231
vt 0.454546 0.372155
vt 0.464371 0.361736
vt 0.470689 0.358088
vt 0.454546 0.378753
vt 0.454546 0.386048
vt 0.454546 0.367408
vt 0.416729 0.380867
vt 0.423982 0.393429
vt 0.422112 0.371235
vt 0.427054 0.362556
vt 0.431819 0.354286
vt 0.435015 0.393583
vt 0.445002 0.393643
vt 0.454546 0.393652
vt 0.462055 0.327927
vt 0.447037 0.327927
vt 0.467527 0.337406
vt 0.472504 0.346025
vt 0.477273 0.354286
vt 0.436588 0.346025
vt 0.431819 0.354286
vt 0.485110 0.393429
vt 0.492363 0.380867
vt 0.474077 0.393583
vt 0.464090 0.393643
vt 0.454546 0.393652
vt 0.486980 0.371235
vt 0.482038 0.362556
vt 0.477273 0.354286
vt 0.471566 0.324748
vt 0.481397 0.323424
vt 0.483586 0.331688
vt 0.475335 0.333923
vt 0.490828 0.322746
vt 0.491823 0.330310
vt 0.500001 0.322524
vt 0.500000 0.329820
vt 0.486511 0.339510
vt 0.479463 0.342430
vt 0.493378 0.337341
vt 0.500000 0.336418
vt 0.528906 0.323932
vt 0.525243 0.332924
vt 0.516572 0.331414
vt 0.518718 0.323228
vt 0.520910 0.341786
vt 0.513598 0.339322
vt 0.516143 0.350485
vt 0.509825 0.346837
vt 0.508198 0.330275
vt 0.509187 0.322721
vt 0.506636 0.337318
vt 0.504111 0.343538
vt 0.499530 0.374814
vt 0.493826 0.366343
vt 0.499843 0.360392
vt 0.505485 0.367146
vt 0.488622 0.358342
vt 0.494669 0.353708
vt 0.483858 0.350485
vt 0.490176 0.346837
vt 0.505204 0.353862
vt 0.510994 0.358962
vt 0.499987 0.348835
vt 0.495890 0.343538
vt 0.500001 0.329820
vt 0.509825 0.346837
vt 0.516143 0.350485
vt 0.490176 0.346837
vt 0.483858 0.350485
vt 0.500000 0.341165
vt 0.469564 0.314921
vt 0.480509 0.314921
vt 0.490462 0.314921
vt 0.500001 0.314921
vt 0.477273 0.354286
vt 0.539773 0.324762
vt 0.530567 0.314695
vt 0.534091 0.334604
vt 0.528410 0.344445
vt 0.522728 0.354286
vt 0.519532 0.314853
vt 0.509544 0.314913
vt 0.492363 0.380867
vt 0.505682 0.383810
vt 0.486980 0.371235
vt 0.482038 0.362556
vt 0.511364 0.373969
vt 0.517046 0.364128
vt 0.522728 0.354286
vt 0.607459 0.402662
vt 0.617647 0.401958
vt 0.619792 0.410145
vt 0.611121 0.411654
vt 0.627177 0.401451
vt 0.628167 0.409006
vt 0.636364 0.401255
vt 0.636364 0.408550
vt 0.622766 0.418053
vt 0.615455 0.420517
vt 0.629728 0.416048
vt 0.636364 0.415148
vt 0.665269 0.402662
vt 0.661607 0.411654
vt 0.652936 0.410145
vt 0.655082 0.401958
vt 0.657273 0.420517
vt 0.649962 0.418053
vt 0.652507 0.429215
vt 0.646189 0.425567
vt 0.644561 0.409006
vt 0.645551 0.401451
vt 0.643000 0.416048
vt 0.640475 0.422269
vt 0.636364 0.454324
vt 0.630771 0.446065
vt 0.636364 0.439395
vt 0.641957 0.446065
vt 0.625357 0.437716
vt 0.631141 0.432627
vt 0.620221 0.429215
vt 0.626539 0.425567
vt 0.641587 0.432627
vt 0.647371 0.437716
vt 0.636364 0.427589
vt 0.632253 0.422268
vt 0.636364 0.408550
vt 0.636364 0.401255
vt 0.646189 0.425567
vt 0.626539 0.425567
vt 0.620221 0.429215
vt 0.636364 0.419895
vt 0.605800 0.393429
vt 0.596591 0.403493
vt 0.616833 0.393583
vt 0.626820 0.393643
vt 0.636364 0.393652
vt 0.602273 0.413334
vt 0.607955 0.423175
vt 0.613637 0.433017
vt 0.681818 0.393651
vt 0.676137 0.403493
vt 0.666928 0.393429
vt 0.670455 0.413334
vt 0.664773 0.423175
vt 0.659091 0.433017
vt 0.655895 0.393583
vt 0.645908 0.393643
vt 0.636364 0.393652
vt 0.636364 0.472382
vt 0.630682 0.462541
vt 0.642046 0.462541
vt 0.625000 0.452699
vt 0.619319 0.442858
vt 0.647728 0.452699
vt 0.653410 0.442858
vt 0.607930 0.383825
vt 0.611703 0.374658
vt 0.619950 0.376885
vt 0.617755 0.385140
vt 0.615827 0.366143
vt 0.622875 0.369062
vt 0.620221 0.358088
vt 0.626539 0.361736
vt 0.628187 0.378263
vt 0.627191 0.385826
vt 0.629742 0.371231
vt 0.632253 0.365035
vt 0.636364 0.334575
vt 0.642426 0.342426
vt 0.636364 0.348454
vt 0.630302 0.342426
vt 0.647729 0.350255
vt 0.641676 0.354899
vt 0.652507 0.358088
vt 0.646189 0.361736
vt 0.631052 0.354899
vt 0.624999 0.350255
vt 0.636364 0.359762
vt 0.640475 0.365035
vt 0.664798 0.383825
vt 0.654973 0.385140
vt 0.652778 0.376885
vt 0.661025 0.374658
vt 0.645537 0.385826
vt 0.644541 0.378263
vt 0.636364 0.386048
vt 0.636364 0.378753
vt 0.649853 0.369062
vt 0.656901 0.366143
vt 0.642986 0.371231
vt 0.636364 0.372155
vt 0.620221 0.358088
vt 0.646189 0.361736
vt 0.652507 0.358088
vt 0.636364 0.378753
vt 0.636364 0.367408
vt 0.598547 0.380867
vt 0.605800 0.393429
vt 0.603930 0.371235
vt 0.608872 0.362556
vt 0.613637 0.354286
vt 0.616833 0.393583
vt 0.626820 0.393643
vt 0.643873 0.327927
vt 0.628855 0.327927
vt 0.649345 0.337406
vt 0.654322 0.346025
vt 0.659091 0.354286
vt 0.623383 0.337406
vt 0.618406 0.346025
vt 0.613637 0.354286
vt 0.666928 0.393429
vt 0.674181 0.380867
vt 0.655895 0.393583
vt 0.645908 0.393643
vt 0.636364 0.393652
vt 0.668798 0.371235
vt 0.663856 0.362556
vt 0.659091 0.354286
vt 0.653384 0.324748
vt 0.663215 0.323424
vt 0.665404 0.331688
vt 0.657153 0.333923
vt 0.672646 0.322746
vt 0.673641 0.330310
vt 0.681819 0.322524
vt 0.681819 0.329820
vt 0.668329 0.339510
vt 0.661281 0.342430
vt 0.675196 0.337341
vt 0.681818 0.336418
vt 0.710724 0.323932
vt 0.707061 0.332924
vt 0.698391 0.331414
vt 0.700536 0.323228
vt 0.702728 0.341786
vt 0.695416 0.339322
vt 0.697961 0.350485
vt 0.691643 0.346837
vt 0.690016 0.330275
vt 0.691005 0.322721
vt 0.688454 0.337318
vt 0.685929 0.343538
vt 0.681347 0.374814
vt 0.675644 0.366343
vt 0.681661 0.360392
vt 0.687303 0.367146
vt 0.670440 0.358342
vt 0.676487 0.353708
vt 0.665676 0.350485
vt 0.671994 0.346837
vt 0.687022 0.353862
vt 0.692812 0.358962
vt 0.681805 0.348835
vt 0.677708 0.343538
vt 0.681819 0.322524
vt 0.691643 0.346837
vt 0.697961 0.350485
vt 0.665676 0.350485
vt 0.681818 0.341165
vt 0.651382 0.314921
vt 0.662327 0.314921
vt 0.672280 0.314921
vt 0.681819 0.314921
vt 0.721591 0.324762
vt 0.712385 0.314695
vt 0.715909 0.334604
vt 0.710228 0.344445
vt 0.704546 0.354286
vt 0.701350 0.314853
vt 0.691362 0.314913
vt 0.674181 0.380867
vt 0.687500 0.383810
vt 0.668798 0.371235
vt 0.693182 0.373969
vt 0.698864 0.364128
vt 0.704546 0.354286
vt 0.789277 0.402662
vt 0.799465 0.401958
vt 0.801610 0.410145
vt 0.792939 0.411654
vt 0.808995 0.401451
vt 0.809985 0.409006
vt 0.818182 0.401255
vt 0.818182 0.408550
vt 0.804584 0.418053
vt 0.797273 0.420517
vt 0.811547 0.416048
vt 0.818182 0.415148
vt 0.847088 0.402662
vt 0.843425 0.411654
vt 0.834754 0.410145
vt 0.836900 0.401958
vt 0.839091 0.420517
vt 0.831780 0.418053
vt 0.834325 0.429215
vt 0.828007 0.425567
vt 0.826379 0.409006
vt 0.827369 0.401451
vt 0.824818 0.416048
vt 0.822293 0.422269
vt 0.818182 0.454324
vt 0.812589 0.446065
vt 0.818182 0.439395
vt 0.823775 0.446065
vt 0.807175 0.437716
vt 0.812959 0.432627
vt 0.802039 0.429215
vt 0.808357 0.425567
vt 0.823405 0.432627
vt 0.829189 0.437716
vt 0.818182 0.427589
vt 0.814071 0.422268
vt 0.818182 0.408550
vt 0.818182 0.401255
vt 0.828007 0.425567
vt 0.834325 0.429215
vt 0.808357 0.425567
vt 0.802039 0.429215
vt 0.818182 0.419895
vt 0.787618 0.393429
vt 0.778409 0.403493
vt 0.798651 0.393583
vt 0.808638 0.393643
vt 0.818182 0.393652
vt 0.784091 0.413334
vt 0.789773 0.423175
vt 0.795455 0.433017
vt 0.863636 0.393651
vt 0.857955 0.403493
vt 0.848746 0.393429
vt 0.852273 0.413334
vt 0.846591 0.423175
vt 0.840909 0.433017
vt 0.837713 0.393583
vt 0.827726 0.393643
vt 0.818182 0.472382
vt 0.812500 0.462541
vt 0.823864 0.462541
vt 0.806818 0.452699
vt 0.801137 0.442858
vt 0.829546 0.452699
vt 0.835228 0.442858
vt 0.789748 0.383825
vt 0.793521 0.374658
vt 0.801768 0.376885
vt 0.799573 0.385140
vt 0.797645 0.366143
vt 0.804693 0.369062
vt 0.802039 0.358088
vt 0.808357 0.361736
vt 0.810005 0.378263
vt 0.809009 0.385826
vt 0.811560 0.371231
vt 0.814071 0.365035
vt 0.818182 0.334575
vt 0.824244 0.342426
vt 0.818182 0.348454
vt 0.812121 0.342426
vt 0.829547 0.350255
vt 0.823494 0.354899
vt 0.834325 0.358088
vt 0.828007 0.361736
vt 0.812870 0.354899
vt 0.806817 0.350255
vt 0.818182 0.359762
vt 0.822293 0.365035
vt 0.846616 0.383825
vt 0.836791 0.385140
vt 0.834596 0.376885
vt 0.842843 0.374658
vt 0.827355 0.385826
vt 0.826360 0.378263
vt 0.818182 0.386048
vt 0.818182 0.378753
vt 0.831671 0.369062
vt 0.838719 0.366143
vt 0.824804 0.371231
vt 0.818182 0.372155
vt 0.808357 0.361736
vt 0.802039 0.358088
vt 0.828007 0.361736
vt 0.834325 0.358088
vt 0.818182 0.386048
vt 0.818182 0.367408
vt 0.780365 0.380867
vt 0.787618 0.393429
vt 0.790690 0.362556
vt 0.795455 0.354286
vt 0.798651 0.393583
vt 0.818182 0.393652
vt 0.825691 0.327927
vt 0.810673 0.327927
vt 0.831163 0.337406
vt 0.836140 0.346025
vt 0.840909 0.354286
vt 0.800224 0.346025
vt 0.795455 0.354286
vt 0.848746 0.393429
vt 0.855999 0.380867
vt 0.837713 0.393583
vt 0.827726 0.393643
vt 0.818182 0.393652
vt 0.850616 0.371235
vt 0.845674 0.362556
vt 0.840909 0.354286
vt 0.835202 0.324748
vt 0.845033 0.323424
vt 0.847222 0.331688
vt 0.838971 0.333923
vt 0.854464 0.322746
vt 0.855459 0.330310
vt 0.863637 0.322524
vt 0.863637 0.329820
vt 0.850147 0.339510
vt 0.843099 0.342430
vt 0.857014 0.337341
vt 0.863636 0.336418
vt 0.892542 0.323932
vt 0.888879 0.332924
vt 0.880209 0.331414
vt 0.882354 0.323228
vt 0.884546 0.341786
vt 0.877234 0.339322
vt 0.879779 0.350485
vt 0.873461 0.346837
vt 0.871834 0.330275
vt 0.872823 0.322721
vt 0.870272 0.337318
vt 0.867747 0.343538
vt 0.863166 0.374814
vt 0.857462 0.366343
vt 0.863479 0.360392
vt 0.869121 0.367146
vt 0.852258 0.358342
vt 0.858305 0.353708
vt 0.847494 0.350485
vt 0.853812 0.346837
vt 0.868840 0.353862
vt 0.874630 0.358962
vt 0.863623 0.348835
vt 0.859526 0.343538
vt 0.873461 0.346837
vt 0.879779 0.350485
vt 0.853812 0.346837
vt 0.863636 0.341165
vt 0.833200 0.314921
vt 0.825691 0.327927
vt 0.844145 0.314921
vt 0.854098 0.314921
vt 0.863637 0.314921
vt 0.831163 0.337406
vt 0.836140 0.346025
vt 0.840909 0.354286
vt 0.909091 0.314921
vt 0.903409 0.324762
vt 0.894201 0.314699
vt 0.897727 0.334604
vt 0.892046 0.344445
vt 0.886364 0.354286
vt 0.883168 0.314853
vt 0.873180 0.314913
vt 0.855999 0.380867
vt 0.869318 0.383810
vt 0.850616 0.371235
vt 0.840909 0.354286
vt 0.875000 0.373969
vt 0.880682 0.364128
vt 0.886364 0.354286
vt 0.062004 0.402662
vt 0.072192 0.401958
vt 0.074338 0.410145
vt 0.065667 0.411654
vt 0.081723 0.401451
vt 0.082713 0.409006
vt 0.090910 0.401255
vt 0.090910 0.408550
vt 0.077312 0.418053
vt 0.070001 0.420517
vt 0.084274 0.416048
vt 0.090910 0.415148
vt 0.119815 0.402662
vt 0.116153 0.411654
vt 0.107482 0.410145
vt 0.109627 0.401958
vt 0.111819 0.420517
vt 0.104508 0.418053
vt 0.107053 0.429215
vt 0.100735 0.425567
vt 0.099107 0.409006
vt 0.100097 0.401451
vt 0.097545 0.416048
vt 0.095021 0.422269
vt 0.090910 0.454324
vt 0.085317 0.446065
vt 0.090910 0.439395
vt 0.096503 0.446065
vt 0.079903 0.437716
vt 0.085687 0.432627
vt 0.074767 0.429215
vt 0.081085 0.425567
vt 0.096133 0.432627
vt 0.101917 0.437716
vt 0.090910 0.427589
vt 0.086799 0.422268
vt 0.090910 0.408550
vt 0.090910 0.401255
vt 0.100735 0.425567
vt 0.107053 0.429215
vt 0.081085 0.425567
vt 0.074767 0.429215
vt 0.090910 0.419895
vt 0.060345 0.393429
vt 0.051137 0.403493
vt 0.071378 0.393583
vt 0.081366 0.393643
vt 0.090910 0.393652
vt 0.056819 0.413334
vt 0.062501 0.423175
vt 0.068183 0.433017
vt 0.136365 0.393651
vt 0.130683 0.403493
vt 0.121474 0.393429
vt 0.125001 0.413334
vt 0.119319 0.423175
vt 0.113637 0.433017
vt 0.110441 0.393583
vt 0.100453 0.393643
vt 0.090910 0.472382
vt 0.085228 0.462541
vt 0.096592 0.462541
vt 0.079546 0.452699
vt 0.073864 0.442858
vt 0.102274 0.452699
vt 0.107955 0.442858
vt 0.113637 0.433017
vt 0.062475 0.383825
vt 0.066249 0.374658
vt 0.074495 0.376885
vt 0.072301 0.385140
vt 0.070373 0.366143
vt 0.077420 0.369062
vt 0.074767 0.358088
vt 0.081085 0.361736
vt 0.082732 0.378263
vt 0.081737 0.385826
vt 0.084288 0.371231
vt 0.086799 0.365035
vt 0.090910 0.334575
vt 0.096971 0.342426
vt 0.090910 0.348454
vt 0.084848 0.342426
vt 0.102275 0.350255
vt 0.096222 0.354899
vt 0.107053 0.358088
vt 0.100735 0.361736
vt 0.085598 0.354899
vt 0.079545 0.350255
vt 0.090910 0.359762
vt 0.095021 0.365035
vt 0.119344 0.383825
vt 0.109519 0.385140
vt 0.107324 0.376885
vt 0.115571 0.374658
vt 0.100083 0.385826
vt 0.099087 0.378263
vt 0.090910 0.386048
vt 0.090910 0.378753
vt 0.104399 0.369062
vt 0.111447 0.366143
vt 0.097532 0.371231
vt 0.090910 0.372155
vt 0.074767 0.358088
vt 0.100735 0.361736
vt 0.107053 0.358088
vt 0.090910 0.367408
vt 0.053092 0.380867
vt 0.060345 0.393429
vt 0.063418 0.362556
vt 0.068182 0.354286
vt 0.071378 0.393583
vt 0.098419 0.327927
vt 0.083400 0.327927
vt 0.103891 0.337406
vt 0.108868 0.346025
vt 0.113637 0.354286
vt 0.077928 0.337406
vt 0.072952 0.346025
vt 0.068182 0.354286
vt 0.121474 0.393429
vt 0.128727 0.380867
vt 0.110441 0.393583
vt 0.100453 0.393643
vt 0.090910 0.393652
vt 0.123344 0.371235
vt 0.118402 0.362556
vt 0.113637 0.354286
vt 0.107930 0.324748
vt 0.117760 0.323424
vt 0.119950 0.331688
vt 0.111699 0.333923
vt 0.127192 0.322746
vt 0.128187 0.330310
vt 0.136364 0.322524
vt 0.136364 0.329820
vt 0.122875 0.339510
vt 0.115827 0.342430
vt 0.129742 0.337341
vt 0.136364 0.336418
vt 0.165270 0.323932
vt 0.161607 0.332924
vt 0.152936 0.331414
vt 0.155082 0.323228
vt 0.157274 0.341786
vt 0.149962 0.339322
vt 0.152507 0.350485
vt 0.146189 0.346837
vt 0.144562 0.330275
vt 0.145551 0.322721
vt 0.143000 0.337318
vt 0.140475 0.343538
vt 0.135893 0.374814
vt 0.130189 0.366343
vt 0.136207 0.360392
vt 0.141849 0.367146
vt 0.124985 0.358342
vt 0.131033 0.353708
vt 0.120221 0.350485
vt 0.126540 0.346837
vt 0.141568 0.353862
vt 0.147358 0.358962
vt 0.136351 0.348835
vt 0.132253 0.343538
vt 0.136364 0.329820
vt 0.146189 0.346837
vt 0.152507 0.350485
vt 0.120221 0.350485
vt 0.136364 0.341165
vt 0.105928 0.314921
vt 0.098419 0.327927
vt 0.116872 0.314921
vt 0.126826 0.314921
vt 0.136364 0.314921
vt 0.103891 0.337406
vt 0.113637 0.354286
vt 0.176137 0.324762
vt 0.166931 0.314695
vt 0.170455 0.334604
vt 0.164774 0.344445
vt 0.159092 0.354286
vt 0.155896 0.314853
vt 0.145908 0.314913
vt 0.136364 0.314921
vt 0.128727 0.380867
vt 0.142046 0.383810
vt 0.123344 0.371235
vt 0.118402 0.362556
vt 0.113637 0.354286
vt 0.147728 0.373969
vt 0.153410 0.364128
vt 0.159092 0.354286
vt 0.243823 0.402662
vt 0.254011 0.401958
vt 0.256156 0.410145
vt 0.247485 0.411654
vt 0.263541 0.401451
vt 0.264531 0.409006
vt 0.272728 0.401255
vt 0.272728 0.408550
vt 0.259130 0.418053
vt 0.251819 0.420517
vt 0.266092 0.416048
vt 0.272728 0.415148
vt 0.301633 0.402662
vt 0.297971 0.411654
vt 0.289300 0.410145
vt 0.291445 0.401958
vt 0.293637 0.420517
vt 0.286326 0.418053
vt 0.288871 0.429215
vt 0.282553 0.425567
vt 0.280925 0.409006
vt 0.281915 0.401451
vt 0.279364 0.416048
vt 0.276839 0.422269
vt 0.272728 0.454324
vt 0.267135 0.446065
vt 0.272728 0.439395
vt 0.278321 0.446065
vt 0.261721 0.437716
vt 0.267505 0.432627
vt 0.256585 0.429215
vt 0.262903 0.425567
vt 0.277951 0.432627
vt 0.283735 0.437716
vt 0.272728 0.427589
vt 0.268617 0.422268
vt 0.272728 0.408550
vt 0.272728 0.401255
vt 0.282553 0.425567
vt 0.288871 0.429215
vt 0.262903 0.425567
vt 0.272728 0.419895
vt 0.242164 0.393429
vt 0.232955 0.403493
vt 0.253197 0.393583
vt 0.263184 0.393643
vt 0.272728 0.393652
vt 0.238637 0.413334
vt 0.244319 0.423175
vt 0.250001 0.433017
vt 0.318182 0.393651
vt 0.312501 0.403493
vt 0.303292 0.393429
vt 0.306819 0.413334
vt 0.301137 0.423175
vt 0.295455 0.433017
vt 0.292259 0.393583
vt 0.282272 0.393643
vt 0.272728 0.472382
vt 0.267046 0.462541
vt 0.278410 0.462541
vt 0.261364 0.452699
vt 0.255683 0.442858
vt 0.284092 0.452699
vt 0.289773 0.442858
vt 0.244294 0.383825
vt 0.248067 0.374658
vt 0.256314 0.376885
vt 0.254119 0.385140
vt 0.252191 0.366143
vt 0.259239 0.369062
vt 0.256585 0.358088
vt 0.262903 0.361736
vt 0.264551 0.378263
vt 0.263555 0.385826
vt 0.266106 0.371231
vt 0.268617 0.365035
vt 0.272728 0.334575
vt 0.278790 0.342426
vt 0.272728 0.348454
vt 0.266666 0.342426
vt 0.284093 0.350255
vt 0.278040 0.354899
vt 0.288871 0.358088
vt 0.282553 0.361736
vt 0.267416 0.354899
vt 0.261363 0.350255
vt 0.272728 0.359762
vt 0.276839 0.365035
vt 0.301162 0.383825
vt 0.291337 0.385140
vt 0.289142 0.376885
vt 0.297389 0.374658
vt 0.281901 0.385826
vt 0.280905 0.378263
vt 0.272728 0.386048
vt 0.272728 0.378753
vt 0.286217 0.369062
vt 0.293265 0.366143
vt 0.279350 0.371231
vt 0.272728 0.372155
vt 0.256585 0.358088
vt 0.282553 0.361736
vt 0.288871 0.358088
vt 0.272728 0.378753
vt 0.272728 0.367408
vt 0.234911 0.380867
vt 0.242164 0.393429
vt 0.245236 0.362556
vt 0.253197 0.393583
vt 0.263184 0.393643
vt 0.280237 0.327927
vt 0.265219 0.327927
vt 0.285709 0.337406
vt 0.290686 0.346025
vt 0.295455 0.354286
vt 0.254770 0.346025
vt 0.250001 0.354286
vt 0.303292 0.393429
vt 0.310545 0.380867
vt 0.292259 0.393583
vt 0.282272 0.393643
vt 0.272728 0.393652
vt 0.305162 0.371235
vt 0.300220 0.362556
vt 0.295455 0.354286
vt 0.289748 0.324748
vt 0.299579 0.323424
vt 0.301768 0.331688
vt 0.293517 0.333923
vt 0.309010 0.322746
vt 0.310005 0.330310
vt 0.318182 0.322524
vt 0.318182 0.329820
vt 0.304693 0.339510
vt 0.297645 0.342430
vt 0.311560 0.337341
vt 0.318182 0.336418
vt 0.347088 0.323932
vt 0.343425 0.332924
vt 0.334754 0.331414
vt 0.336900 0.323228
vt 0.339092 0.341786
vt 0.331780 0.339322
vt 0.334325 0.350485
vt 0.328007 0.346837
vt 0.326380 0.330275
vt 0.327369 0.322721
vt 0.324818 0.337318
vt 0.322293 0.343538
vt 0.317712 0.374814
vt 0.312008 0.366343
vt 0.318025 0.360392
vt 0.323667 0.367146
vt 0.306803 0.358342
vt 0.312851 0.353708
vt 0.302040 0.350485
vt 0.308358 0.346837
vt 0.323386 0.353862
vt 0.329176 0.358962
vt 0.318169 0.348835
vt 0.314072 0.343538
vt 0.328007 0.346837
vt 0.334325 0.350485
vt 0.308358 0.346837
vt 0.302040 0.350485
vt 0.318182 0.341165
vt 0.287746 0.314921
vt 0.298691 0.314921
vt 0.308644 0.314921
vt 0.318182 0.314921
vt 0.285709 0.337406
vt 0.290686 0.346025
vt 0.295455 0.354286
vt 0.357955 0.324762
vt 0.348749 0.314695
vt 0.352273 0.334604
vt 0.346592 0.344445
vt 0.340910 0.354286
vt 0.337714 0.314853
vt 0.327726 0.314913
vt 0.318183 0.314921
vt 0.310545 0.380867
vt 0.323864 0.383810
vt 0.305162 0.371235
vt 0.300220 0.362556
vt 0.329546 0.373969
vt 0.335228 0.364128
vt 0.340910 0.354286
vt 0.409092 0.255844
vt 0.415153 0.263696
vt 0.409092 0.269724
vt 0.403030 0.263696
vt 0.420456 0.271525
vt 0.414403 0.276168
vt 0.425234 0.279358
vt 0.418916 0.283005
vt 0.403780 0.276168
vt 0.397727 0.271525
vt 0.409092 0.281031
vt 0.413202 0.286304
vt 0.437526 0.305094
vt 0.427696 0.306418
vt 0.425506 0.298155
vt 0.433757 0.295919
vt 0.418264 0.307097
vt 0.417269 0.299533
vt 0.409092 0.307318
vt 0.409092 0.300023
vt 0.422581 0.290332
vt 0.429629 0.287412
vt 0.415714 0.292501
vt 0.409092 0.293425
vt 0.380647 0.305076
vt 0.384426 0.295919
vt 0.392677 0.298154
vt 0.390483 0.306410
vt 0.388554 0.287412
vt 0.395602 0.290332
vt 0.392949 0.279358
vt 0.399267 0.283005
vt 0.400914 0.299533
vt 0.399918 0.307096
vt 0.402469 0.292501
vt 0.404981 0.286304
vt 0.418916 0.283005
vt 0.425234 0.279358
vt 0.409092 0.300022
vt 0.409092 0.307318
vt 0.399267 0.283005
vt 0.392949 0.279358
vt 0.409092 0.288678
vt 0.416601 0.249197
vt 0.401582 0.249197
vt 0.422073 0.258676
vt 0.427049 0.267295
vt 0.431819 0.275556
vt 0.396110 0.258676
vt 0.391134 0.267295
vt 0.386364 0.275556
vt 0.447037 0.301915
vt 0.409092 0.314921
vt 0.441565 0.292437
vt 0.436588 0.283817
vt 0.431819 0.275556
vt 0.371144 0.301910
vt 0.378525 0.314695
vt 0.376618 0.292437
vt 0.381595 0.283817
vt 0.389560 0.314853
vt 0.399548 0.314913
vt 0.409092 0.314921
vt 0.426112 0.246018
vt 0.435942 0.244694
vt 0.438132 0.252958
vt 0.429880 0.255193
vt 0.445374 0.244015
vt 0.446369 0.251579
vt 0.454546 0.243794
vt 0.454546 0.251090
vt 0.441057 0.260780
vt 0.434009 0.263700
vt 0.447924 0.258611
vt 0.454546 0.257687
vt 0.482980 0.246018
vt 0.479212 0.255193
vt 0.470960 0.252958
vt 0.473150 0.244694
vt 0.475083 0.263700
vt 0.468035 0.260780
vt 0.470689 0.271755
vt 0.464371 0.268107
vt 0.462724 0.251579
vt 0.463719 0.244015
vt 0.461168 0.258611
vt 0.458657 0.264808
vt 0.454546 0.295268
vt 0.448484 0.287416
vt 0.454546 0.281388
vt 0.460608 0.287416
vt 0.443181 0.279588
vt 0.449234 0.274944
vt 0.438403 0.271755
vt 0.444721 0.268107
vt 0.459858 0.274944
vt 0.465911 0.279588
vt 0.454546 0.270081
vt 0.450435 0.264808
vt 0.454546 0.251090
vt 0.454546 0.243794
vt 0.464371 0.268107
vt 0.438403 0.271755
vt 0.454546 0.262434
vt 0.424110 0.236191
vt 0.435054 0.236191
vt 0.445007 0.236191
vt 0.454546 0.236191
vt 0.422073 0.258676
vt 0.431819 0.275556
vt 0.492491 0.249197
vt 0.487019 0.258676
vt 0.482043 0.267295
vt 0.477273 0.275556
vt 0.474038 0.236191
vt 0.464085 0.236191
vt 0.454546 0.236191
vt 0.447037 0.301915
vt 0.462055 0.301915
vt 0.441565 0.292437
vt 0.436588 0.283817
vt 0.467527 0.292437
vt 0.472504 0.283817
vt 0.477273 0.275556
vt 0.500001 0.255844
vt 0.506062 0.263696
vt 0.500001 0.269724
vt 0.493939 0.263696
vt 0.511365 0.271525
vt 0.505312 0.276168
vt 0.516143 0.279358
vt 0.509825 0.283005
vt 0.494689 0.276168
vt 0.488636 0.271525
vt 0.500000 0.281031
vt 0.504111 0.286304
vt 0.528445 0.305076
vt 0.518609 0.306410
vt 0.516415 0.298154
vt 0.524666 0.295919
vt 0.509174 0.307095
vt 0.508178 0.299533
vt 0.500001 0.307318
vt 0.500001 0.300023
vt 0.513490 0.290332
vt 0.520538 0.287412
vt 0.506622 0.292501
vt 0.500000 0.293425
vt 0.471566 0.305094
vt 0.475335 0.295919
vt 0.483586 0.298154
vt 0.481397 0.306418
vt 0.479463 0.287412
vt 0.486511 0.290332
vt 0.483858 0.279358
vt 0.490176 0.283005
vt 0.491823 0.299533
vt 0.490828 0.307097
vt 0.493378 0.292501
vt 0.495890 0.286304
vt 0.516143 0.279358
vt 0.490176 0.283005
vt 0.483858 0.279358
vt 0.500000 0.288678
vt 0.507510 0.249197
vt 0.512982 0.258676
vt 0.517958 0.267295
vt 0.522728 0.275556
vt 0.482043 0.267295
vt 0.530567 0.314695
vt 0.537948 0.301910
vt 0.509544 0.314913
vt 0.532474 0.292436
vt 0.527497 0.283817
vt 0.467527 0.292437
vt 0.472504 0.283817
vt 0.480509 0.314921
vt 0.500001 0.314921
vt 0.590910 0.255844
vt 0.596971 0.263696
vt 0.590910 0.269724
vt 0.584848 0.263696
vt 0.602274 0.271525
vt 0.596221 0.276168
vt 0.607052 0.279358
vt 0.600734 0.283005
vt 0.585598 0.276168
vt 0.579545 0.271525
vt 0.590909 0.281031
vt 0.595021 0.286304
vt 0.619344 0.305094
vt 0.609514 0.306418
vt 0.607324 0.298155
vt 0.615575 0.295919
vt 0.600082 0.307097
vt 0.599087 0.299533
vt 0.590910 0.307318
vt 0.590909 0.300023
vt 0.604399 0.290332
vt 0.611447 0.287412
vt 0.597531 0.292501
vt 0.590909 0.293425
vt 0.562465 0.305076
vt 0.566244 0.295919
vt 0.574495 0.298154
vt 0.572301 0.306410
vt 0.570372 0.287412
vt 0.577420 0.290332
vt 0.574767 0.279358
vt 0.581085 0.283005
vt 0.582732 0.299533
vt 0.581736 0.307096
vt 0.584287 0.292501
vt 0.586799 0.286304
vt 0.607052 0.279358
vt 0.590910 0.300022
vt 0.581085 0.283005
vt 0.574767 0.279358
vt 0.590910 0.288678
vt 0.598419 0.249197
vt 0.583400 0.249197
vt 0.603891 0.258676
vt 0.608867 0.267295
vt 0.613637 0.275556
vt 0.577928 0.258676
vt 0.572952 0.267295
vt 0.568182 0.275556
vt 0.628855 0.301915
vt 0.610401 0.314921
vt 0.590910 0.314921
vt 0.623383 0.292437
vt 0.618406 0.283817
vt 0.613637 0.275556
vt 0.552962 0.301910
vt 0.560343 0.314695
vt 0.558436 0.292437
vt 0.563413 0.283817
vt 0.568182 0.275556
vt 0.571378 0.314853
vt 0.581366 0.314913
vt 0.590910 0.314921
vt 0.607930 0.246018
vt 0.617760 0.244694
vt 0.619950 0.252958
vt 0.611699 0.255193
vt 0.627192 0.244015
vt 0.628187 0.251579
vt 0.636364 0.243794
vt 0.636364 0.251090
vt 0.622875 0.260780
vt 0.615827 0.263700
vt 0.629742 0.258611
vt 0.636364 0.257687
vt 0.664798 0.246018
vt 0.661030 0.255193
vt 0.652778 0.252958
vt 0.654968 0.244694
vt 0.656901 0.263700
vt 0.649853 0.260780
vt 0.652507 0.271755
vt 0.646189 0.268107
vt 0.644542 0.251579
vt 0.645537 0.244015
vt 0.642986 0.258611
vt 0.640475 0.264808
vt 0.636364 0.295268
vt 0.630302 0.287416
vt 0.636364 0.281388
vt 0.642426 0.287416
vt 0.624999 0.279588
vt 0.631052 0.274944
vt 0.620221 0.271755
vt 0.626539 0.268107
vt 0.641676 0.274944
vt 0.647729 0.279588
vt 0.636364 0.270081
vt 0.632253 0.264808
vt 0.636364 0.251090
vt 0.636364 0.243794
vt 0.652507 0.271755
vt 0.620221 0.271755
vt 0.636364 0.262434
vt 0.605928 0.236191
vt 0.616872 0.236191
vt 0.626825 0.236191
vt 0.636364 0.236191
vt 0.608867 0.267295
vt 0.674309 0.249197
vt 0.666800 0.236191
vt 0.668837 0.258676
vt 0.663861 0.267295
vt 0.659091 0.275556
vt 0.655856 0.236191
vt 0.636364 0.236191
vt 0.628855 0.301915
vt 0.643873 0.301915
vt 0.623383 0.292437
vt 0.613637 0.275556
vt 0.649345 0.292437
vt 0.654322 0.283817
vt 0.659091 0.275556
vt 0.681819 0.255844
vt 0.687880 0.263696
vt 0.681819 0.269724
vt 0.675757 0.263696
vt 0.693183 0.271525
vt 0.687130 0.276168
vt 0.697961 0.279358
vt 0.691643 0.283005
vt 0.676507 0.276168
vt 0.670454 0.271525
vt 0.681818 0.281031
vt 0.685929 0.286304
vt 0.710263 0.305076
vt 0.700428 0.306410
vt 0.698233 0.298154
vt 0.706484 0.295919
vt 0.690992 0.307095
vt 0.689996 0.299533
vt 0.681819 0.307318
vt 0.681819 0.300023
vt 0.695308 0.290332
vt 0.702356 0.287412
vt 0.688441 0.292501
vt 0.681818 0.293425
vt 0.653384 0.305094
vt 0.657153 0.295919
vt 0.665404 0.298154
vt 0.663215 0.306418
vt 0.661281 0.287412
vt 0.668329 0.290332
vt 0.665676 0.279358
vt 0.671994 0.283005
vt 0.673641 0.299533
vt 0.672646 0.307097
vt 0.675196 0.292501
vt 0.677708 0.286304
vt 0.691643 0.283005
vt 0.671994 0.283005
vt 0.665676 0.279358
vt 0.681819 0.288678
vt 0.689328 0.249197
vt 0.694800 0.258676
vt 0.699777 0.267295
vt 0.704546 0.275556
vt 0.668837 0.258676
vt 0.663861 0.267295
vt 0.719766 0.301910
vt 0.701350 0.314853
vt 0.691362 0.314913
vt 0.714292 0.292436
vt 0.709315 0.283817
vt 0.643873 0.301915
vt 0.651383 0.314921
vt 0.654322 0.283817
vt 0.659091 0.275556
vt 0.662327 0.314921
vt 0.681818 0.314921
vt 0.772728 0.255844
vt 0.778789 0.263696
vt 0.772728 0.269724
vt 0.766666 0.263696
vt 0.784092 0.271525
vt 0.778040 0.276168
vt 0.788870 0.279358
vt 0.782552 0.283005
vt 0.767416 0.276168
vt 0.761363 0.271525
vt 0.772728 0.281031
vt 0.776838 0.286304
vt 0.801162 0.305094
vt 0.791332 0.306418
vt 0.789142 0.298155
vt 0.797393 0.295919
vt 0.781900 0.307097
vt 0.780905 0.299533
vt 0.772728 0.307318
vt 0.772728 0.300023
vt 0.786217 0.290332
vt 0.793265 0.287412
vt 0.779350 0.292501
vt 0.772728 0.293425
vt 0.744283 0.305076
vt 0.748062 0.295919
vt 0.756313 0.298154
vt 0.754119 0.306410
vt 0.752190 0.287412
vt 0.759238 0.290332
vt 0.756585 0.279358
vt 0.762903 0.283005
vt 0.764550 0.299533
vt 0.763554 0.307096
vt 0.766105 0.292501
vt 0.768617 0.286304
vt 0.782552 0.283005
vt 0.788871 0.279358
vt 0.772728 0.300022
vt 0.772728 0.307318
vt 0.756585 0.279358
vt 0.772728 0.288678
vt 0.780237 0.249197
vt 0.765218 0.249197
vt 0.785709 0.258676
vt 0.790685 0.267295
vt 0.795455 0.275556
vt 0.759746 0.258676
vt 0.754770 0.267295
vt 0.750000 0.275556
vt 0.803164 0.314921
vt 0.810673 0.301915
vt 0.792219 0.314921
vt 0.772728 0.314921
vt 0.805201 0.292437
vt 0.800224 0.283817
vt 0.795455 0.275556
vt 0.734780 0.301910
vt 0.742161 0.314695
vt 0.740254 0.292437
vt 0.745231 0.283817
vt 0.753196 0.314853
vt 0.763184 0.314913
vt 0.789748 0.246018
vt 0.799578 0.244694
vt 0.801768 0.252958
vt 0.793517 0.255193
vt 0.809010 0.244015
vt 0.810005 0.251579
vt 0.818182 0.243794
vt 0.818182 0.251090
vt 0.804693 0.260780
vt 0.797645 0.263700
vt 0.811560 0.258611
vt 0.818182 0.257687
vt 0.846616 0.246018
vt 0.842848 0.255193
vt 0.834596 0.252958
vt 0.836786 0.244694
vt 0.838720 0.263700
vt 0.831671 0.260780
vt 0.834325 0.271755
vt 0.828007 0.268107
vt 0.826360 0.251579
vt 0.827355 0.244015
vt 0.824804 0.258611
vt 0.822293 0.264808
vt 0.818182 0.295268
vt 0.812121 0.287416
vt 0.818182 0.281388
vt 0.824244 0.287416
vt 0.806817 0.279588
vt 0.812870 0.274944
vt 0.802039 0.271755
vt 0.808357 0.268107
vt 0.823494 0.274944
vt 0.829547 0.279588
vt 0.818182 0.270081
vt 0.814071 0.264808
vt 0.818182 0.251090
vt 0.818182 0.243794
vt 0.808357 0.268107
vt 0.802039 0.271755
vt 0.818182 0.262434
vt 0.787746 0.236191
vt 0.798690 0.236191
vt 0.808643 0.236191
vt 0.818182 0.236191
vt 0.785709 0.258676
vt 0.790686 0.267295
vt 0.856128 0.249197
vt 0.848618 0.236191
vt 0.850655 0.258676
vt 0.845679 0.267295
vt 0.840909 0.275556
vt 0.837674 0.236191
vt 0.827721 0.236191
vt 0.810673 0.301915
vt 0.825691 0.301915
vt 0.805201 0.292437
vt 0.831163 0.292437
vt 0.836140 0.283817
vt 0.840909 0.275556
vt 0.863637 0.255844
vt 0.869698 0.263696
vt 0.863637 0.269724
vt 0.857575 0.263696
vt 0.875001 0.271525
vt 0.868948 0.276168
vt 0.879779 0.279358
vt 0.873461 0.283005
vt 0.858325 0.276168
vt 0.852272 0.271525
vt 0.863637 0.281031
vt 0.867747 0.286304
vt 0.892071 0.305094
vt 0.882245 0.306410
vt 0.880051 0.298154
vt 0.888297 0.295928
vt 0.872810 0.307095
vt 0.871814 0.299533
vt 0.863637 0.307318
vt 0.863636 0.300023
vt 0.877126 0.290332
vt 0.884173 0.287413
vt 0.870258 0.292501
vt 0.863637 0.293425
vt 0.835202 0.305094
vt 0.838971 0.295919
vt 0.847223 0.298154
vt 0.845033 0.306418
vt 0.843099 0.287412
vt 0.850147 0.290332
vt 0.847494 0.279358
vt 0.853812 0.283005
vt 0.855459 0.299533
vt 0.854464 0.307097
vt 0.857015 0.292501
vt 0.859526 0.286304
vt 0.873461 0.283005
vt 0.879779 0.279358
vt 0.863637 0.300023
vt 0.853812 0.283005
vt 0.847494 0.279358
vt 0.863636 0.288678
vt 0.871146 0.249197
vt 0.856128 0.249197
vt 0.876618 0.258676
vt 0.881594 0.267295
vt 0.886364 0.275556
vt 0.850655 0.258676
vt 0.845679 0.267295
vt 0.894201 0.314699
vt 0.901454 0.302137
vt 0.883168 0.314853
vt 0.873180 0.314913
vt 0.863637 0.314921
vt 0.896070 0.292505
vt 0.891128 0.283825
vt 0.825691 0.301915
vt 0.836140 0.283817
vt 0.840909 0.275556
vt 0.844145 0.314921
vt 0.863637 0.314921
vt 0.045926 0.255029
vt 0.051630 0.263499
vt 0.045613 0.269451
vt 0.039970 0.262696
vt 0.056834 0.271500
vt 0.050787 0.276134
vt 0.061598 0.279358
vt 0.055280 0.283005
vt 0.040251 0.275980
vt 0.034462 0.270881
vt 0.045468 0.281008
vt 0.049566 0.286304
vt 0.073889 0.305094
vt 0.064059 0.306418
vt 0.061869 0.298154
vt 0.070121 0.295919
vt 0.054627 0.307097
vt 0.053632 0.299533
vt 0.045455 0.307318
vt 0.045455 0.300023
vt 0.058944 0.290332
vt 0.065992 0.287412
vt 0.052077 0.292501
vt 0.045455 0.293425
vt 0.016539 0.305892
vt 0.020212 0.296919
vt 0.028883 0.298428
vt 0.026732 0.306606
vt 0.024546 0.288056
vt 0.031857 0.290520
vt 0.029312 0.279358
vt 0.035630 0.283005
vt 0.037258 0.299567
vt 0.036267 0.307120
vt 0.038819 0.292524
vt 0.041344 0.286304
vt 0.055280 0.283005
vt 0.061598 0.279358
vt 0.045455 0.300022
vt 0.045455 0.307318
vt 0.029312 0.279358
vt 0.045455 0.288678
vt 0.053092 0.248975
vt 0.039773 0.246032
vt 0.058476 0.258607
vt 0.063418 0.267287
vt 0.068182 0.275556
vt 0.034091 0.255874
vt 0.028409 0.265715
vt 0.022728 0.275556
vt 0.075891 0.314921
vt 0.083400 0.301915
vt 0.045455 0.314921
vt 0.077928 0.292437
vt 0.072952 0.283817
vt 0.068182 0.275556
vt 0.005682 0.305080
vt 0.011364 0.295239
vt 0.017046 0.285397
vt 0.022728 0.275556
vt 0.025884 0.314921
vt 0.035906 0.314921
vt 0.045455 0.314921
vt 0.062475 0.246018
vt 0.072301 0.244702
vt 0.074495 0.252958
vt 0.066249 0.255184
vt 0.081737 0.244017
vt 0.082732 0.251579
vt 0.090910 0.243794
vt 0.090910 0.251090
vt 0.077420 0.260780
vt 0.070373 0.263699
vt 0.084288 0.258611
vt 0.090910 0.257687
vt 0.119344 0.246018
vt 0.115575 0.255193
vt 0.107324 0.252958
vt 0.109514 0.244694
vt 0.111447 0.263700
vt 0.104399 0.260780
vt 0.107053 0.271755
vt 0.100735 0.268107
vt 0.099087 0.251579
vt 0.100082 0.244015
vt 0.097532 0.258611
vt 0.095021 0.264808
vt 0.090910 0.295268
vt 0.084848 0.287416
vt 0.090910 0.281388
vt 0.096971 0.287416
vt 0.079545 0.279587
vt 0.085598 0.274944
vt 0.074767 0.271755
vt 0.081085 0.268107
vt 0.096222 0.274944
vt 0.102275 0.279588
vt 0.090910 0.270081
vt 0.086799 0.264808
vt 0.090910 0.251090
vt 0.100735 0.268107
vt 0.107053 0.271755
vt 0.081085 0.268107
vt 0.074767 0.271755
vt 0.090910 0.262434
vt 0.060345 0.236413
vt 0.071378 0.236259
vt 0.081366 0.236200
vt 0.090910 0.236191
vt 0.058476 0.258607
vt 0.063418 0.267287
vt 0.068182 0.275556
vt 0.128855 0.249197
vt 0.123383 0.258676
vt 0.118406 0.267295
vt 0.113637 0.275556
vt 0.110402 0.236191
vt 0.100449 0.236191
vt 0.090910 0.236191
vt 0.083400 0.301915
vt 0.098419 0.301915
vt 0.077928 0.292437
vt 0.072952 0.283817
vt 0.103891 0.292437
vt 0.108868 0.283817
vt 0.113637 0.275556
vt 0.136364 0.255844
vt 0.142426 0.263696
vt 0.136364 0.269724
vt 0.130303 0.263696
vt 0.147729 0.271525
vt 0.141676 0.276168
vt 0.152507 0.279358
vt 0.146189 0.283005
vt 0.131052 0.276168
vt 0.124999 0.271525
vt 0.136364 0.281031
vt 0.140475 0.286304
vt 0.164809 0.305076
vt 0.154973 0.306410
vt 0.152779 0.298154
vt 0.161030 0.295919
vt 0.145538 0.307095
vt 0.144542 0.299533
vt 0.136364 0.307318
vt 0.136364 0.300023
vt 0.149854 0.290332
vt 0.156902 0.287412
vt 0.142986 0.292501
vt 0.136364 0.293425
vt 0.107930 0.305094
vt 0.111699 0.295919
vt 0.119950 0.298154
vt 0.117760 0.306418
vt 0.115827 0.287412
vt 0.122875 0.290332
vt 0.120221 0.279358
vt 0.126540 0.283005
vt 0.128187 0.299533
vt 0.127192 0.307097
vt 0.129742 0.292501
vt 0.132253 0.286304
vt 0.146189 0.283005
vt 0.136364 0.300023
vt 0.126540 0.283005
vt 0.136364 0.288678
vt 0.143874 0.249197
vt 0.149346 0.258676
vt 0.154322 0.267295
vt 0.159092 0.275556
vt 0.118406 0.267295
vt 0.113637 0.275556
vt 0.166931 0.314695
vt 0.174312 0.301910
vt 0.155896 0.314853
vt 0.145908 0.314913
vt 0.168838 0.292436
vt 0.163861 0.283817
vt 0.159092 0.275556
vt 0.103891 0.292437
vt 0.108868 0.283817
vt 0.113637 0.275556
vt 0.136364 0.314921
vt 0.227274 0.255844
vt 0.233335 0.263696
vt 0.227274 0.269724
vt 0.221212 0.263696
vt 0.238638 0.271525
vt 0.232585 0.276168
vt 0.243416 0.279358
vt 0.237098 0.283005
vt 0.221962 0.276168
vt 0.215909 0.271525
vt 0.227273 0.281031
vt 0.231384 0.286304
vt 0.255708 0.305094
vt 0.245878 0.306418
vt 0.243688 0.298155
vt 0.251939 0.295919
vt 0.236446 0.307097
vt 0.235451 0.299533
vt 0.227274 0.307318
vt 0.227274 0.300023
vt 0.240763 0.290332
vt 0.247811 0.287412
vt 0.233895 0.292501
vt 0.227274 0.293425
vt 0.198829 0.305076
vt 0.202608 0.295919
vt 0.210859 0.298154
vt 0.208665 0.306410
vt 0.206736 0.287412
vt 0.213784 0.290332
vt 0.211131 0.279358
vt 0.217449 0.283005
vt 0.219096 0.299533
vt 0.218100 0.307096
vt 0.220651 0.292501
vt 0.223163 0.286304
vt 0.237098 0.283005
vt 0.243416 0.279358
vt 0.227274 0.300022
vt 0.227274 0.307318
vt 0.217449 0.283005
vt 0.211131 0.279358
vt 0.227274 0.288678
vt 0.234783 0.249197
vt 0.219764 0.249197
vt 0.240255 0.258676
vt 0.245231 0.267295
vt 0.250001 0.275556
vt 0.214292 0.258676
vt 0.209316 0.267295
vt 0.204546 0.275556
vt 0.265219 0.301915
vt 0.236812 0.314921
vt 0.227274 0.314921
vt 0.259747 0.292437
vt 0.254770 0.283817
vt 0.250001 0.275556
vt 0.189326 0.301910
vt 0.196707 0.314695
vt 0.194800 0.292437
vt 0.199777 0.283817
vt 0.207742 0.314853
vt 0.217730 0.314913
vt 0.227274 0.314921
vt 0.244294 0.246018
vt 0.254124 0.244694
vt 0.256314 0.252958
vt 0.248062 0.255193
vt 0.263555 0.244015
vt 0.264551 0.251579
vt 0.272728 0.243794
vt 0.272728 0.251090
vt 0.259239 0.260780
vt 0.252191 0.263700
vt 0.266106 0.258611
vt 0.272728 0.257687
vt 0.301162 0.246018
vt 0.297394 0.255193
vt 0.289142 0.252958
vt 0.291332 0.244694
vt 0.293265 0.263700
vt 0.286217 0.260780
vt 0.288871 0.271755
vt 0.282553 0.268107
vt 0.280906 0.251579
vt 0.281901 0.244015
vt 0.279350 0.258611
vt 0.276839 0.264808
vt 0.272728 0.295268
vt 0.266666 0.287416
vt 0.272728 0.281388
vt 0.278790 0.287416
vt 0.261363 0.279588
vt 0.267416 0.274944
vt 0.256585 0.271755
vt 0.262903 0.268107
vt 0.278040 0.274944
vt 0.284093 0.279588
vt 0.272728 0.270081
vt 0.268617 0.264808
vt 0.272728 0.251090
vt 0.272728 0.243794
vt 0.282553 0.268107
vt 0.262903 0.268107
vt 0.256585 0.271755
vt 0.272728 0.262434
vt 0.242292 0.236191
vt 0.234783 0.249197
vt 0.253236 0.236191
vt 0.263189 0.236191
vt 0.240255 0.258676
vt 0.310673 0.249197
vt 0.305201 0.258676
vt 0.300225 0.267295
vt 0.295455 0.275556
vt 0.292220 0.236191
vt 0.265219 0.301915
vt 0.280237 0.301915
vt 0.259747 0.292437
vt 0.254770 0.283817
vt 0.285709 0.292437
vt 0.290686 0.283817
vt 0.295455 0.275556
vt 0.318183 0.255844
vt 0.324244 0.263696
vt 0.318183 0.269724
vt 0.312121 0.263696
vt 0.329547 0.271525
vt 0.323494 0.276168
vt 0.334325 0.279358
vt 0.328007 0.283005
vt 0.312871 0.276168
vt 0.306818 0.271525
vt 0.318183 0.281031
vt 0.322293 0.286304
vt 0.346627 0.305076
vt 0.336791 0.306410
vt 0.334597 0.298154
vt 0.342848 0.295919
vt 0.327356 0.307095
vt 0.326360 0.299533
vt 0.318183 0.307318
vt 0.318182 0.300023
vt 0.331672 0.290332
vt 0.338720 0.287412
vt 0.324804 0.292501
vt 0.318182 0.293425
vt 0.289748 0.305094
vt 0.293517 0.295919
vt 0.301768 0.298154
vt 0.299579 0.306418
vt 0.297645 0.287412
vt 0.304693 0.290332
vt 0.302040 0.279358
vt 0.308358 0.283005
vt 0.310005 0.299533
vt 0.309010 0.307097
vt 0.311560 0.292501
vt 0.314072 0.286304
vt 0.328007 0.283005
vt 0.318182 0.300023
vt 0.308358 0.283005
vt 0.302040 0.279358
vt 0.318183 0.288678
vt 0.325692 0.249197
vt 0.331164 0.258676
vt 0.336140 0.267295
vt 0.340910 0.275556
vt 0.300225 0.267295
vt 0.295455 0.275556
vt 0.356130 0.301910
vt 0.327726 0.314913
vt 0.350656 0.292436
vt 0.345679 0.283817
vt 0.340910 0.275556
vt 0.285709 0.292437
vt 0.290686 0.283817
vt 0.295455 0.275556
vt 0.318183 0.314921
vt 0.517021 0.246018
vt 0.526851 0.244694
vt 0.529041 0.252958
vt 0.520790 0.255193
vt 0.536282 0.244015
vt 0.537278 0.251579
vt 0.545455 0.243794
vt 0.545455 0.251090
vt 0.531966 0.260780
vt 0.524918 0.263700
vt 0.538833 0.258611
vt 0.545455 0.257687
vt 0.573889 0.246018
vt 0.570121 0.255193
vt 0.561869 0.252958
vt 0.564059 0.244694
vt 0.565992 0.263700
vt 0.558944 0.260780
vt 0.561598 0.271755
vt 0.555280 0.268107
vt 0.553632 0.251579
vt 0.554628 0.244015
vt 0.552077 0.258611
vt 0.549566 0.264808
vt 0.545455 0.295268
vt 0.539393 0.287416
vt 0.545455 0.281388
vt 0.551517 0.287416
vt 0.534090 0.279587
vt 0.540143 0.274944
vt 0.529312 0.271755
vt 0.535630 0.268107
vt 0.550767 0.274944
vt 0.556820 0.279587
vt 0.545455 0.270081
vt 0.541344 0.264808
vt 0.545455 0.243794
vt 0.555280 0.268107
vt 0.561598 0.271754
vt 0.535630 0.268107
vt 0.529312 0.271755
vt 0.545455 0.262434
vt 0.515019 0.236191
vt 0.507510 0.249197
vt 0.525963 0.236191
vt 0.535916 0.236191
vt 0.545455 0.236191
vt 0.512982 0.258676
vt 0.517958 0.267295
vt 0.522728 0.275556
vt 0.575891 0.236191
vt 0.577928 0.258676
vt 0.572952 0.267295
vt 0.568182 0.275556
vt 0.564947 0.236191
vt 0.554994 0.236191
vt 0.545455 0.236191
vt 0.552962 0.301910
vt 0.532474 0.292437
vt 0.522728 0.275556
vt 0.558436 0.292436
vt 0.563413 0.283817
vt 0.517021 0.226364
vt 0.520790 0.217189
vt 0.529041 0.219424
vt 0.526851 0.227688
vt 0.524918 0.208682
vt 0.531966 0.211602
vt 0.529312 0.200628
vt 0.535630 0.204275
vt 0.537278 0.220803
vt 0.536283 0.228367
vt 0.538833 0.213771
vt 0.541344 0.207574
vt 0.545455 0.177114
vt 0.551517 0.184966
vt 0.545455 0.190994
vt 0.539393 0.184966
vt 0.556820 0.192795
vt 0.550767 0.197438
vt 0.561598 0.200628
vt 0.555280 0.204275
vt 0.540143 0.197438
vt 0.534090 0.192795
vt 0.545455 0.202301
vt 0.549566 0.207574
vt 0.573889 0.226364
vt 0.564059 0.227688
vt 0.561869 0.219424
vt 0.570121 0.217189
vt 0.554628 0.228367
vt 0.553632 0.220803
vt 0.545455 0.228588
vt 0.545455 0.221292
vt 0.558944 0.211602
vt 0.565992 0.208682
vt 0.552077 0.213771
vt 0.545455 0.214695
vt 0.535630 0.204275
vt 0.555280 0.204275
vt 0.561598 0.200628
vt 0.545455 0.209948
vt 0.515019 0.236191
vt 0.512982 0.213707
vt 0.522728 0.196826
vt 0.525963 0.236191
vt 0.545455 0.236191
vt 0.552964 0.170467
vt 0.537946 0.170467
vt 0.558436 0.179946
vt 0.563413 0.188565
vt 0.568182 0.196826
vt 0.527497 0.188565
vt 0.583400 0.223185
vt 0.564947 0.236191
vt 0.554994 0.236191
vt 0.577928 0.213706
vt 0.572952 0.205087
vt 0.568182 0.196826
vt 0.562475 0.167288
vt 0.572306 0.165964
vt 0.574495 0.174228
vt 0.566244 0.176463
vt 0.581737 0.165285
vt 0.582732 0.172849
vt 0.590910 0.165064
vt 0.590909 0.172360
vt 0.577420 0.182050
vt 0.570372 0.184970
vt 0.584287 0.179881
vt 0.590909 0.178957
vt 0.619354 0.167306
vt 0.615575 0.176463
vt 0.607324 0.174228
vt 0.609518 0.165972
vt 0.611447 0.184970
vt 0.604399 0.182050
vt 0.607052 0.193025
vt 0.600734 0.189377
vt 0.599087 0.172849
vt 0.600083 0.165287
vt 0.597532 0.179881
vt 0.595020 0.186078
vt 0.590910 0.216538
vt 0.584848 0.208686
vt 0.590910 0.202658
vt 0.596971 0.208686
vt 0.579545 0.200857
vt 0.585598 0.196214
vt 0.574767 0.193025
vt 0.581085 0.189377
vt 0.596221 0.196214
vt 0.602274 0.200857
vt 0.590909 0.191351
vt 0.586799 0.186078
vt 0.590910 0.165064
vt 0.600734 0.189377
vt 0.607052 0.193025
vt 0.581085 0.189377
vt 0.574767 0.193025
vt 0.590909 0.183704
vt 0.560473 0.157461
vt 0.552964 0.170467
vt 0.571418 0.157461
vt 0.581371 0.157461
vt 0.590910 0.157461
vt 0.558436 0.179946
vt 0.563413 0.188565
vt 0.568182 0.196826
vt 0.628857 0.170472
vt 0.621476 0.157687
vt 0.623383 0.179946
vt 0.613637 0.196826
vt 0.610441 0.157529
vt 0.600453 0.157469
vt 0.598419 0.223185
vt 0.577928 0.213707
vt 0.572952 0.205087
vt 0.603891 0.213706
vt 0.608867 0.205087
vt 0.613637 0.196826
vt 0.698839 0.246018
vt 0.708669 0.244694
vt 0.710859 0.252958
vt 0.702608 0.255193
vt 0.718101 0.244015
vt 0.719096 0.251579
vt 0.727273 0.243794
vt 0.727273 0.251090
vt 0.713784 0.260780
vt 0.706736 0.263700
vt 0.720651 0.258611
vt 0.727273 0.257687
vt 0.755707 0.246018
vt 0.751939 0.255193
vt 0.743687 0.252958
vt 0.745877 0.244694
vt 0.747810 0.263700
vt 0.740762 0.260780
vt 0.743416 0.271755
vt 0.737098 0.268107
vt 0.735451 0.251579
vt 0.736446 0.244015
vt 0.733895 0.258611
vt 0.731384 0.264808
vt 0.727273 0.295268
vt 0.721211 0.287416
vt 0.727273 0.281388
vt 0.733335 0.287416
vt 0.715908 0.279587
vt 0.721961 0.274944
vt 0.711130 0.271755
vt 0.717448 0.268107
vt 0.732585 0.274944
vt 0.738638 0.279587
vt 0.727273 0.270081
vt 0.723162 0.264808
vt 0.727273 0.243794
vt 0.737098 0.268107
vt 0.743416 0.271754
vt 0.717448 0.268107
vt 0.727273 0.262434
vt 0.696837 0.236191
vt 0.707781 0.236191
vt 0.717734 0.236191
vt 0.727273 0.236191
vt 0.694800 0.258676
vt 0.699776 0.267295
vt 0.704546 0.275556
vt 0.765218 0.249197
vt 0.757709 0.236191
vt 0.759746 0.258676
vt 0.754770 0.267295
vt 0.750000 0.275556
vt 0.746765 0.236191
vt 0.736812 0.236191
vt 0.727273 0.236191
vt 0.734780 0.301910
vt 0.714292 0.292437
vt 0.704546 0.275556
vt 0.740254 0.292436
vt 0.745231 0.283817
vt 0.750000 0.275556
vt 0.698839 0.226364
vt 0.702608 0.217189
vt 0.710859 0.219424
vt 0.708669 0.227688
vt 0.706736 0.208682
vt 0.713784 0.211602
vt 0.711130 0.200628
vt 0.717448 0.204275
vt 0.719096 0.220803
vt 0.718101 0.228367
vt 0.720651 0.213771
vt 0.723162 0.207574
vt 0.727273 0.177114
vt 0.733335 0.184966
vt 0.727273 0.190994
vt 0.721212 0.184966
vt 0.738638 0.192795
vt 0.732585 0.197438
vt 0.743416 0.200628
vt 0.737098 0.204275
vt 0.721961 0.197438
vt 0.715908 0.192795
vt 0.727273 0.202301
vt 0.731384 0.207574
vt 0.755707 0.226364
vt 0.745877 0.227688
vt 0.743687 0.219424
vt 0.751939 0.217189
vt 0.736446 0.228367
vt 0.735451 0.220803
vt 0.727273 0.228588
vt 0.727273 0.221292
vt 0.740762 0.211602
vt 0.747810 0.208682
vt 0.733895 0.213771
vt 0.727273 0.214695
vt 0.717448 0.204275
vt 0.711130 0.200628
vt 0.737098 0.204275
vt 0.743416 0.200628
vt 0.727273 0.221292
vt 0.727273 0.228588
vt 0.727273 0.209948
vt 0.696837 0.236191
vt 0.694800 0.213707
vt 0.704546 0.196826
vt 0.707781 0.236191
vt 0.727273 0.236191
vt 0.734782 0.170467
vt 0.719764 0.170467
vt 0.740254 0.179946
vt 0.745231 0.188565
vt 0.750000 0.196826
vt 0.714292 0.179946
vt 0.765218 0.223185
vt 0.746765 0.236191
vt 0.736812 0.236191
vt 0.727273 0.236191
vt 0.759746 0.213706
vt 0.754770 0.205087
vt 0.750000 0.196826
vt 0.744293 0.167288
vt 0.754124 0.165964
vt 0.756314 0.174228
vt 0.748062 0.176463
vt 0.763555 0.165285
vt 0.764550 0.172849
vt 0.772728 0.165064
vt 0.772728 0.172360
vt 0.759238 0.182050
vt 0.752190 0.184970
vt 0.766106 0.179881
vt 0.772728 0.178957
vt 0.801172 0.167306
vt 0.797393 0.176463
vt 0.789142 0.174228
vt 0.791337 0.165972
vt 0.793265 0.184970
vt 0.786217 0.182050
vt 0.788870 0.193025
vt 0.782552 0.189377
vt 0.780905 0.172849
vt 0.781901 0.165287
vt 0.779350 0.179881
vt 0.776838 0.186078
vt 0.772728 0.216538
vt 0.766666 0.208686
vt 0.772728 0.202658
vt 0.778789 0.208686
vt 0.761363 0.200857
vt 0.767416 0.196214
vt 0.756585 0.193025
vt 0.762903 0.189377
vt 0.778040 0.196214
vt 0.784093 0.200857
vt 0.772727 0.191351
vt 0.768617 0.186078
vt 0.772728 0.172360
vt 0.772728 0.165064
vt 0.782552 0.189377
vt 0.788871 0.193025
vt 0.762903 0.189377
vt 0.756585 0.193025
vt 0.772727 0.183704
vt 0.742292 0.157461
vt 0.753236 0.157461
vt 0.763189 0.157461
vt 0.772728 0.157461
vt 0.740254 0.179946
vt 0.745231 0.188565
vt 0.750000 0.196826
vt 0.803294 0.157687
vt 0.800224 0.188565
vt 0.795455 0.196826
vt 0.792259 0.157529
vt 0.782271 0.157469
vt 0.772727 0.157461
vt 0.765218 0.223185
vt 0.780237 0.223185
vt 0.759746 0.213707
vt 0.754770 0.205087
vt 0.750000 0.196826
vt 0.785709 0.213706
vt 0.880657 0.246018
vt 0.890487 0.244694
vt 0.892677 0.252958
vt 0.884426 0.255193
vt 0.899919 0.244015
vt 0.900914 0.251579
vt 0.909091 0.243794
vt 0.909091 0.251090
vt 0.895602 0.260780
vt 0.888554 0.263700
vt 0.902469 0.258611
vt 0.909091 0.257687
vt 0.937997 0.245202
vt 0.934334 0.254193
vt 0.925663 0.252684
vt 0.927808 0.244497
vt 0.930000 0.263056
vt 0.922689 0.260592
vt 0.925234 0.271755
vt 0.918916 0.268107
vt 0.917288 0.251545
vt 0.918278 0.243991
vt 0.915727 0.258588
vt 0.913202 0.264808
vt 0.908620 0.296084
vt 0.902916 0.287613
vt 0.908933 0.281661
vt 0.914576 0.288416
vt 0.897712 0.279612
vt 0.903759 0.274978
vt 0.892948 0.271755
vt 0.899266 0.268107
vt 0.914295 0.275132
vt 0.920084 0.280231
vt 0.909077 0.270104
vt 0.904980 0.264808
vt 0.909091 0.243794
vt 0.918916 0.268107
vt 0.925234 0.271755
vt 0.892948 0.271755
vt 0.909091 0.262434
vt 0.878655 0.236191
vt 0.871146 0.249197
vt 0.889599 0.236191
vt 0.899552 0.236191
vt 0.909091 0.236191
vt 0.886364 0.275556
vt 0.954545 0.236191
vt 0.948864 0.246032
vt 0.939655 0.235969
vt 0.943182 0.255874
vt 0.937500 0.265715
vt 0.931818 0.275556
vt 0.928622 0.236123
vt 0.918635 0.236182
vt 0.909091 0.236191
vt 0.914773 0.305080
vt 0.896070 0.292505
vt 0.920455 0.295239
vt 0.926136 0.285397
vt 0.880657 0.226364
vt 0.884426 0.217189
vt 0.892677 0.219424
vt 0.890487 0.227688
vt 0.888554 0.208682
vt 0.895602 0.211602
vt 0.892948 0.200628
vt 0.899266 0.204275
vt 0.900914 0.220803
vt 0.899919 0.228367
vt 0.902469 0.213771
vt 0.904980 0.207574
vt 0.909091 0.177114
vt 0.915153 0.184966
vt 0.909091 0.190994
vt 0.903030 0.184966
vt 0.920456 0.192795
vt 0.914403 0.197438
vt 0.925234 0.200628
vt 0.918916 0.204275
vt 0.903779 0.197438
vt 0.897726 0.192795
vt 0.909091 0.202301
vt 0.913202 0.207574
vt 0.937526 0.226364
vt 0.927700 0.227680
vt 0.925505 0.219424
vt 0.933752 0.217198
vt 0.918264 0.228366
vt 0.917269 0.220803
vt 0.909091 0.228588
vt 0.909091 0.221292
vt 0.922580 0.211602
vt 0.929628 0.208683
vt 0.915713 0.213771
vt 0.909091 0.214695
vt 0.899266 0.204275
vt 0.892948 0.200628
vt 0.918916 0.204275
vt 0.909091 0.221292
vt 0.909091 0.209948
vt 0.871146 0.223185
vt 0.878655 0.236191
vt 0.876618 0.213707
vt 0.881594 0.205087
vt 0.886364 0.196826
vt 0.889599 0.236191
vt 0.899552 0.236191
vt 0.909091 0.236191
vt 0.916600 0.170467
vt 0.901582 0.170467
vt 0.922072 0.179946
vt 0.927049 0.188565
vt 0.931818 0.196826
vt 0.939655 0.235969
vt 0.946908 0.223407
vt 0.928622 0.236123
vt 0.918635 0.236182
vt 0.909091 0.236191
vt 0.941525 0.213775
vt 0.936583 0.205095
vt 0.931818 0.196826
vt 0.926111 0.167288
vt 0.935942 0.165964
vt 0.938131 0.174228
vt 0.929880 0.176463
vt 0.945373 0.165285
vt 0.946368 0.172849
vt 0.954546 0.165064
vt 0.954546 0.172360
vt 0.941056 0.182050
vt 0.934008 0.184970
vt 0.947924 0.179881
vt 0.954545 0.178957
vt 0.983461 0.166490
vt 0.979788 0.175463
vt 0.971118 0.173954
vt 0.973268 0.165776
vt 0.975455 0.184326
vt 0.968143 0.181862
vt 0.970688 0.193025
vt 0.964370 0.189377
vt 0.962743 0.172815
vt 0.963733 0.165262
vt 0.961181 0.179858
vt 0.958656 0.186078
vt 0.954075 0.217354
vt 0.948371 0.208883
vt 0.954388 0.202931
vt 0.960030 0.209686
vt 0.943167 0.200882
vt 0.949214 0.196248
vt 0.938403 0.193025
vt 0.944721 0.189377
vt 0.959749 0.196402
vt 0.965539 0.201501
vt 0.954532 0.191374
vt 0.950435 0.186078
vt 0.954546 0.165064
vt 0.964370 0.189377
vt 0.938403 0.193025
vt 0.954545 0.183704
vt 0.924110 0.157461
vt 0.935054 0.157461
vt 0.945007 0.157461
vt 0.954546 0.157461
vt 0.922072 0.179946
vt 0.927049 0.188565
vt 0.931818 0.196826
vt 1.000000 0.157461
vt 0.994318 0.167302
vt 0.985243 0.157461
vt 0.988636 0.177144
vt 0.982955 0.186985
vt 0.977273 0.196826
vt 0.974116 0.157461
vt 0.964094 0.157461
vt 0.946908 0.223407
vt 0.960227 0.226350
vt 0.941525 0.213775
vt 0.965909 0.216509
vt 0.971591 0.206667
vt 0.153385 0.246018
vt 0.163215 0.244694
vt 0.165405 0.252958
vt 0.157153 0.255193
vt 0.172646 0.244015
vt 0.173642 0.251579
vt 0.181819 0.243794
vt 0.181819 0.251090
vt 0.168330 0.260780
vt 0.161282 0.263700
vt 0.175197 0.258611
vt 0.181819 0.257687
vt 0.210253 0.246018
vt 0.206485 0.255193
vt 0.198233 0.252958
vt 0.200423 0.244694
vt 0.202356 0.263700
vt 0.195308 0.260780
vt 0.197962 0.271755
vt 0.191644 0.268107
vt 0.189996 0.251579
vt 0.190992 0.244015
vt 0.188441 0.258611
vt 0.185930 0.264808
vt 0.181819 0.295268
vt 0.175757 0.287416
vt 0.181819 0.281388
vt 0.187881 0.287416
vt 0.170454 0.279587
vt 0.176507 0.274944
vt 0.165676 0.271755
vt 0.171994 0.268107
vt 0.187131 0.274944
vt 0.193184 0.279587
vt 0.181819 0.270081
vt 0.177708 0.264808
vt 0.181819 0.243794
vt 0.191644 0.268107
vt 0.197962 0.271754
vt 0.171994 0.268107
vt 0.181819 0.262434
vt 0.151383 0.236191
vt 0.162327 0.236191
vt 0.172280 0.236191
vt 0.181819 0.236191
vt 0.154322 0.267295
vt 0.212255 0.236191
vt 0.214292 0.258676
vt 0.209316 0.267295
vt 0.204546 0.275556
vt 0.201311 0.236191
vt 0.191358 0.236191
vt 0.174312 0.301910
vt 0.189326 0.301910
vt 0.168838 0.292437
vt 0.159092 0.275556
vt 0.194800 0.292436
vt 0.199777 0.283817
vt 0.204546 0.275556
vt 0.153385 0.226364
vt 0.157153 0.217189
vt 0.165405 0.219424
vt 0.163215 0.227688
vt 0.161282 0.208682
vt 0.168330 0.211602
vt 0.165676 0.200628
vt 0.171994 0.204275
vt 0.173642 0.220803
vt 0.172646 0.228367
vt 0.175197 0.213771
vt 0.177708 0.207574
vt 0.181819 0.177114
vt 0.187881 0.184966
vt 0.181819 0.190994
vt 0.175757 0.184966
vt 0.193184 0.192795
vt 0.187131 0.197438
vt 0.197962 0.200628
vt 0.191644 0.204275
vt 0.176507 0.197438
vt 0.170454 0.192795
vt 0.181819 0.202301
vt 0.185930 0.207574
vt 0.210253 0.226364
vt 0.200423 0.227688
vt 0.198233 0.219424
vt 0.206485 0.217189
vt 0.190992 0.228367
vt 0.189996 0.220803
vt 0.181819 0.228588
vt 0.181819 0.221292
vt 0.195308 0.211602
vt 0.202356 0.208682
vt 0.188441 0.213771
vt 0.181819 0.214695
vt 0.191644 0.204275
vt 0.197962 0.200628
vt 0.181819 0.209948
vt 0.151383 0.236191
vt 0.149346 0.213707
vt 0.162327 0.236191
vt 0.181819 0.236191
vt 0.189328 0.170467
vt 0.174310 0.170467
vt 0.194800 0.179946
vt 0.199777 0.188565
vt 0.204546 0.196826
vt 0.219764 0.223185
vt 0.201311 0.236191
vt 0.191358 0.236191
vt 0.181819 0.236191
vt 0.214292 0.213706
vt 0.209316 0.205087
vt 0.204546 0.196826
vt 0.198839 0.167288
vt 0.208670 0.165964
vt 0.210859 0.174228
vt 0.202608 0.176463
vt 0.218101 0.165285
vt 0.219096 0.172849
vt 0.227274 0.165064
vt 0.227274 0.172360
vt 0.213784 0.182050
vt 0.206736 0.184970
vt 0.220652 0.179881
vt 0.227274 0.178957
vt 0.255718 0.167306
vt 0.251939 0.176463
vt 0.243688 0.174228
vt 0.245882 0.165972
vt 0.247811 0.184970
vt 0.240763 0.182050
vt 0.243416 0.193025
vt 0.237098 0.189377
vt 0.235451 0.172849
vt 0.236447 0.165287
vt 0.233895 0.179881
vt 0.231384 0.186078
vt 0.227274 0.216538
vt 0.221212 0.208686
vt 0.227274 0.202658
vt 0.233335 0.208686
vt 0.215909 0.200857
vt 0.221962 0.196214
vt 0.211131 0.193025
vt 0.217449 0.189377
vt 0.232585 0.196214
vt 0.238638 0.200857
vt 0.227274 0.191351
vt 0.223163 0.186078
vt 0.227274 0.165064
vt 0.237098 0.189377
vt 0.243416 0.193025
vt 0.211131 0.193025
vt 0.227274 0.183704
vt 0.196837 0.157461
vt 0.189328 0.170467
vt 0.207782 0.157461
vt 0.217735 0.157461
vt 0.227274 0.157461
vt 0.194800 0.179946
vt 0.199777 0.188565
vt 0.204546 0.196826
vt 0.265221 0.170472
vt 0.257840 0.157687
vt 0.259747 0.179946
vt 0.250001 0.196826
vt 0.246805 0.157529
vt 0.236817 0.157469
vt 0.219764 0.223185
vt 0.234783 0.223185
vt 0.214292 0.213707
vt 0.209316 0.205087
vt 0.204546 0.196826
vt 0.240255 0.213706
vt 0.250001 0.196826
vt 0.335203 0.246018
vt 0.345033 0.244694
vt 0.347223 0.252958
vt 0.338971 0.255193
vt 0.354465 0.244015
vt 0.355460 0.251579
vt 0.363637 0.243794
vt 0.363637 0.251090
vt 0.350148 0.260780
vt 0.343100 0.263700
vt 0.357015 0.258611
vt 0.363637 0.257687
vt 0.392071 0.246018
vt 0.388303 0.255193
vt 0.380051 0.252958
vt 0.382241 0.244694
vt 0.384174 0.263700
vt 0.377126 0.260780
vt 0.379780 0.271755
vt 0.373462 0.268107
vt 0.371814 0.251579
vt 0.372810 0.244015
vt 0.370259 0.258611
vt 0.367748 0.264808
vt 0.363637 0.295268
vt 0.357575 0.287416
vt 0.363637 0.281388
vt 0.369699 0.287416
vt 0.352272 0.279587
vt 0.358325 0.274944
vt 0.347494 0.271755
vt 0.353812 0.268107
vt 0.368949 0.274944
vt 0.375002 0.279587
vt 0.363637 0.270081
vt 0.359526 0.264808
vt 0.363637 0.243794
vt 0.373462 0.268107
vt 0.379780 0.271754
vt 0.353812 0.268107
vt 0.363637 0.262434
vt 0.333201 0.236191
vt 0.344145 0.236191
vt 0.354098 0.236191
vt 0.363637 0.236191
vt 0.336140 0.267295
vt 0.401582 0.249197
vt 0.394073 0.236191
vt 0.396110 0.258676
vt 0.391134 0.267295
vt 0.386364 0.275556
vt 0.383129 0.236191
vt 0.373176 0.236191
vt 0.363637 0.236191
vt 0.371144 0.301910
vt 0.350656 0.292437
vt 0.340910 0.275556
vt 0.376618 0.292436
vt 0.381595 0.283817
vt 0.335203 0.226364
vt 0.338971 0.217189
vt 0.347223 0.219424
vt 0.345033 0.227688
vt 0.343100 0.208682
vt 0.350148 0.211602
vt 0.347494 0.200628
vt 0.353812 0.204275
vt 0.355460 0.220803
vt 0.354465 0.228367
vt 0.357015 0.213771
vt 0.359526 0.207574
vt 0.363637 0.177114
vt 0.369699 0.184966
vt 0.363637 0.190994
vt 0.357575 0.184966
vt 0.375002 0.192795
vt 0.368949 0.197438
vt 0.379780 0.200628
vt 0.373462 0.204275
vt 0.358325 0.197438
vt 0.352272 0.192795
vt 0.363637 0.202301
vt 0.367748 0.207574
vt 0.392071 0.226364
vt 0.382241 0.227688
vt 0.380051 0.219424
vt 0.388303 0.217189
vt 0.372810 0.228367
vt 0.371814 0.220803
vt 0.363637 0.228588
vt 0.363637 0.221292
vt 0.377126 0.211602
vt 0.384174 0.208682
vt 0.370259 0.213771
vt 0.363637 0.214695
vt 0.353812 0.204275
vt 0.347494 0.200628
vt 0.373462 0.204275
vt 0.379780 0.200628
vt 0.363637 0.221292
vt 0.363637 0.209948
vt 0.325692 0.223185
vt 0.333201 0.236191
vt 0.331164 0.213707
vt 0.344145 0.236191
vt 0.363637 0.236191
vt 0.371146 0.170467
vt 0.376618 0.179946
vt 0.381595 0.188565
vt 0.386364 0.196826
vt 0.350656 0.179946
vt 0.345679 0.188565
vt 0.394073 0.236191
vt 0.401582 0.223185
vt 0.383129 0.236191
vt 0.373176 0.236191
vt 0.396110 0.213706
vt 0.391134 0.205087
vt 0.386364 0.196826
vt 0.380657 0.167288
vt 0.390488 0.165964
vt 0.392677 0.174228
vt 0.384426 0.176463
vt 0.399919 0.165285
vt 0.400914 0.172849
vt 0.409091 0.165064
vt 0.409092 0.172360
vt 0.395602 0.182050
vt 0.388554 0.184970
vt 0.402470 0.179881
vt 0.409092 0.178957
vt 0.437536 0.167306
vt 0.433757 0.176463
vt 0.425506 0.174228
vt 0.427700 0.165972
vt 0.429629 0.184970
vt 0.422581 0.182050
vt 0.425234 0.193025
vt 0.418916 0.189377
vt 0.417269 0.172849
vt 0.418265 0.165287
vt 0.415713 0.179881
vt 0.413202 0.186078
vt 0.409092 0.216538
vt 0.403030 0.208686
vt 0.409092 0.202658
vt 0.415153 0.208686
vt 0.397727 0.200857
vt 0.403780 0.196214
vt 0.392949 0.193025
vt 0.399267 0.189377
vt 0.414403 0.196214
vt 0.420456 0.200857
vt 0.409092 0.191351
vt 0.404981 0.186078
vt 0.409092 0.165064
vt 0.418916 0.189377
vt 0.425234 0.193025
vt 0.399267 0.189377
vt 0.392949 0.193025
vt 0.409092 0.183704
vt 0.378655 0.157461
vt 0.389600 0.157461
vt 0.399553 0.157461
vt 0.409092 0.157461
vt 0.376618 0.179946
vt 0.381595 0.188565
vt 0.386364 0.196826
vt 0.447039 0.170472
vt 0.439658 0.157687
vt 0.436588 0.188565
vt 0.431819 0.196826
vt 0.428623 0.157529
vt 0.418635 0.157469
vt 0.409091 0.157461
vt 0.396110 0.213707
vt 0.422073 0.213706
vt 0.500472 0.097568
vt 0.506176 0.106039
vt 0.500158 0.111991
vt 0.494516 0.105236
vt 0.511380 0.114040
vt 0.505332 0.118674
vt 0.516143 0.121897
vt 0.509825 0.125545
vt 0.494797 0.118520
vt 0.489007 0.113420
vt 0.500014 0.123547
vt 0.504111 0.128844
vt 0.528435 0.147634
vt 0.518605 0.148958
vt 0.516415 0.140694
vt 0.524666 0.138459
vt 0.509173 0.149637
vt 0.508178 0.142073
vt 0.500001 0.149858
vt 0.500001 0.142562
vt 0.513490 0.132872
vt 0.520538 0.129952
vt 0.506623 0.135041
vt 0.500000 0.135964
vt 0.471095 0.148450
vt 0.474758 0.139458
vt 0.483429 0.140968
vt 0.481283 0.149155
vt 0.479091 0.130596
vt 0.486403 0.133060
vt 0.483858 0.121897
vt 0.490176 0.125545
vt 0.491803 0.142107
vt 0.490814 0.149661
vt 0.493365 0.135064
vt 0.495890 0.128844
vt 0.509825 0.125545
vt 0.516143 0.121897
vt 0.490176 0.125545
vt 0.483858 0.121897
vt 0.500001 0.131218
vt 0.507638 0.091515
vt 0.494319 0.088572
vt 0.513021 0.101147
vt 0.517963 0.109826
vt 0.522728 0.118096
vt 0.488637 0.098413
vt 0.482955 0.108254
vt 0.477273 0.118096
vt 0.530437 0.157461
vt 0.537946 0.144455
vt 0.509539 0.157461
vt 0.500001 0.157461
vt 0.532474 0.134976
vt 0.527497 0.126357
vt 0.460228 0.147620
vt 0.465910 0.137778
vt 0.471591 0.127937
vt 0.477273 0.118096
vt 0.500001 0.157461
vt 0.517021 0.088557
vt 0.526846 0.087242
vt 0.529041 0.095497
vt 0.520794 0.097724
vt 0.536282 0.086556
vt 0.537278 0.094119
vt 0.545455 0.086334
vt 0.545455 0.093629
vt 0.531966 0.103320
vt 0.524918 0.106239
vt 0.538833 0.101151
vt 0.545455 0.100227
vt 0.573889 0.088557
vt 0.570116 0.097724
vt 0.561869 0.095497
vt 0.564064 0.087242
vt 0.565992 0.106239
vt 0.558944 0.103320
vt 0.561598 0.114294
vt 0.555280 0.110646
vt 0.553632 0.094119
vt 0.554628 0.086556
vt 0.552077 0.101151
vt 0.549566 0.107347
vt 0.545455 0.137808
vt 0.539393 0.129956
vt 0.545455 0.123928
vt 0.551517 0.129956
vt 0.534090 0.122127
vt 0.540143 0.117484
vt 0.529312 0.114294
vt 0.535630 0.110646
vt 0.550767 0.117484
vt 0.556820 0.122127
vt 0.545455 0.112621
vt 0.541344 0.107347
vt 0.545455 0.093629
vt 0.555280 0.110646
vt 0.561598 0.114294
vt 0.529312 0.114294
vt 0.545455 0.104974
vt 0.514891 0.078953
vt 0.507638 0.091515
vt 0.525924 0.078799
vt 0.535911 0.078739
vt 0.545455 0.078730
vt 0.513021 0.101147
vt 0.517963 0.109826
vt 0.583272 0.091515
vt 0.576019 0.078953
vt 0.577889 0.101147
vt 0.572947 0.109826
vt 0.568182 0.118096
vt 0.554999 0.078739
vt 0.545455 0.078730
vt 0.537946 0.144455
vt 0.552964 0.144455
vt 0.532474 0.134976
vt 0.527497 0.126357
vt 0.522728 0.118096
vt 0.558436 0.134976
vt 0.563413 0.126357
vt 0.568182 0.118096
vt 0.590439 0.097568
vt 0.596394 0.105236
vt 0.590752 0.111991
vt 0.584735 0.106039
vt 0.601903 0.113420
vt 0.596113 0.118520
vt 0.607052 0.121897
vt 0.600734 0.125545
vt 0.585578 0.118674
vt 0.579530 0.114040
vt 0.590896 0.123547
vt 0.595020 0.128844
vt 0.619815 0.148450
vt 0.609627 0.149155
vt 0.607481 0.140968
vt 0.616152 0.139458
vt 0.600096 0.149661
vt 0.599107 0.142107
vt 0.590910 0.149858
vt 0.590909 0.142562
vt 0.604507 0.133060
vt 0.611819 0.130596
vt 0.597545 0.135064
vt 0.590909 0.135964
vt 0.562475 0.147634
vt 0.566244 0.138459
vt 0.574495 0.140694
vt 0.572306 0.148958
vt 0.570372 0.129952
vt 0.577420 0.132872
vt 0.574767 0.121897
vt 0.581085 0.125545
vt 0.582732 0.142073
vt 0.581737 0.149636
vt 0.584288 0.135041
vt 0.586799 0.128844
vt 0.600734 0.125545
vt 0.607052 0.121897
vt 0.590910 0.142562
vt 0.574767 0.121897
vt 0.590910 0.131218
vt 0.596591 0.088572
vt 0.602273 0.098413
vt 0.607955 0.108254
vt 0.613637 0.118096
vt 0.577889 0.101147
vt 0.572947 0.109826
vt 0.568182 0.118096
vt 0.621476 0.157687
vt 0.630682 0.147620
vt 0.610441 0.157529
vt 0.600453 0.157470
vt 0.590910 0.157461
vt 0.625000 0.137778
vt 0.619319 0.127937
vt 0.613637 0.118096
vt 0.552964 0.144455
vt 0.560473 0.157461
vt 0.558436 0.134976
vt 0.563413 0.126357
vt 0.590910 0.157461
vt 0.682290 0.097568
vt 0.687994 0.106039
vt 0.681976 0.111991
vt 0.676334 0.105236
vt 0.693198 0.114040
vt 0.687150 0.118674
vt 0.697961 0.121897
vt 0.691643 0.125545
vt 0.676615 0.118520
vt 0.670825 0.113420
vt 0.681832 0.123547
vt 0.685929 0.128844
vt 0.710253 0.147634
vt 0.700423 0.148958
vt 0.698233 0.140694
vt 0.706484 0.138459
vt 0.690991 0.149637
vt 0.689996 0.142073
vt 0.681819 0.149858
vt 0.681819 0.142562
vt 0.695308 0.132872
vt 0.702356 0.129952
vt 0.688440 0.135041
vt 0.681818 0.135964
vt 0.652913 0.148450
vt 0.656576 0.139458
vt 0.665247 0.140968
vt 0.663101 0.149155
vt 0.660909 0.130596
vt 0.668221 0.133060
vt 0.665676 0.121897
vt 0.671994 0.125545
vt 0.673621 0.142107
vt 0.672632 0.149661
vt 0.675183 0.135064
vt 0.677708 0.128844
vt 0.691643 0.125545
vt 0.697962 0.121897
vt 0.671994 0.125545
vt 0.665676 0.121897
vt 0.681819 0.131218
vt 0.689456 0.091515
vt 0.676137 0.088572
vt 0.694839 0.101147
vt 0.699781 0.109826
vt 0.704546 0.118096
vt 0.670455 0.098413
vt 0.664773 0.108254
vt 0.659091 0.118096
vt 0.712255 0.157461
vt 0.719764 0.144455
vt 0.691357 0.157461
vt 0.681819 0.157461
vt 0.714292 0.134976
vt 0.709315 0.126357
vt 0.704546 0.118096
vt 0.642046 0.147620
vt 0.651252 0.157687
vt 0.647728 0.137778
vt 0.653410 0.127937
vt 0.659091 0.118096
vt 0.662287 0.157529
vt 0.698839 0.088557
vt 0.708664 0.087242
vt 0.710859 0.095497
vt 0.702612 0.097724
vt 0.718100 0.086556
vt 0.719096 0.094119
vt 0.727273 0.086334
vt 0.727273 0.093629
vt 0.713784 0.103320
vt 0.706736 0.106239
vt 0.720651 0.101151
vt 0.727273 0.100227
vt 0.755707 0.088557
vt 0.751934 0.097724
vt 0.743687 0.095497
vt 0.745882 0.087242
vt 0.747810 0.106239
vt 0.740762 0.103320
vt 0.743416 0.114294
vt 0.737098 0.110646
vt 0.735451 0.094119
vt 0.736446 0.086556
vt 0.733895 0.101151
vt 0.731384 0.107347
vt 0.727273 0.137808
vt 0.721212 0.129956
vt 0.727273 0.123928
vt 0.733335 0.129956
vt 0.715908 0.122127
vt 0.721961 0.117484
vt 0.711130 0.114294
vt 0.717448 0.110646
vt 0.732585 0.117484
vt 0.738638 0.122127
vt 0.727273 0.112621
vt 0.723162 0.107347
vt 0.727273 0.093629
vt 0.727273 0.086334
vt 0.743416 0.114294
vt 0.717448 0.110646
vt 0.711130 0.114294
vt 0.727273 0.104974
vt 0.696709 0.078953
vt 0.707742 0.078799
vt 0.717729 0.078739
vt 0.694839 0.101147
vt 0.699781 0.109826
vt 0.765090 0.091515
vt 0.757837 0.078953
vt 0.759707 0.101147
vt 0.754765 0.109826
vt 0.750000 0.118096
vt 0.746804 0.078799
vt 0.736817 0.078739
vt 0.727273 0.078730
vt 0.719764 0.144455
vt 0.734782 0.144455
vt 0.714292 0.134976
vt 0.709315 0.126357
vt 0.740254 0.134976
vt 0.745231 0.126357
vt 0.772256 0.097568
vt 0.778212 0.105236
vt 0.772570 0.111991
vt 0.766553 0.106039
vt 0.783721 0.113420
vt 0.777931 0.118520
vt 0.788870 0.121897
vt 0.782552 0.125545
vt 0.767396 0.118674
vt 0.761349 0.114040
vt 0.772714 0.123547
vt 0.776838 0.128844
vt 0.801633 0.148450
vt 0.791445 0.149155
vt 0.789300 0.140968
vt 0.797970 0.139458
vt 0.781914 0.149661
vt 0.780925 0.142107
vt 0.772728 0.149858
vt 0.772728 0.142562
vt 0.786325 0.133060
vt 0.793637 0.130596
vt 0.779363 0.135064
vt 0.772728 0.135964
vt 0.744293 0.147634
vt 0.748062 0.138459
vt 0.756314 0.140694
vt 0.754124 0.148958
vt 0.752190 0.129952
vt 0.759238 0.132872
vt 0.756585 0.121897
vt 0.762903 0.125545
vt 0.764550 0.142073
vt 0.763555 0.149636
vt 0.766105 0.135041
vt 0.768617 0.128844
vt 0.782552 0.125545
vt 0.788870 0.121897
vt 0.772728 0.142562
vt 0.756585 0.121897
vt 0.772727 0.131218
vt 0.778409 0.088572
vt 0.784091 0.098413
vt 0.789773 0.108254
vt 0.795455 0.118096
vt 0.754765 0.109826
vt 0.750000 0.118096
vt 0.803294 0.157687
vt 0.812500 0.147620
vt 0.782271 0.157470
vt 0.772728 0.157461
vt 0.806818 0.137778
vt 0.801137 0.127937
vt 0.795455 0.118096
vt 0.742291 0.157461
vt 0.740254 0.134976
vt 0.745231 0.126357
vt 0.750000 0.118096
vt 0.753236 0.157461
vt 0.763189 0.157461
vt 0.864108 0.097568
vt 0.869812 0.106039
vt 0.863794 0.111991
vt 0.858152 0.105236
vt 0.875016 0.114040
vt 0.868968 0.118674
vt 0.879779 0.121897
vt 0.873461 0.125545
vt 0.858433 0.118520
vt 0.852643 0.113420
vt 0.863650 0.123547
vt 0.867747 0.128844
vt 0.892071 0.147634
vt 0.882241 0.148958
vt 0.880051 0.140694
vt 0.888302 0.138459
vt 0.872809 0.149637
vt 0.871814 0.142073
vt 0.863637 0.149858
vt 0.863637 0.142562
vt 0.877126 0.132872
vt 0.884174 0.129952
vt 0.870258 0.135041
vt 0.863636 0.135964
vt 0.834731 0.148450
vt 0.838394 0.139458
vt 0.847065 0.140968
vt 0.844919 0.149155
vt 0.842727 0.130596
vt 0.850039 0.133060
vt 0.847494 0.121897
vt 0.853812 0.125545
vt 0.855439 0.142107
vt 0.854450 0.149661
vt 0.857001 0.135064
vt 0.859526 0.128844
vt 0.873461 0.125545
vt 0.879779 0.121897
vt 0.863637 0.142562
vt 0.863637 0.149858
vt 0.853812 0.125545
vt 0.847494 0.121897
vt 0.863636 0.131218
vt 0.871274 0.091515
vt 0.857955 0.088572
vt 0.876657 0.101147
vt 0.881599 0.109826
vt 0.886364 0.118096
vt 0.852273 0.098413
vt 0.846591 0.108254
vt 0.840909 0.118096
vt 0.894073 0.157461
vt 0.901582 0.144455
vt 0.883128 0.157461
vt 0.873175 0.157461
vt 0.863637 0.157461
vt 0.896110 0.134976
vt 0.891133 0.126357
vt 0.886364 0.118096
vt 0.823864 0.147620
vt 0.833070 0.157687
vt 0.829546 0.137778
vt 0.835228 0.127937
vt 0.840909 0.118096
vt 0.844105 0.157529
vt 0.880657 0.088557
vt 0.890482 0.087242
vt 0.892677 0.095497
vt 0.884430 0.097724
vt 0.899918 0.086556
vt 0.900914 0.094119
vt 0.909091 0.086334
vt 0.909091 0.093629
vt 0.895602 0.103320
vt 0.888554 0.106239
vt 0.902469 0.101151
vt 0.909091 0.100227
vt 0.937525 0.088557
vt 0.933752 0.097724
vt 0.925505 0.095497
vt 0.927700 0.087242
vt 0.929628 0.106239
vt 0.922580 0.103320
vt 0.925234 0.114294
vt 0.918916 0.110646
vt 0.917269 0.094119
vt 0.918264 0.086556
vt 0.915713 0.101151
vt 0.913202 0.107347
vt 0.909091 0.137808
vt 0.903030 0.129956
vt 0.909091 0.123928
vt 0.915153 0.129956
vt 0.897726 0.122127
vt 0.903779 0.117484
vt 0.892948 0.114294
vt 0.899266 0.110646
vt 0.914403 0.117484
vt 0.920456 0.122127
vt 0.909091 0.112621
vt 0.904980 0.107347
vt 0.909091 0.093629
vt 0.925234 0.114294
vt 0.899266 0.110646
vt 0.892948 0.114294
vt 0.909091 0.104974
vt 0.878527 0.078953
vt 0.889560 0.078799
vt 0.899547 0.078739
vt 0.876657 0.101147
vt 0.886364 0.118096
vt 0.946908 0.091515
vt 0.939655 0.078953
vt 0.941525 0.101147
vt 0.936583 0.109826
vt 0.931818 0.118096
vt 0.928622 0.078799
vt 0.918635 0.078739
vt 0.909091 0.078730
vt 0.901582 0.144455
vt 0.916600 0.144455
vt 0.896110 0.134976
vt 0.891133 0.126357
vt 0.922073 0.134976
vt 0.927049 0.126357
vt 0.931818 0.118096
vt 0.954075 0.097568
vt 0.960030 0.105236
vt 0.954388 0.111991
vt 0.948371 0.106039
vt 0.965539 0.113420
vt 0.959749 0.118520
vt 0.970688 0.121897
vt 0.964370 0.125545
vt 0.949214 0.118674
vt 0.943167 0.114040
vt 0.954532 0.123547
vt 0.958656 0.128844
vt 0.983461 0.148432
vt 0.973268 0.149146
vt 0.971118 0.140968
vt 0.979788 0.139458
vt 0.963733 0.149660
vt 0.962743 0.142107
vt 0.954546 0.149858
vt 0.954546 0.142562
vt 0.968143 0.133060
vt 0.975455 0.130596
vt 0.961181 0.135064
vt 0.954545 0.135964
vt 0.926111 0.147634
vt 0.929880 0.138459
vt 0.938131 0.140694
vt 0.935942 0.148958
vt 0.934008 0.129952
vt 0.941056 0.132872
vt 0.938403 0.121897
vt 0.944721 0.125545
vt 0.946368 0.142073
vt 0.945373 0.149636
vt 0.947923 0.135041
vt 0.950435 0.128844
vt 0.964370 0.125545
vt 0.970688 0.121897
vt 0.954546 0.142562
vt 0.954546 0.149858
vt 0.938403 0.121897
vt 0.954546 0.131218
vt 0.960227 0.088572
vt 0.946908 0.091515
vt 0.965909 0.098413
vt 0.971591 0.108254
vt 0.977273 0.118096
vt 0.936583 0.109826
vt 0.931818 0.118096
vt 0.985243 0.157461
vt 0.994318 0.147620
vt 0.974116 0.157461
vt 0.964094 0.157461
vt 0.954546 0.157461
vt 0.988636 0.137778
vt 0.982955 0.127937
vt 0.977273 0.118096
vt 0.916600 0.144455
vt 0.924110 0.157461
vt 0.922072 0.134976
vt 0.927049 0.126357
vt 0.954546 0.157461
vt 0.380657 0.147634
vt 0.384426 0.138459
vt 0.392677 0.140694
vt 0.390488 0.148958
vt 0.388554 0.129952
vt 0.395602 0.132872
vt 0.392949 0.121897
vt 0.399267 0.125545
vt 0.400914 0.142073
vt 0.399919 0.149636
vt 0.402469 0.135041
vt 0.404981 0.128844
vt 0.408621 0.097568
vt 0.414576 0.105236
vt 0.408934 0.111991
vt 0.402917 0.106039
vt 0.420085 0.113420
vt 0.414295 0.118520
vt 0.425234 0.121897
vt 0.418916 0.125545
vt 0.403760 0.118674
vt 0.397712 0.114040
vt 0.409078 0.123547
vt 0.413202 0.128844
vt 0.437997 0.148450
vt 0.427809 0.149155
vt 0.425664 0.140968
vt 0.434334 0.139458
vt 0.418278 0.149661
vt 0.417289 0.142107
vt 0.409092 0.149858
vt 0.409092 0.142562
vt 0.422689 0.133060
vt 0.430001 0.130596
vt 0.415727 0.135064
vt 0.409092 0.135964
vt 0.399267 0.125545
vt 0.392949 0.121897
vt 0.418916 0.125545
vt 0.425234 0.121897
vt 0.409092 0.142562
vt 0.409092 0.149858
vt 0.409092 0.131218
vt 0.371146 0.144455
vt 0.378655 0.157461
vt 0.376618 0.134976
vt 0.381595 0.126357
vt 0.386364 0.118096
vt 0.399553 0.157461
vt 0.409092 0.157461
vt 0.409092 0.078731
vt 0.414773 0.088572
vt 0.401454 0.091515
vt 0.420455 0.098413
vt 0.426137 0.108254
vt 0.431819 0.118096
vt 0.396071 0.101147
vt 0.391129 0.109826
vt 0.386364 0.118096
vt 0.439658 0.157687
vt 0.448864 0.147620
vt 0.418635 0.157470
vt 0.409092 0.157461
vt 0.443182 0.137778
vt 0.437501 0.127937
vt 0.431819 0.118096
vt 0.363637 0.137808
vt 0.357575 0.129956
vt 0.363637 0.123928
vt 0.369699 0.129956
vt 0.352272 0.122127
vt 0.358325 0.117484
vt 0.347494 0.114294
vt 0.353812 0.110646
vt 0.368949 0.117484
vt 0.375002 0.122127
vt 0.363637 0.112621
vt 0.359526 0.107347
vt 0.335203 0.088557
vt 0.345028 0.087242
vt 0.347223 0.095497
vt 0.338976 0.097724
vt 0.354464 0.086556
vt 0.355460 0.094119
vt 0.363637 0.086334
vt 0.363637 0.093629
vt 0.350148 0.103320
vt 0.343100 0.106239
vt 0.357015 0.101151
vt 0.363637 0.100227
vt 0.392071 0.088557
vt 0.388298 0.097724
vt 0.380051 0.095497
vt 0.382246 0.087242
vt 0.384174 0.106239
vt 0.377126 0.103320
vt 0.379780 0.114294
vt 0.373462 0.110646
vt 0.371814 0.094119
vt 0.372810 0.086556
vt 0.370259 0.101151
vt 0.367748 0.107347
vt 0.353812 0.110646
vt 0.363637 0.093629
vt 0.373462 0.110646
vt 0.379780 0.114294
vt 0.363637 0.104974
vt 0.356128 0.144455
vt 0.371146 0.144455
vt 0.350656 0.134976
vt 0.340910 0.118096
vt 0.376618 0.134976
vt 0.381595 0.126357
vt 0.333073 0.078953
vt 0.344106 0.078799
vt 0.354093 0.078739
vt 0.363637 0.078731
vt 0.331203 0.101147
vt 0.336145 0.109826
vt 0.401454 0.091515
vt 0.394201 0.078953
vt 0.396071 0.101147
vt 0.386364 0.118096
vt 0.383168 0.078799
vt 0.373181 0.078739
vt 0.334732 0.069720
vt 0.338394 0.060728
vt 0.347065 0.062237
vt 0.344920 0.070424
vt 0.342728 0.051865
vt 0.350039 0.054329
vt 0.347494 0.043167
vt 0.353812 0.046815
vt 0.355440 0.063376
vt 0.354450 0.070931
vt 0.357001 0.056334
vt 0.359526 0.050114
vt 0.363637 0.018058
vt 0.369230 0.026318
vt 0.363637 0.032987
vt 0.358044 0.026318
vt 0.374644 0.034666
vt 0.368860 0.039755
vt 0.379780 0.043167
vt 0.373462 0.046815
vt 0.358414 0.039755
vt 0.352630 0.034666
vt 0.363637 0.044793
vt 0.367748 0.050114
vt 0.392542 0.069720
vt 0.382355 0.070424
vt 0.380209 0.062237
vt 0.388880 0.060728
vt 0.372824 0.070931
vt 0.371834 0.063376
vt 0.363637 0.071127
vt 0.363637 0.063832
vt 0.377235 0.054329
vt 0.384546 0.051865
vt 0.370273 0.056334
vt 0.363637 0.057234
vt 0.347494 0.043167
vt 0.373462 0.046815
vt 0.379780 0.043167
vt 0.363637 0.063832
vt 0.363637 0.071127
vt 0.363637 0.052487
vt 0.323864 0.068889
vt 0.333073 0.078953
vt 0.329546 0.059048
vt 0.335228 0.049207
vt 0.340910 0.039365
vt 0.344106 0.078799
vt 0.354093 0.078739
vt 0.363637 0.000000
vt 0.369319 0.009841
vt 0.357955 0.009841
vt 0.375001 0.019683
vt 0.380682 0.029524
vt 0.386364 0.039365
vt 0.352273 0.019683
vt 0.346592 0.029524
vt 0.394201 0.078953
vt 0.403410 0.068889
vt 0.373181 0.078739
vt 0.363637 0.078731
vt 0.397728 0.059048
vt 0.392046 0.049207
vt 0.136836 0.097568
vt 0.142540 0.106039
vt 0.136522 0.111991
vt 0.130880 0.105236
vt 0.147744 0.114040
vt 0.141696 0.118674
vt 0.152507 0.121897
vt 0.146189 0.125545
vt 0.131161 0.118520
vt 0.125371 0.113420
vt 0.136378 0.123547
vt 0.140475 0.128844
vt 0.164799 0.147634
vt 0.154969 0.148958
vt 0.152779 0.140694
vt 0.161030 0.138459
vt 0.145537 0.149637
vt 0.144542 0.142073
vt 0.136365 0.149858
vt 0.136365 0.142562
vt 0.149854 0.132872
vt 0.156902 0.129952
vt 0.142987 0.135041
vt 0.136364 0.135964
vt 0.107459 0.148450
vt 0.111122 0.139458
vt 0.119793 0.140968
vt 0.117647 0.149155
vt 0.115455 0.130596
vt 0.122767 0.133060
vt 0.120222 0.121897
vt 0.126540 0.125545
vt 0.128167 0.142107
vt 0.127178 0.149661
vt 0.129729 0.135064
vt 0.132254 0.128844
vt 0.146189 0.125545
vt 0.152507 0.121897
vt 0.136365 0.142562
vt 0.136365 0.149858
vt 0.126540 0.125545
vt 0.120222 0.121897
vt 0.136365 0.131218
vt 0.144002 0.091515
vt 0.130683 0.088572
vt 0.149385 0.101147
vt 0.154327 0.109826
vt 0.159092 0.118096
vt 0.125001 0.098413
vt 0.119319 0.108254
vt 0.113637 0.118096
vt 0.166801 0.157461
vt 0.174310 0.144455
vt 0.145903 0.157461
vt 0.136365 0.157461
vt 0.168838 0.134976
vt 0.163861 0.126357
vt 0.096592 0.147620
vt 0.105800 0.157683
vt 0.102274 0.137778
vt 0.107955 0.127937
vt 0.113637 0.118096
vt 0.116833 0.157529
vt 0.153385 0.088557
vt 0.163210 0.087242
vt 0.165405 0.095497
vt 0.157158 0.097724
vt 0.172646 0.086556
vt 0.173642 0.094119
vt 0.181819 0.086334
vt 0.181819 0.093629
vt 0.168330 0.103320
vt 0.161282 0.106239
vt 0.175197 0.101151
vt 0.181819 0.100227
vt 0.210253 0.088557
vt 0.206480 0.097724
vt 0.198233 0.095497
vt 0.200428 0.087242
vt 0.202356 0.106239
vt 0.195308 0.103320
vt 0.197962 0.114294
vt 0.191644 0.110646
vt 0.189996 0.094119
vt 0.190992 0.086556
vt 0.188441 0.101151
vt 0.185930 0.107347
vt 0.181819 0.137808
vt 0.175757 0.129956
vt 0.181819 0.123928
vt 0.187881 0.129956
vt 0.170454 0.122127
vt 0.176507 0.117484
vt 0.165676 0.114294
vt 0.171994 0.110646
vt 0.187131 0.117484
vt 0.193184 0.122127
vt 0.181819 0.112621
vt 0.177708 0.107347
vt 0.181819 0.093629
vt 0.197962 0.114294
vt 0.165676 0.114294
vt 0.181819 0.104974
vt 0.151255 0.078953
vt 0.162288 0.078799
vt 0.172275 0.078739
vt 0.149385 0.101147
vt 0.219636 0.091515
vt 0.212383 0.078953
vt 0.214253 0.101147
vt 0.209311 0.109826
vt 0.204546 0.118096
vt 0.191363 0.078739
vt 0.181819 0.078730
vt 0.174310 0.144455
vt 0.189328 0.144455
vt 0.168838 0.134976
vt 0.194800 0.134976
vt 0.199777 0.126357
vt 0.226802 0.097568
vt 0.232758 0.105236
vt 0.227116 0.111991
vt 0.221099 0.106039
vt 0.238267 0.113420
vt 0.232477 0.118520
vt 0.243416 0.121897
vt 0.237098 0.125545
vt 0.221942 0.118674
vt 0.215894 0.114040
vt 0.227260 0.123547
vt 0.231384 0.128844
vt 0.256179 0.148450
vt 0.245991 0.149155
vt 0.243845 0.140968
vt 0.252516 0.139458
vt 0.236460 0.149661
vt 0.235471 0.142107
vt 0.227274 0.149858
vt 0.227274 0.142562
vt 0.240871 0.133060
vt 0.248183 0.130596
vt 0.233909 0.135064
vt 0.227274 0.135964
vt 0.198839 0.147634
vt 0.202608 0.138459
vt 0.210859 0.140694
vt 0.208670 0.148958
vt 0.206736 0.129952
vt 0.213784 0.132872
vt 0.211131 0.121897
vt 0.217449 0.125545
vt 0.219096 0.142073
vt 0.218101 0.149636
vt 0.220651 0.135041
vt 0.223163 0.128844
vt 0.243416 0.121897
vt 0.227273 0.142562
vt 0.217449 0.125545
vt 0.211131 0.121897
vt 0.227274 0.131218
vt 0.232955 0.088572
vt 0.219636 0.091515
vt 0.238637 0.098413
vt 0.244319 0.108254
vt 0.250001 0.118096
vt 0.214253 0.101147
vt 0.209311 0.109826
vt 0.204546 0.118096
vt 0.257840 0.157687
vt 0.267046 0.147620
vt 0.246805 0.157529
vt 0.236817 0.157470
vt 0.227274 0.157461
vt 0.261364 0.137778
vt 0.255683 0.127937
vt 0.250001 0.118096
vt 0.189328 0.144455
vt 0.196837 0.157461
vt 0.194800 0.134976
vt 0.199777 0.126357
vt 0.204546 0.118096
vt 0.207782 0.157461
vt 0.217735 0.157461
s 0
usemtl 
f 884/1/1 885/2/1 889/3/1 888/4/1
f 885/2/2 886/5/2 890/6/2 889/3/2
f 886/5/3 887/7/3 891/8/3 890/6/3
f 888/4/4 889/3/4 893/9/4 892/10/4
f 889/3/5 890/6/5 894/11/5 893/9/5
f 890/6/6 891/8/6 895/12/6 894/11/6
f 896/13/7 897/14/7 901/15/7 900/16/7
f 897/14/8 898/17/8 902/18/8 901/15/8
f 898/17/9 899/19/9 903/20/9 902/18/9
f 900/16/10 901/15/10 905/21/10 904/22/10
f 901/15/11 902/18/11 906/23/11 905/21/11
f 902/18/12 903/20/12 907/24/12 906/23/12
f 908/25/13 909/26/13 913/27/13 912/28/13
f 909/26/14 910/29/14 914/30/14 913/27/14
f 910/29/15 911/31/15 915/32/15 914/30/15
f 912/28/16 913/27/16 917/33/16 916/34/16
f 913/27/17 914/30/17 918/35/17 917/33/17
f 914/30/18 915/32/18 919/36/18 918/35/18
f 904/22/19 905/21/19 891/8/19 887/37/19
f 905/21/20 906/23/20 895/12/20 891/8/20
f 916/34/21 917/33/21 903/38/21 899/39/21
f 917/33/22 918/35/22 907/24/22 903/38/22
f 892/10/23 893/9/23 915/32/23 911/40/23
f 893/9/24 894/11/24 919/36/24 915/32/24
f 894/11/25 895/12/25 883/41/25 919/36/25
f 906/23/26 907/24/26 883/41/26 895/12/26
f 918/35/27 919/36/27 883/41/27 907/24/27
f 1/42/28 260/43/28 884/1/28 49/44/28
f 260/43/29 261/45/29 885/2/29 884/1/29
f 261/45/30 262/46/30 886/5/30 885/2/30
f 262/46/31 263/47/31 887/7/31 886/5/31
f 49/44/32 884/1/32 888/4/32 48/48/32
f 48/48/33 888/4/33 892/10/33 47/49/33
f 47/49/34 892/10/34 911/40/34 46/50/34
f 14/51/35 875/52/35 896/13/35 266/53/35
f 875/52/36 874/54/36 897/14/36 896/13/36
f 874/54/37 873/55/37 898/17/37 897/14/37
f 873/55/38 872/56/38 899/19/38 898/17/38
f 266/53/39 896/13/39 900/16/39 265/57/39
f 265/57/40 900/16/40 904/22/40 264/58/40
f 264/58/41 904/22/41 887/37/41 263/59/41
f 13/60/42 43/61/42 908/25/42 869/62/42
f 43/61/43 44/63/43 909/26/43 908/25/43
f 44/63/44 45/64/44 910/29/44 909/26/44
f 45/64/45 46/50/45 911/31/45 910/29/45
f 869/62/46 908/25/46 912/28/46 870/65/46
f 870/65/47 912/28/47 916/34/47 871/66/47
f 871/66/48 916/34/48 899/39/48 872/67/48
f 921/68/49 922/69/49 926/70/49 925/71/49
f 922/69/50 923/72/50 927/73/50 926/70/50
f 923/72/51 924/74/51 928/75/51 927/73/51
f 925/71/52 926/70/52 930/76/52 929/77/52
f 926/70/53 927/73/53 931/78/53 930/76/53
f 927/73/54 928/75/54 932/79/54 931/78/54
f 933/80/55 934/81/55 938/82/55 937/83/55
f 934/81/56 935/84/56 939/85/56 938/82/56
f 935/84/57 936/86/57 940/87/57 939/85/57
f 937/83/58 938/82/58 942/88/58 941/89/58
f 938/82/59 939/85/59 943/90/59 942/88/59
f 939/85/60 940/87/60 944/91/60 943/90/60
f 945/92/61 946/93/61 950/94/61 949/95/61
f 946/93/62 947/96/62 951/97/62 950/94/62
f 947/96/63 948/98/63 952/99/63 951/97/63
f 949/95/64 950/94/64 954/100/64 953/101/64
f 950/94/65 951/97/65 955/102/65 954/100/65
f 951/97/66 952/99/66 956/103/66 955/102/66
f 941/89/67 942/88/67 928/104/67 924/105/67
f 942/88/68 943/90/68 932/79/68 928/104/68
f 953/101/69 954/100/69 940/87/69 936/106/69
f 954/100/70 955/102/70 944/91/70 940/87/70
f 929/77/71 930/76/71 952/107/71 948/108/71
f 930/76/72 931/78/72 956/103/72 952/107/72
f 931/78/73 932/79/73 920/109/73 956/103/73
f 943/90/74 944/91/74 920/109/74 932/79/74
f 955/102/75 956/103/75 920/109/75 944/91/75
f 2/110/76 56/111/76 921/68/76 70/112/76
f 56/111/77 55/113/77 922/69/77 921/68/77
f 55/113/78 54/114/78 923/72/78 922/69/78
f 54/114/79 53/115/79 924/74/79 923/72/79
f 70/112/80 921/68/80 925/71/80 69/116/80
f 69/116/81 925/71/81 929/77/81 68/117/81
f 68/117/82 929/77/82 948/108/82 67/118/82
f 14/119/83 854/120/83 933/80/83 50/121/83
f 854/120/84 853/122/84 934/81/84 933/80/84
f 853/122/85 852/123/85 935/84/85 934/81/85
f 852/123/86 851/124/86 936/86/86 935/84/86
f 50/121/87 933/80/87 937/83/87 51/125/87
f 51/125/88 937/83/88 941/89/88 52/126/88
f 52/126/89 941/89/89 924/105/89 53/127/89
f 16/128/90 64/129/90 945/92/90 848/130/90
f 64/129/91 65/131/91 946/93/91 945/92/91
f 65/131/92 66/132/92 947/96/92 946/93/92
f 66/132/93 67/118/93 948/98/93 947/96/93
f 848/130/94 945/92/94 949/95/94 849/133/94
f 849/133/95 949/95/95 953/101/95 850/134/95
f 850/134/96 953/101/96 936/106/96 851/135/96
f 958/136/97 959/137/97 963/138/97 962/139/97
f 959/137/98 960/140/98 964/141/98 963/138/98
f 960/140/99 961/142/99 965/143/99 964/141/99
f 962/139/100 963/138/100 967/144/100 966/145/100
f 963/138/101 964/141/101 968/146/101 967/144/101
f 964/141/102 965/143/102 969/147/102 968/146/102
f 970/148/103 971/149/103 975/150/103 974/151/103
f 971/149/104 972/152/104 976/153/104 975/150/104
f 972/152/105 973/154/105 977/155/105 976/153/105
f 974/151/106 975/150/106 979/156/106 978/157/106
f 975/150/107 976/153/107 980/158/107 979/156/107
f 976/153/108 977/155/108 981/159/108 980/158/108
f 982/160/109 983/161/109 987/162/109 986/163/109
f 983/161/110 984/164/110 988/165/110 987/162/110
f 984/164/111 985/166/111 989/167/111 988/165/111
f 986/163/112 987/162/112 991/168/112 990/169/112
f 987/162/113 988/165/113 992/170/113 991/168/113
f 988/165/114 989/167/114 993/171/114 992/170/114
f 978/157/115 979/156/115 965/172/115 961/173/115
f 979/156/116 980/158/116 969/147/116 965/172/116
f 990/169/117 991/168/117 977/174/117 973/175/117
f 991/168/118 992/170/118 981/159/118 977/174/118
f 966/145/119 967/144/119 989/167/119 985/176/119
f 967/144/120 968/146/120 993/171/120 989/167/120
f 968/146/121 969/147/121 957/177/121 993/171/121
f 980/158/122 981/159/122 957/177/122 969/147/122
f 992/170/123 993/171/123 957/177/123 981/159/123
f 1/178/124 49/179/124 958/136/124 84/180/124
f 49/179/125 48/181/125 959/137/125 958/136/125
f 48/181/126 47/182/126 960/140/126 959/137/126
f 47/182/127 46/183/127 961/142/127 960/140/127
f 84/180/128 958/136/128 962/139/128 83/184/128
f 83/184/129 962/139/129 966/145/129 82/185/129
f 82/185/130 966/145/130 985/176/130 81/186/130
f 13/187/131 833/188/131 970/148/131 43/189/131
f 833/188/132 832/190/132 971/149/132 970/148/132
f 832/190/133 831/191/133 972/152/133 971/149/133
f 831/191/134 830/192/134 973/154/134 972/152/134
f 43/189/135 970/148/135 974/151/135 44/193/135
f 44/193/136 974/151/136 978/157/136 45/194/136
f 45/194/137 978/157/137 961/173/137 46/183/137
f 18/195/138 78/196/138 982/160/138 827/197/138
f 78/196/139 79/198/139 983/161/139 982/160/139
f 79/198/140 80/199/140 984/164/140 983/161/140
f 80/199/141 81/186/141 985/166/141 984/164/141
f 827/197/142 982/160/142 986/163/142 828/200/142
f 828/200/143 986/163/143 990/169/143 829/201/143
f 829/201/144 990/169/144 973/175/144 830/202/144
f 995/203/145 996/204/145 1000/205/145 999/206/145
f 996/204/146 997/207/146 1001/208/146 1000/205/146
f 997/207/147 998/209/147 1002/210/147 1001/208/147
f 999/206/148 1000/205/148 1004/211/148 1003/212/148
f 1000/205/149 1001/208/149 1005/213/149 1004/211/149
f 1001/208/150 1002/210/150 1006/214/150 1005/213/150
f 1007/215/151 1008/216/151 1012/217/151 1011/218/151
f 1008/216/152 1009/219/152 1013/220/152 1012/217/152
f 1009/219/153 1010/221/153 1014/222/153 1013/220/153
f 1011/218/154 1012/217/154 1016/223/154 1015/224/154
f 1012/217/155 1013/220/155 1017/225/155 1016/223/155
f 1013/220/156 1014/222/156 1018/226/156 1017/225/156
f 1019/227/157 1020/228/157 1024/229/157 1023/230/157
f 1020/228/158 1021/231/158 1025/232/158 1024/229/158
f 1021/231/159 1022/233/159 1026/234/159 1025/232/159
f 1023/230/160 1024/229/160 1028/235/160 1027/236/160
f 1024/229/161 1025/232/161 1029/237/161 1028/235/161
f 1025/232/162 1026/234/162 1030/238/162 1029/237/162
f 1015/224/163 1016/223/163 1002/210/163 998/239/163
f 1016/223/164 1017/225/164 1006/214/164 1002/210/164
f 1027/236/165 1028/235/165 1014/240/165 1010/241/165
f 1028/235/166 1029/237/166 1018/226/166 1014/240/166
f 1003/212/167 1004/211/167 1026/234/167 1022/242/167
f 1004/211/168 1005/213/168 1030/238/168 1026/234/168
f 1005/213/169 1006/214/169 994/243/169 1030/238/169
f 1017/225/170 1018/226/170 994/243/170 1006/214/170
f 1029/237/171 1030/238/171 994/243/171 1018/226/171
f 1/244/172 84/245/172 995/203/172 98/246/172
f 84/245/173 83/247/173 996/204/173 995/203/173
f 83/247/174 82/248/174 997/207/174 996/204/174
f 82/248/175 81/249/175 998/209/175 997/207/175
f 98/246/176 995/203/176 999/206/176 97/250/176
f 97/250/177 999/206/177 1003/212/177 96/251/177
f 96/251/178 1003/212/178 1022/242/178 95/252/178
f 18/253/179 812/254/179 1007/215/179 78/255/179
f 812/254/180 811/256/180 1008/216/180 1007/215/180
f 811/256/181 810/257/181 1009/219/181 1008/216/181
f 810/257/182 809/258/182 1010/221/182 1009/219/182
f 78/255/183 1007/215/183 1011/218/183 79/259/183
f 79/259/184 1011/218/184 1015/224/184 80/260/184
f 80/260/185 1015/224/185 998/239/185 81/249/185
f 20/261/186 92/262/186 1019/227/186 806/263/186
f 92/262/187 93/264/187 1020/228/187 1019/227/187
f 93/264/188 94/265/188 1021/231/188 1020/228/188
f 94/265/189 95/252/189 1022/233/189 1021/231/189
f 806/263/190 1019/227/190 1023/230/190 807/266/190
f 807/266/191 1023/230/191 1027/236/191 808/267/191
f 808/267/192 1027/236/192 1010/241/192 809/268/192
f 1032/269/193 1033/270/193 1037/271/193 1036/272/193
f 1033/270/194 1034/273/194 1038/274/194 1037/271/194
f 1034/273/195 1035/275/195 1039/276/195 1038/274/195
f 1036/272/196 1037/271/196 1041/277/196 1040/278/196
f 1037/271/197 1038/274/197 1042/279/197 1041/277/197
f 1038/274/198 1039/276/198 1043/280/198 1042/279/198
f 1044/281/199 1045/282/199 1049/283/199 1048/284/199
f 1045/282/200 1046/285/200 1050/286/200 1049/283/200
f 1046/285/201 1047/287/201 1051/288/201 1050/286/201
f 1048/284/202 1049/283/202 1053/289/202 1052/290/202
f 1049/283/203 1050/286/203 1054/291/203 1053/289/203
f 1050/286/204 1051/288/204 1055/292/204 1054/291/204
f 1056/293/205 1057/294/205 1061/295/205 1060/296/205
f 1057/294/206 1058/297/206 1062/298/206 1061/295/206
f 1058/297/207 1059/299/207 1063/300/207 1062/298/207
f 1060/296/208 1061/295/208 1065/301/208 1064/302/208
f 1061/295/209 1062/298/209 1066/303/209 1065/301/209
f 1062/298/210 1063/300/210 1067/304/210 1066/303/210
f 1052/290/211 1053/289/211 1039/305/211 1035/306/211
f 1053/289/212 1054/291/212 1043/280/212 1039/305/212
f 1064/302/213 1065/301/213 1051/307/213 1047/308/213
f 1065/301/214 1066/303/214 1055/292/214 1051/307/214
f 1040/278/215 1041/277/215 1063/309/215 1059/310/215
f 1041/277/216 1042/279/216 1067/304/216 1063/309/216
f 1042/279/217 1043/280/217 1031/311/217 1067/304/217
f 1054/291/218 1055/292/218 1031/311/218 1043/280/218
f 1066/303/219 1067/304/219 1031/311/219 1055/292/219
f 1/312/220 98/313/220 1032/269/220 281/314/220
f 98/313/221 97/315/221 1033/270/221 1032/269/221
f 97/315/222 96/316/222 1034/273/222 1033/270/222
f 96/316/223 95/317/223 1035/275/223 1034/273/223
f 281/314/224 1032/269/224 1036/272/224 282/318/224
f 282/318/225 1036/272/225 1040/278/225 283/319/225
f 283/319/226 1040/278/226 1059/310/226 284/320/226
f 20/321/227 791/322/227 1044/281/227 92/323/227
f 791/322/228 790/324/228 1045/282/228 1044/281/228
f 790/324/229 789/325/229 1046/285/229 1045/282/229
f 789/325/230 788/326/230 1047/287/230 1046/285/230
f 92/323/231 1044/281/231 1048/284/231 93/327/231
f 93/327/232 1048/284/232 1052/290/232 94/328/232
f 94/328/233 1052/290/233 1035/306/233 95/317/233
f 17/329/234 287/330/234 1056/293/234 785/331/234
f 287/330/235 286/332/235 1057/294/235 1056/293/235
f 286/332/236 285/333/236 1058/297/236 1057/294/236
f 285/333/237 284/320/237 1059/299/237 1058/297/237
f 785/331/238 1056/293/238 1060/296/238 786/334/238
f 786/334/239 1060/296/239 1064/302/239 787/335/239
f 787/335/240 1064/302/240 1047/308/240 788/336/240
f 1069/337/241 1070/338/241 1074/339/241 1073/340/241
f 1070/338/242 1071/341/242 1075/342/242 1074/339/242
f 1071/341/243 1072/343/243 1076/344/243 1075/342/243
f 1073/340/244 1074/339/244 1078/345/244 1077/346/244
f 1074/339/245 1075/342/245 1079/347/245 1078/345/245
f 1075/342/246 1076/344/246 1080/348/246 1079/347/246
f 1081/349/247 1082/350/247 1086/351/247 1085/352/247
f 1082/350/248 1083/353/248 1087/354/248 1086/351/248
f 1083/353/249 1084/355/249 1088/356/249 1087/354/249
f 1085/352/250 1086/351/250 1090/357/250 1089/358/250
f 1086/351/251 1087/354/251 1091/359/251 1090/357/251
f 1087/354/252 1088/356/252 1092/360/252 1091/359/252
f 1093/361/253 1094/362/253 1098/363/253 1097/364/253
f 1094/362/254 1095/365/254 1099/366/254 1098/363/254
f 1095/365/255 1096/367/255 1100/368/255 1099/366/255
f 1097/364/256 1098/363/256 1102/369/256 1101/370/256
f 1098/363/257 1099/366/257 1103/371/257 1102/369/257
f 1099/366/258 1100/368/258 1104/372/258 1103/371/258
f 1089/358/259 1090/357/259 1076/373/259 1072/343/259
f 1090/357/260 1091/359/260 1080/348/260 1076/373/260
f 1101/370/261 1102/369/261 1088/356/261 1084/374/261
f 1102/369/262 1103/371/262 1092/360/262 1088/356/262
f 1077/346/263 1078/345/263 1100/375/263 1096/376/263
f 1078/345/264 1079/347/264 1104/372/264 1100/375/264
f 1079/347/265 1080/348/265 1068/377/265 1104/372/265
f 1091/359/266 1092/360/266 1068/377/266 1080/348/266
f 1103/371/267 1104/372/267 1068/377/267 1092/360/267
f 2/110/268 70/378/268 1069/337/268 119/379/268
f 70/378/269 69/380/269 1070/338/269 1069/337/269
f 69/380/270 68/117/270 1071/341/270 1070/338/270
f 68/117/271 67/381/271 1072/343/271 1071/341/271
f 119/379/272 1069/337/272 1073/340/272 118/382/272
f 118/382/273 1073/340/273 1077/346/273 117/383/273
f 117/383/274 1077/346/274 1096/376/274 116/384/274
f 16/128/275 770/385/275 1081/349/275 64/386/275
f 770/385/276 769/387/276 1082/350/276 1081/349/276
f 769/387/277 768/388/277 1083/353/277 1082/350/277
f 768/388/278 767/389/278 1084/355/278 1083/353/278
f 64/386/279 1081/349/279 1085/352/279 65/131/279
f 65/131/280 1085/352/280 1089/358/280 66/390/280
f 66/390/281 1089/358/281 1072/343/281 67/381/281
f 23/391/282 113/392/282 1093/361/282 764/393/282
f 113/392/283 114/394/283 1094/362/283 1093/361/283
f 114/394/284 115/395/284 1095/365/284 1094/362/284
f 115/395/285 116/384/285 1096/367/285 1095/365/285
f 764/393/286 1093/361/286 1097/364/286 765/396/286
f 765/396/287 1097/364/287 1101/370/287 766/397/287
f 766/397/288 1101/370/288 1084/374/288 767/398/288
f 1106/399/289 1107/400/289 1111/401/289 1110/402/289
f 1107/400/290 1108/403/290 1112/404/290 1111/401/290
f 1108/403/291 1109/405/291 1113/406/291 1112/404/291
f 1110/402/292 1111/401/292 1115/407/292 1114/408/292
f 1111/401/293 1112/404/293 1116/409/293 1115/407/293
f 1112/404/294 1113/406/294 1117/410/294 1116/409/294
f 1118/411/295 1119/412/295 1123/413/295 1122/414/295
f 1119/412/296 1120/415/296 1124/416/296 1123/413/296
f 1120/415/297 1121/417/297 1125/418/297 1124/416/297
f 1122/414/298 1123/413/298 1127/419/298 1126/420/298
f 1123/413/299 1124/416/299 1128/421/299 1127/419/299
f 1124/416/300 1125/418/300 1129/422/300 1128/421/300
f 1130/423/301 1131/424/301 1135/425/301 1134/426/301
f 1131/424/302 1132/427/302 1136/428/302 1135/425/302
f 1132/427/303 1133/429/303 1137/430/303 1136/428/303
f 1134/426/304 1135/425/304 1139/431/304 1138/432/304
f 1135/425/305 1136/428/305 1140/433/305 1139/431/305
f 1136/428/306 1137/430/306 1141/434/306 1140/433/306
f 1126/420/307 1127/419/307 1113/406/307 1109/405/307
f 1127/419/308 1128/421/308 1117/410/308 1113/406/308
f 1138/432/309 1139/431/309 1125/418/309 1121/435/309
f 1139/431/310 1140/433/310 1129/422/310 1125/418/310
f 1114/408/311 1115/407/311 1137/430/311 1133/436/311
f 1115/407/312 1116/409/312 1141/434/312 1137/430/312
f 1116/409/313 1117/410/313 1105/437/313 1141/434/313
f 1128/421/314 1129/422/314 1105/437/314 1117/410/314
f 1140/433/315 1141/434/315 1105/437/315 1129/422/315
f 3/438/316 63/439/316 1106/399/316 133/440/316
f 63/439/317 62/441/317 1107/400/317 1106/399/317
f 62/441/318 61/442/318 1108/403/318 1107/400/318
f 61/442/319 60/443/319 1109/405/319 1108/403/319
f 133/440/320 1106/399/320 1110/402/320 132/444/320
f 132/444/321 1110/402/321 1114/408/321 131/445/321
f 131/445/322 1114/408/322 1133/436/322 130/446/322
f 15/447/323 749/448/323 1118/411/323 57/449/323
f 749/448/324 748/450/324 1119/412/324 1118/411/324
f 748/450/325 747/451/325 1120/415/325 1119/412/325
f 747/451/326 746/452/326 1121/417/326 1120/415/326
f 57/449/327 1118/411/327 1122/414/327 58/453/327
f 58/453/328 1122/414/328 1126/420/328 59/454/328
f 59/454/329 1126/420/329 1109/405/329 60/443/329
f 25/455/330 127/456/330 1130/423/330 743/457/330
f 127/456/331 128/458/331 1131/424/331 1130/423/331
f 128/458/332 129/459/332 1132/427/332 1131/424/332
f 129/459/333 130/460/333 1133/429/333 1132/427/333
f 743/457/334 1130/423/334 1134/426/334 744/461/334
f 744/461/335 1134/426/335 1138/432/335 745/462/335
f 745/462/336 1138/432/336 1121/435/336 746/463/336
f 1143/464/337 1144/465/337 1148/466/337 1147/467/337
f 1144/465/338 1145/468/338 1149/469/338 1148/466/338
f 1145/468/339 1146/470/339 1150/471/339 1149/469/339
f 1147/467/340 1148/466/340 1152/472/340 1151/473/340
f 1148/466/341 1149/469/341 1153/474/341 1152/472/341
f 1149/469/342 1150/471/342 1154/475/342 1153/474/342
f 1155/476/343 1156/477/343 1160/478/343 1159/479/343
f 1156/477/344 1157/480/344 1161/481/344 1160/478/344
f 1157/480/345 1158/482/345 1162/483/345 1161/481/345
f 1159/479/346 1160/478/346 1164/484/346 1163/485/346
f 1160/478/347 1161/481/347 1165/486/347 1164/484/347
f 1161/481/348 1162/483/348 1166/487/348 1165/486/348
f 1167/488/349 1168/489/349 1172/490/349 1171/491/349
f 1168/489/350 1169/492/350 1173/493/350 1172/490/350
f 1169/492/351 1170/494/351 1174/495/351 1173/493/351
f 1171/491/352 1172/490/352 1176/496/352 1175/497/352
f 1172/490/353 1173/493/353 1177/498/353 1176/496/353
f 1173/493/354 1174/495/354 1178/499/354 1177/498/354
f 1163/485/355 1164/484/355 1150/500/355 1146/501/355
f 1164/484/356 1165/486/356 1154/475/356 1150/500/356
f 1175/497/357 1176/496/357 1162/483/357 1158/502/357
f 1176/496/358 1177/498/358 1166/487/358 1162/483/358
f 1151/473/359 1152/472/359 1174/503/359 1170/504/359
f 1152/472/360 1153/474/360 1178/499/360 1174/503/360
f 1153/474/361 1154/475/361 1142/505/361 1178/499/361
f 1165/486/362 1166/487/362 1142/505/362 1154/475/362
f 1177/498/363 1178/499/363 1142/505/363 1166/487/363
f 4/506/364 91/507/364 1143/464/364 147/508/364
f 91/507/365 90/509/365 1144/465/365 1143/464/365
f 90/509/366 89/510/366 1145/468/366 1144/465/366
f 89/510/367 88/511/367 1146/470/367 1145/468/367
f 147/508/368 1143/464/368 1147/467/368 146/512/368
f 146/512/369 1147/467/369 1151/473/369 145/513/369
f 145/513/370 1151/473/370 1170/504/370 144/514/370
f 19/515/371 728/516/371 1155/476/371 85/517/371
f 728/516/372 727/518/372 1156/477/372 1155/476/372
f 727/518/373 726/519/373 1157/480/373 1156/477/373
f 726/519/374 725/520/374 1158/482/374 1157/480/374
f 85/517/375 1155/476/375 1159/479/375 86/521/375
f 86/521/376 1159/479/376 1163/485/376 87/522/376
f 87/522/377 1163/485/377 1146/501/377 88/511/377
f 27/523/378 141/524/378 1167/488/378 722/525/378
f 141/524/379 142/526/379 1168/489/379 1167/488/379
f 142/526/380 143/527/380 1169/492/380 1168/489/380
f 143/527/381 144/514/381 1170/494/381 1169/492/381
f 722/525/382 1167/488/382 1171/491/382 723/528/382
f 723/528/383 1171/491/383 1175/497/383 724/529/383
f 724/529/384 1175/497/384 1158/502/384 725/520/384
f 1180/530/385 1181/531/385 1185/532/385 1184/533/385
f 1181/531/386 1182/534/386 1186/535/386 1185/532/386
f 1182/534/387 1183/536/387 1187/537/387 1186/535/387
f 1184/533/388 1185/532/388 1189/538/388 1188/539/388
f 1185/532/389 1186/535/389 1190/540/389 1189/538/389
f 1186/535/390 1187/537/390 1191/541/390 1190/540/390
f 1192/542/391 1193/543/391 1197/544/391 1196/545/391
f 1193/543/392 1194/546/392 1198/547/392 1197/544/392
f 1194/546/393 1195/548/393 1199/549/393 1198/547/393
f 1196/545/394 1197/544/394 1201/550/394 1200/551/394
f 1197/544/395 1198/547/395 1202/552/395 1201/550/395
f 1198/547/396 1199/549/396 1203/553/396 1202/552/396
f 1204/554/397 1205/555/397 1209/556/397 1208/557/397
f 1205/555/398 1206/558/398 1210/559/398 1209/556/398
f 1206/558/399 1207/560/399 1211/561/399 1210/559/399
f 1208/557/400 1209/556/400 1213/562/400 1212/563/400
f 1209/556/401 1210/559/401 1214/564/401 1213/562/401
f 1210/559/402 1211/561/402 1215/565/402 1214/564/402
f 1200/551/403 1201/550/403 1187/566/403 1183/536/403
f 1201/550/404 1202/552/404 1191/541/404 1187/566/404
f 1212/563/405 1213/562/405 1199/549/405 1195/567/405
f 1213/562/406 1214/564/406 1203/553/406 1199/549/406
f 1188/539/407 1189/538/407 1211/568/407 1207/569/407
f 1189/538/408 1190/540/408 1215/565/408 1211/568/408
f 1190/540/409 1191/541/409 1179/570/409 1215/565/409
f 1202/552/410 1203/553/410 1179/570/410 1191/541/410
f 1214/564/411 1215/565/411 1179/570/411 1203/553/411
f 5/571/412 105/572/412 1180/530/412 161/573/412
f 105/572/413 104/574/413 1181/531/413 1180/530/413
f 104/574/414 103/575/414 1182/534/414 1181/531/414
f 103/575/415 102/576/415 1183/536/415 1182/534/415
f 161/573/416 1180/530/416 1184/533/416 160/577/416
f 160/577/417 1184/533/417 1188/539/417 159/578/417
f 159/578/418 1188/539/418 1207/569/418 158/579/418
f 21/580/419 707/581/419 1192/542/419 99/582/419
f 707/581/420 706/583/420 1193/543/420 1192/542/420
f 706/583/421 705/584/421 1194/546/421 1193/543/421
f 705/584/422 704/585/422 1195/548/422 1194/546/422
f 99/582/423 1192/542/423 1196/545/423 100/586/423
f 100/586/424 1196/545/424 1200/551/424 101/587/424
f 101/587/425 1200/551/425 1183/536/425 102/576/425
f 29/588/426 155/589/426 1204/554/426 701/590/426
f 155/589/427 156/591/427 1205/555/427 1204/554/427
f 156/591/428 157/592/428 1206/558/428 1205/555/428
f 157/592/429 158/593/429 1207/560/429 1206/558/429
f 701/590/430 1204/554/430 1208/557/430 702/594/430
f 702/594/431 1208/557/431 1212/563/431 703/595/431
f 703/595/432 1212/563/432 1195/567/432 704/596/432
f 1217/597/433 1218/598/433 1222/599/433 1221/600/433
f 1218/598/434 1219/601/434 1223/602/434 1222/599/434
f 1219/601/435 1220/603/435 1224/604/435 1223/602/435
f 1221/600/436 1222/599/436 1226/605/436 1225/606/436
f 1222/599/437 1223/602/437 1227/607/437 1226/605/437
f 1223/602/438 1224/604/438 1228/608/438 1227/607/438
f 1229/609/439 1230/610/439 1234/611/439 1233/612/439
f 1230/610/440 1231/613/440 1235/614/440 1234/611/440
f 1231/613/441 1232/615/441 1236/616/441 1235/614/441
f 1233/612/442 1234/611/442 1238/617/442 1237/618/442
f 1234/611/443 1235/614/443 1239/619/443 1238/617/443
f 1235/614/444 1236/616/444 1240/620/444 1239/619/444
f 1241/621/445 1242/622/445 1246/623/445 1245/624/445
f 1242/622/446 1243/625/446 1247/626/446 1246/623/446
f 1243/625/447 1244/627/447 1248/628/447 1247/626/447
f 1245/624/448 1246/623/448 1250/629/448 1249/630/448
f 1246/623/449 1247/626/449 1251/631/449 1250/629/449
f 1247/626/450 1248/628/450 1252/632/450 1251/631/450
f 1237/618/451 1238/617/451 1224/604/451 1220/633/451
f 1238/617/452 1239/619/452 1228/608/452 1224/604/452
f 1249/630/453 1250/629/453 1236/616/453 1232/634/453
f 1250/629/454 1251/631/454 1240/620/454 1236/616/454
f 1225/606/455 1226/605/455 1248/635/455 1244/636/455
f 1226/605/456 1227/607/456 1252/632/456 1248/635/456
f 1227/607/457 1228/608/457 1216/637/457 1252/632/457
f 1239/619/458 1240/620/458 1216/637/458 1228/608/458
f 1251/631/459 1252/632/459 1216/637/459 1240/620/459
f 6/638/460 112/639/460 1217/597/460 175/640/460
f 112/639/461 111/641/461 1218/598/461 1217/597/461
f 111/641/462 110/642/462 1219/601/462 1218/598/462
f 110/642/463 109/643/463 1220/603/463 1219/601/463
f 175/640/464 1217/597/464 1221/600/464 174/644/464
f 174/644/465 1221/600/465 1225/606/465 173/645/465
f 173/645/466 1225/606/466 1244/636/466 172/646/466
f 22/647/467 686/648/467 1229/609/467 106/649/467
f 686/648/468 685/650/468 1230/610/468 1229/609/468
f 685/650/469 684/651/469 1231/613/469 1230/610/469
f 684/651/470 683/652/470 1232/615/470 1231/613/470
f 106/649/471 1229/609/471 1233/612/471 107/653/471
f 107/653/472 1233/612/472 1237/618/472 108/654/472
f 108/654/473 1237/618/473 1220/633/473 109/643/473
f 31/655/474 169/656/474 1241/621/474 680/657/474
f 169/656/475 170/658/475 1242/622/475 1241/621/475
f 170/658/476 171/659/476 1243/625/476 1242/622/476
f 171/659/477 172/646/477 1244/627/477 1243/625/477
f 680/657/478 1241/621/478 1245/624/478 681/660/478
f 681/660/479 1245/624/479 1249/630/479 682/661/479
f 682/661/480 1249/630/480 1232/634/480 683/652/480
f 1254/662/481 1255/663/481 1259/664/481 1258/665/481
f 1255/663/482 1256/666/482 1260/667/482 1259/664/482
f 1256/666/483 1257/668/483 1261/669/483 1260/667/483
f 1258/665/484 1259/664/484 1263/670/484 1262/671/484
f 1259/664/485 1260/667/485 1264/672/485 1263/670/485
f 1260/667/486 1261/669/486 1265/673/486 1264/672/486
f 1266/674/487 1267/675/487 1271/676/487 1270/677/487
f 1267/675/488 1268/678/488 1272/679/488 1271/676/488
f 1268/678/489 1269/680/489 1273/681/489 1272/679/489
f 1270/677/490 1271/676/490 1275/682/490 1274/683/490
f 1271/676/491 1272/679/491 1276/684/491 1275/682/491
f 1272/679/492 1273/681/492 1277/685/492 1276/684/492
f 1278/686/493 1279/687/493 1283/688/493 1282/689/493
f 1279/687/494 1280/690/494 1284/691/494 1283/688/494
f 1280/690/495 1281/692/495 1285/693/495 1284/691/495
f 1282/689/496 1283/688/496 1287/694/496 1286/695/496
f 1283/688/497 1284/691/497 1288/696/497 1287/694/497
f 1284/691/498 1285/693/498 1289/697/498 1288/696/498
f 1274/683/499 1275/682/499 1261/698/499 1257/699/499
f 1275/682/500 1276/684/500 1265/673/500 1261/698/500
f 1286/695/501 1287/694/501 1273/700/501 1269/701/501
f 1287/694/502 1288/696/502 1277/685/502 1273/700/502
f 1262/671/503 1263/670/503 1285/693/503 1281/702/503
f 1263/670/504 1264/672/504 1289/697/504 1285/693/504
f 1264/672/505 1265/673/505 1253/703/505 1289/697/505
f 1276/684/506 1277/685/506 1253/703/506 1265/673/506
f 1288/696/507 1289/697/507 1253/703/507 1277/685/507
f 2/110/508 119/704/508 1254/662/508 344/705/508
f 119/704/509 118/706/509 1255/663/509 1254/662/509
f 118/706/510 117/383/510 1256/666/510 1255/663/510
f 117/383/511 116/707/511 1257/668/511 1256/666/511
f 344/705/512 1254/662/512 1258/665/512 345/708/512
f 345/708/513 1258/665/513 1262/671/513 346/709/513
f 346/709/514 1262/671/514 1281/702/514 347/710/514
f 23/391/515 665/711/515 1266/674/515 113/712/515
f 665/711/516 664/713/516 1267/675/516 1266/674/516
f 664/713/517 663/714/517 1268/678/517 1267/675/517
f 663/714/518 662/715/518 1269/680/518 1268/678/518
f 113/712/519 1266/674/519 1270/677/519 114/716/519
f 114/716/520 1270/677/520 1274/683/520 115/717/520
f 115/717/521 1274/683/521 1257/699/521 116/384/521
f 26/718/522 350/719/522 1278/686/522 659/720/522
f 350/719/523 349/721/523 1279/687/523 1278/686/523
f 349/721/524 348/722/524 1280/690/524 1279/687/524
f 348/722/525 347/723/525 1281/692/525 1280/690/525
f 659/720/526 1278/686/526 1282/689/526 660/724/526
f 660/724/527 1282/689/527 1286/695/527 661/725/527
f 661/725/528 1286/695/528 1269/701/528 662/726/528
f 1291/727/529 1292/728/529 1296/729/529 1295/730/529
f 1292/728/530 1293/731/530 1297/732/530 1296/729/530
f 1293/731/531 1294/733/531 1298/734/531 1297/732/531
f 1295/730/532 1296/729/532 1300/735/532 1299/736/532
f 1296/729/533 1297/732/533 1301/737/533 1300/735/533
f 1297/732/534 1298/734/534 1302/738/534 1301/737/534
f 1303/739/535 1304/740/535 1308/741/535 1307/742/535
f 1304/740/536 1305/743/536 1309/744/536 1308/741/536
f 1305/743/537 1306/745/537 1310/746/537 1309/744/537
f 1307/742/538 1308/741/538 1312/747/538 1311/748/538
f 1308/741/539 1309/744/539 1313/749/539 1312/747/539
f 1309/744/540 1310/746/540 1314/750/540 1313/749/540
f 1315/751/541 1316/752/541 1320/753/541 1319/754/541
f 1316/752/542 1317/755/542 1321/756/542 1320/753/542
f 1317/755/543 1318/757/543 1322/758/543 1321/756/543
f 1319/754/544 1320/753/544 1324/759/544 1323/760/544
f 1320/753/545 1321/756/545 1325/761/545 1324/759/545
f 1321/756/546 1322/758/546 1326/762/546 1325/761/546
f 1311/748/547 1312/747/547 1298/763/547 1294/764/547
f 1312/747/548 1313/749/548 1302/738/548 1298/763/548
f 1323/760/549 1324/759/549 1310/765/549 1306/766/549
f 1324/759/550 1325/761/550 1314/750/550 1310/765/550
f 1299/736/551 1300/735/551 1322/767/551 1318/757/551
f 1300/735/552 1301/737/552 1326/762/552 1322/767/552
f 1301/737/553 1302/738/553 1290/768/553 1326/762/553
f 1313/749/554 1314/750/554 1290/768/554 1302/738/554
f 1325/761/555 1326/762/555 1290/768/555 1314/750/555
f 3/438/556 133/769/556 1291/727/556 358/770/556
f 133/769/557 132/771/557 1292/728/557 1291/727/557
f 132/771/558 131/772/558 1293/731/558 1292/728/558
f 131/772/559 130/773/559 1294/733/559 1293/731/559
f 358/770/560 1291/727/560 1295/730/560 359/774/560
f 359/774/561 1295/730/561 1299/736/561 360/775/561
f 360/775/562 1299/736/562 1318/757/562 361/776/562
f 25/455/563 644/777/563 1303/739/563 127/456/563
f 644/777/564 643/778/564 1304/740/564 1303/739/564
f 643/778/565 642/779/565 1305/743/565 1304/740/565
f 642/779/566 641/780/566 1306/745/566 1305/743/566
f 127/456/567 1303/739/567 1307/742/567 128/781/567
f 128/781/568 1307/742/568 1311/748/568 129/782/568
f 129/782/569 1311/748/569 1294/764/569 130/446/569
f 28/783/570 364/784/570 1315/751/570 638/785/570
f 364/784/571 363/786/571 1316/752/571 1315/751/571
f 363/786/572 362/787/572 1317/755/572 1316/752/572
f 362/787/573 361/776/573 1318/757/573 1317/755/573
f 638/785/574 1315/751/574 1319/754/574 639/788/574
f 639/788/575 1319/754/575 1323/760/575 640/789/575
f 640/789/576 1323/760/576 1306/766/576 641/780/576
f 1328/790/577 1329/791/577 1333/792/577 1332/793/577
f 1329/791/578 1330/794/578 1334/795/578 1333/792/578
f 1330/794/579 1331/796/579 1335/797/579 1334/795/579
f 1332/793/580 1333/792/580 1337/798/580 1336/799/580
f 1333/792/581 1334/795/581 1338/800/581 1337/798/581
f 1334/795/582 1335/797/582 1339/801/582 1338/800/582
f 1340/802/583 1341/803/583 1345/804/583 1344/805/583
f 1341/803/584 1342/806/584 1346/807/584 1345/804/584
f 1342/806/585 1343/808/585 1347/809/585 1346/807/585
f 1344/805/586 1345/804/586 1349/810/586 1348/811/586
f 1345/804/587 1346/807/587 1350/812/587 1349/810/587
f 1346/807/588 1347/809/588 1351/813/588 1350/812/588
f 1352/814/589 1353/815/589 1357/816/589 1356/817/589
f 1353/815/590 1354/818/590 1358/819/590 1357/816/590
f 1354/818/591 1355/820/591 1359/821/591 1358/819/591
f 1356/817/592 1357/816/592 1361/822/592 1360/823/592
f 1357/816/593 1358/819/593 1362/824/593 1361/822/593
f 1358/819/594 1359/821/594 1363/825/594 1362/824/594
f 1348/811/595 1349/810/595 1335/826/595 1331/827/595
f 1349/810/596 1350/812/596 1339/801/596 1335/826/596
f 1360/823/597 1361/822/597 1347/828/597 1343/829/597
f 1361/822/598 1362/824/598 1351/813/598 1347/828/598
f 1336/799/599 1337/798/599 1359/821/599 1355/830/599
f 1337/798/600 1338/800/600 1363/825/600 1359/821/600
f 1338/800/601 1339/801/601 1327/831/601 1363/825/601
f 1350/812/602 1351/813/602 1327/831/602 1339/801/602
f 1362/824/603 1363/825/603 1327/831/603 1351/813/603
f 4/506/604 147/832/604 1328/790/604 372/833/604
f 147/832/605 146/834/605 1329/791/605 1328/790/605
f 146/834/606 145/513/606 1330/794/606 1329/791/606
f 145/513/607 144/835/607 1331/796/607 1330/794/607
f 372/833/608 1328/790/608 1332/793/608 373/836/608
f 373/836/609 1332/793/609 1336/799/609 374/837/609
f 374/837/610 1336/799/610 1355/830/610 375/838/610
f 27/523/611 623/839/611 1340/802/611 141/840/611
f 623/839/612 622/841/612 1341/803/612 1340/802/612
f 622/841/613 621/842/613 1342/806/613 1341/803/613
f 621/842/614 620/843/614 1343/808/614 1342/806/614
f 141/840/615 1340/802/615 1344/805/615 142/844/615
f 142/844/616 1344/805/616 1348/811/616 143/845/616
f 143/845/617 1348/811/617 1331/827/617 144/846/617
f 30/847/618 378/848/618 1352/814/618 617/849/618
f 378/848/619 377/850/619 1353/815/619 1352/814/619
f 377/850/620 376/851/620 1354/818/620 1353/815/620
f 376/851/621 375/852/621 1355/820/621 1354/818/621
f 617/849/622 1352/814/622 1356/817/622 618/853/622
f 618/853/623 1356/817/623 1360/823/623 619/854/623
f 619/854/624 1360/823/624 1343/829/624 620/855/624
f 1365/856/625 1366/857/625 1370/858/625 1369/859/625
f 1366/857/626 1367/860/626 1371/861/626 1370/858/626
f 1367/860/627 1368/862/627 1372/863/627 1371/861/627
f 1369/859/628 1370/858/628 1374/864/628 1373/865/628
f 1370/858/629 1371/861/629 1375/866/629 1374/864/629
f 1371/861/630 1372/863/630 1376/867/630 1375/866/630
f 1377/868/631 1378/869/631 1382/870/631 1381/871/631
f 1378/869/632 1379/872/632 1383/873/632 1382/870/632
f 1379/872/633 1380/874/633 1384/875/633 1383/873/633
f 1381/871/634 1382/870/634 1386/876/634 1385/877/634
f 1382/870/635 1383/873/635 1387/878/635 1386/876/635
f 1383/873/636 1384/875/636 1388/879/636 1387/878/636
f 1389/880/637 1390/881/637 1394/882/637 1393/883/637
f 1390/881/638 1391/884/638 1395/885/638 1394/882/638
f 1391/884/639 1392/886/639 1396/887/639 1395/885/639
f 1393/883/640 1394/882/640 1398/888/640 1397/889/640
f 1394/882/641 1395/885/641 1399/890/641 1398/888/641
f 1395/885/642 1396/887/642 1400/891/642 1399/890/642
f 1385/877/643 1386/876/643 1372/892/643 1368/893/643
f 1386/876/644 1387/878/644 1376/867/644 1372/892/644
f 1397/889/645 1398/888/645 1384/875/645 1380/894/645
f 1398/888/646 1399/890/646 1388/879/646 1384/875/646
f 1373/865/647 1374/864/647 1396/887/647 1392/895/647
f 1374/864/648 1375/866/648 1400/891/648 1396/887/648
f 1375/866/649 1376/867/649 1364/896/649 1400/891/649
f 1387/878/650 1388/879/650 1364/896/650 1376/867/650
f 1399/890/651 1400/891/651 1364/896/651 1388/879/651
f 5/571/652 161/897/652 1365/856/652 386/898/652
f 161/897/653 160/899/653 1366/857/653 1365/856/653
f 160/899/654 159/578/654 1367/860/654 1366/857/654
f 159/578/655 158/900/655 1368/862/655 1367/860/655
f 386/898/656 1365/856/656 1369/859/656 387/901/656
f 387/901/657 1369/859/657 1373/865/657 388/902/657
f 388/902/658 1373/865/658 1392/895/658 389/903/658
f 29/588/659 602/904/659 1377/868/659 155/589/659
f 602/904/660 601/905/660 1378/869/660 1377/868/660
f 601/905/661 600/906/661 1379/872/661 1378/869/661
f 600/906/662 599/907/662 1380/874/662 1379/872/662
f 155/589/663 1377/868/663 1381/871/663 156/908/663
f 156/908/664 1381/871/664 1385/877/664 157/909/664
f 157/909/665 1385/877/665 1368/893/665 158/579/665
f 32/910/666 392/911/666 1389/880/666 596/912/666
f 392/911/667 391/913/667 1390/881/667 1389/880/667
f 391/913/668 390/914/668 1391/884/668 1390/881/668
f 390/914/669 389/915/669 1392/886/669 1391/884/669
f 596/912/670 1389/880/670 1393/883/670 597/916/670
f 597/916/671 1393/883/671 1397/889/671 598/917/671
f 598/917/672 1397/889/672 1380/894/672 599/918/672
f 1402/919/673 1403/920/673 1407/921/673 1406/922/673
f 1403/920/674 1404/923/674 1408/924/674 1407/921/674
f 1404/923/675 1405/925/675 1409/926/675 1408/924/675
f 1406/922/676 1407/921/676 1411/927/676 1410/928/676
f 1407/921/677 1408/924/677 1412/929/677 1411/927/677
f 1408/924/678 1409/926/678 1413/930/678 1412/929/678
f 1414/931/679 1415/932/679 1419/933/679 1418/934/679
f 1415/932/680 1416/935/680 1420/936/680 1419/933/680
f 1416/935/681 1417/937/681 1421/938/681 1420/936/681
f 1418/934/682 1419/933/682 1423/939/682 1422/940/682
f 1419/933/683 1420/936/683 1424/941/683 1423/939/683
f 1420/936/684 1421/938/684 1425/942/684 1424/941/684
f 1426/943/685 1427/944/685 1431/945/685 1430/946/685
f 1427/944/686 1428/947/686 1432/948/686 1431/945/686
f 1428/947/687 1429/949/687 1433/950/687 1432/948/687
f 1430/946/688 1431/945/688 1435/951/688 1434/952/688
f 1431/945/689 1432/948/689 1436/953/689 1435/951/689
f 1432/948/690 1433/950/690 1437/954/690 1436/953/690
f 1422/940/691 1423/939/691 1409/955/691 1405/956/691
f 1423/939/692 1424/941/692 1413/930/692 1409/955/692
f 1434/952/693 1435/951/693 1421/957/693 1417/958/693
f 1435/951/694 1436/953/694 1425/942/694 1421/957/694
f 1410/928/695 1411/927/695 1433/959/695 1429/960/695
f 1411/927/696 1412/929/696 1437/954/696 1433/959/696
f 1412/929/697 1413/930/697 1401/961/697 1437/954/697
f 1424/941/698 1425/942/698 1401/961/698 1413/930/698
f 1436/953/699 1437/954/699 1401/961/699 1425/942/699
f 6/638/700 175/962/700 1402/919/700 330/963/700
f 175/962/701 174/964/701 1403/920/701 1402/919/701
f 174/964/702 173/645/702 1404/923/702 1403/920/702
f 173/645/703 172/965/703 1405/925/703 1404/923/703
f 330/963/704 1402/919/704 1406/922/704 331/966/704
f 331/966/705 1406/922/705 1410/928/705 332/967/705
f 332/967/706 1410/928/706 1429/960/706 333/968/706
f 31/655/707 581/969/707 1414/931/707 169/656/707
f 581/969/708 580/970/708 1415/932/708 1414/931/708
f 580/970/709 579/971/709 1416/935/709 1415/932/709
f 579/971/710 578/972/710 1417/937/710 1416/935/710
f 169/656/711 1414/931/711 1418/934/711 170/973/711
f 170/973/712 1418/934/712 1422/940/712 171/974/712
f 171/974/713 1422/940/713 1405/956/713 172/975/713
f 24/976/714 336/977/714 1426/943/714 575/978/714
f 336/977/715 335/979/715 1427/944/715 1426/943/715
f 335/979/716 334/980/716 1428/947/716 1427/944/716
f 334/980/717 333/981/717 1429/949/717 1428/947/717
f 575/978/718 1426/943/718 1430/946/718 576/982/718
f 576/982/719 1430/946/719 1434/952/719 577/983/719
f 577/983/720 1434/952/720 1417/958/720 578/984/720
f 1439/985/721 1440/986/721 1444/987/721 1443/988/721
f 1440/986/722 1441/989/722 1445/990/722 1444/987/722
f 1441/989/723 1442/991/723 1446/992/723 1445/990/723
f 1443/988/724 1444/987/724 1448/993/724 1447/994/724
f 1444/987/725 1445/990/725 1449/995/725 1448/993/725
f 1445/990/726 1446/992/726 1450/996/726 1449/995/726
f 1451/997/727 1452/998/727 1456/999/727 1455/1000/727
f 1452/998/728 1453/1001/728 1457/1002/728 1456/999/728
f 1453/1001/729 1454/1003/729 1458/1004/729 1457/1002/729
f 1455/1000/730 1456/999/730 1460/1005/730 1459/1006/730
f 1456/999/731 1457/1002/731 1461/1007/731 1460/1005/731
f 1457/1002/732 1458/1004/732 1462/1008/732 1461/1007/732
f 1463/1009/733 1464/1010/733 1468/1011/733 1467/1012/733
f 1464/1010/734 1465/1013/734 1469/1014/734 1468/1011/734
f 1465/1013/735 1466/1015/735 1470/1016/735 1469/1014/735
f 1467/1012/736 1468/1011/736 1472/1017/736 1471/1018/736
f 1468/1011/737 1469/1014/737 1473/1019/737 1472/1017/737
f 1469/1014/738 1470/1016/738 1474/1020/738 1473/1019/738
f 1459/1006/739 1460/1005/739 1446/1021/739 1442/1022/739
f 1460/1005/740 1461/1007/740 1450/996/740 1446/1021/740
f 1471/1018/741 1472/1017/741 1458/1023/741 1454/1024/741
f 1472/1017/742 1473/1019/742 1462/1008/742 1458/1023/742
f 1447/994/743 1448/993/743 1470/1016/743 1466/1025/743
f 1448/993/744 1449/995/744 1474/1020/744 1470/1016/744
f 1449/995/745 1450/996/745 1438/1026/745 1474/1020/745
f 1461/1007/746 1462/1008/746 1438/1026/746 1450/996/746
f 1473/1019/747 1474/1020/747 1438/1026/747 1462/1008/747
f 7/1027/748 189/1028/748 1439/985/748 224/1029/748
f 189/1028/749 188/1030/749 1440/986/749 1439/985/749
f 188/1030/750 187/1031/750 1441/989/750 1440/986/750
f 187/1031/751 186/1032/751 1442/991/751 1441/989/751
f 224/1029/752 1439/985/752 1443/988/752 223/1033/752
f 223/1033/753 1443/988/753 1447/994/753 222/1034/753
f 222/1034/754 1447/994/754 1466/1025/754 221/1035/754
f 33/1036/755 560/1037/755 1451/997/755 183/1038/755
f 560/1037/756 559/1039/756 1452/998/756 1451/997/756
f 559/1039/757 558/1040/757 1453/1001/757 1452/998/757
f 558/1040/758 557/1041/758 1454/1003/758 1453/1001/758
f 183/1038/759 1451/997/759 1455/1000/759 184/1042/759
f 184/1042/760 1455/1000/760 1459/1006/760 185/1043/760
f 185/1043/761 1459/1006/761 1442/1022/761 186/1044/761
f 38/1045/762 218/1046/762 1463/1009/762 554/1047/762
f 218/1046/763 219/1048/763 1464/1010/763 1463/1009/763
f 219/1048/764 220/1049/764 1465/1013/764 1464/1010/764
f 220/1049/765 221/1050/765 1466/1015/765 1465/1013/765
f 554/1047/766 1463/1009/766 1467/1012/766 555/1051/766
f 555/1051/767 1467/1012/767 1471/1018/767 556/1052/767
f 556/1052/768 1471/1018/768 1454/1024/768 557/1053/768
f 1476/1054/769 1477/1055/769 1481/1056/769 1480/1057/769
f 1477/1055/770 1478/1058/770 1482/1059/770 1481/1056/770
f 1478/1058/771 1479/1060/771 1483/1061/771 1482/1059/771
f 1480/1057/772 1481/1056/772 1485/1062/772 1484/1063/772
f 1481/1056/773 1482/1059/773 1486/1064/773 1485/1062/773
f 1482/1059/774 1483/1061/774 1487/1065/774 1486/1064/774
f 1488/1066/775 1489/1067/775 1493/1068/775 1492/1069/775
f 1489/1067/776 1490/1070/776 1494/1071/776 1493/1068/776
f 1490/1070/777 1491/1072/777 1495/1073/777 1494/1071/777
f 1492/1069/778 1493/1068/778 1497/1074/778 1496/1075/778
f 1493/1068/779 1494/1071/779 1498/1076/779 1497/1074/779
f 1494/1071/780 1495/1073/780 1499/1077/780 1498/1076/780
f 1500/1078/781 1501/1079/781 1505/1080/781 1504/1081/781
f 1501/1079/782 1502/1082/782 1506/1083/782 1505/1080/782
f 1502/1082/783 1503/1084/783 1507/1085/783 1506/1083/783
f 1504/1081/784 1505/1080/784 1509/1086/784 1508/1087/784
f 1505/1080/785 1506/1083/785 1510/1088/785 1509/1086/785
f 1506/1083/786 1507/1085/786 1511/1089/786 1510/1088/786
f 1496/1075/787 1497/1074/787 1483/1090/787 1479/1060/787
f 1497/1074/788 1498/1076/788 1487/1065/788 1483/1090/788
f 1508/1087/789 1509/1086/789 1495/1091/789 1491/1092/789
f 1509/1086/790 1510/1088/790 1499/1077/790 1495/1091/790
f 1484/1063/791 1485/1062/791 1507/1085/791 1503/1093/791
f 1485/1062/792 1486/1064/792 1511/1089/792 1507/1085/792
f 1486/1064/793 1487/1065/793 1475/1094/793 1511/1089/793
f 1498/1076/794 1499/1077/794 1475/1094/794 1487/1065/794
f 1510/1088/795 1511/1089/795 1475/1094/795 1499/1077/795
f 8/1095/796 196/1096/796 1476/1054/796 238/1097/796
f 196/1096/797 195/1098/797 1477/1055/797 1476/1054/797
f 195/1098/798 194/1099/798 1478/1058/798 1477/1055/798
f 194/1099/799 193/1100/799 1479/1060/799 1478/1058/799
f 238/1097/800 1476/1054/800 1480/1057/800 237/1101/800
f 237/1101/801 1480/1057/801 1484/1063/801 236/1102/801
f 236/1102/802 1484/1063/802 1503/1093/802 235/1103/802
f 34/1104/803 539/1105/803 1488/1066/803 190/1106/803
f 539/1105/804 538/1107/804 1489/1067/804 1488/1066/804
f 538/1107/805 537/1108/805 1490/1070/805 1489/1067/805
f 537/1108/806 536/1109/806 1491/1072/806 1490/1070/806
f 190/1106/807 1488/1066/807 1492/1069/807 191/1110/807
f 191/1110/808 1492/1069/808 1496/1075/808 192/1111/808
f 192/1111/809 1496/1075/809 1479/1060/809 193/1100/809
f 40/1112/810 232/1113/810 1500/1078/810 533/1114/810
f 232/1113/811 233/1115/811 1501/1079/811 1500/1078/811
f 233/1115/812 234/1116/812 1502/1082/812 1501/1079/812
f 234/1116/813 235/1117/813 1503/1084/813 1502/1082/813
f 533/1114/814 1500/1078/814 1504/1081/814 534/1118/814
f 534/1118/815 1504/1081/815 1508/1087/815 535/1119/815
f 535/1119/816 1508/1087/816 1491/1092/816 536/1120/816
f 1513/1121/817 1514/1122/817 1518/1123/817 1517/1124/817
f 1514/1122/818 1515/1125/818 1519/1126/818 1518/1123/818
f 1515/1125/819 1516/1127/819 1520/1128/819 1519/1126/819
f 1517/1124/820 1518/1123/820 1522/1129/820 1521/1130/820
f 1518/1123/821 1519/1126/821 1523/1131/821 1522/1129/821
f 1519/1126/822 1520/1128/822 1524/1132/822 1523/1131/822
f 1525/1133/823 1526/1134/823 1530/1135/823 1529/1136/823
f 1526/1134/824 1527/1137/824 1531/1138/824 1530/1135/824
f 1527/1137/825 1528/1139/825 1532/1140/825 1531/1138/825
f 1529/1136/826 1530/1135/826 1534/1141/826 1533/1142/826
f 1530/1135/827 1531/1138/827 1535/1143/827 1534/1141/827
f 1531/1138/828 1532/1140/828 1536/1144/828 1535/1143/828
f 1537/1145/829 1538/1146/829 1542/1147/829 1541/1148/829
f 1538/1146/830 1539/1149/830 1543/1150/830 1542/1147/830
f 1539/1149/831 1540/1151/831 1544/1152/831 1543/1150/831
f 1541/1148/832 1542/1147/832 1546/1153/832 1545/1154/832
f 1542/1147/833 1543/1150/833 1547/1155/833 1546/1153/833
f 1543/1150/834 1544/1152/834 1548/1156/834 1547/1155/834
f 1533/1142/835 1534/1141/835 1520/1157/835 1516/1158/835
f 1534/1141/836 1535/1143/836 1524/1132/836 1520/1157/836
f 1545/1154/837 1546/1153/837 1532/1159/837 1528/1160/837
f 1546/1153/838 1547/1155/838 1536/1144/838 1532/1159/838
f 1521/1130/839 1522/1129/839 1544/1152/839 1540/1161/839
f 1522/1129/840 1523/1131/840 1548/1156/840 1544/1152/840
f 1523/1131/841 1524/1132/841 1512/1162/841 1548/1156/841
f 1535/1143/842 1536/1144/842 1512/1162/842 1524/1132/842
f 1547/1155/843 1548/1156/843 1512/1162/843 1536/1144/843
f 9/1163/844 203/1164/844 1513/1121/844 245/1165/844
f 203/1164/845 202/1166/845 1514/1122/845 1513/1121/845
f 202/1166/846 201/1167/846 1515/1125/846 1514/1122/846
f 201/1167/847 200/1168/847 1516/1127/847 1515/1125/847
f 245/1165/848 1513/1121/848 1517/1124/848 244/1169/848
f 244/1169/849 1517/1124/849 1521/1130/849 243/1170/849
f 243/1170/850 1521/1130/850 1540/1161/850 242/1171/850
f 35/1172/851 518/1173/851 1525/1133/851 197/1174/851
f 518/1173/852 517/1175/852 1526/1134/852 1525/1133/852
f 517/1175/853 516/1176/853 1527/1137/853 1526/1134/853
f 516/1176/854 515/1177/854 1528/1139/854 1527/1137/854
f 197/1174/855 1525/1133/855 1529/1136/855 198/1178/855
f 198/1178/856 1529/1136/856 1533/1142/856 199/1179/856
f 199/1179/857 1533/1142/857 1516/1158/857 200/1180/857
f 41/1181/858 239/1182/858 1537/1145/858 512/1183/858
f 239/1182/859 240/1184/859 1538/1146/859 1537/1145/859
f 240/1184/860 241/1185/860 1539/1149/860 1538/1146/860
f 241/1185/861 242/1186/861 1540/1151/861 1539/1149/861
f 512/1183/862 1537/1145/862 1541/1148/862 513/1187/862
f 513/1187/863 1541/1148/863 1545/1154/863 514/1188/863
f 514/1188/864 1545/1154/864 1528/1160/864 515/1189/864
f 1550/1190/865 1551/1191/865 1555/1192/865 1554/1193/865
f 1551/1191/866 1552/1194/866 1556/1195/866 1555/1192/866
f 1552/1194/867 1553/1196/867 1557/1197/867 1556/1195/867
f 1554/1193/868 1555/1192/868 1559/1198/868 1558/1199/868
f 1555/1192/869 1556/1195/869 1560/1200/869 1559/1198/869
f 1556/1195/870 1557/1197/870 1561/1201/870 1560/1200/870
f 1562/1202/871 1563/1203/871 1567/1204/871 1566/1205/871
f 1563/1203/872 1564/1206/872 1568/1207/872 1567/1204/872
f 1564/1206/873 1565/1208/873 1569/1209/873 1568/1207/873
f 1566/1205/874 1567/1204/874 1571/1210/874 1570/1211/874
f 1567/1204/875 1568/1207/875 1572/1212/875 1571/1210/875
f 1568/1207/876 1569/1209/876 1573/1213/876 1572/1212/876
f 1574/1214/877 1575/1215/877 1579/1216/877 1578/1217/877
f 1575/1215/878 1576/1218/878 1580/1219/878 1579/1216/878
f 1576/1218/879 1577/1220/879 1581/1221/879 1580/1219/879
f 1578/1217/880 1579/1216/880 1583/1222/880 1582/1223/880
f 1579/1216/881 1580/1219/881 1584/1224/881 1583/1222/881
f 1580/1219/882 1581/1221/882 1585/1225/882 1584/1224/882
f 1570/1211/883 1571/1210/883 1557/1226/883 1553/1227/883
f 1571/1210/884 1572/1212/884 1561/1201/884 1557/1226/884
f 1582/1223/885 1583/1222/885 1569/1228/885 1565/1229/885
f 1583/1222/886 1584/1224/886 1573/1213/886 1569/1228/886
f 1558/1199/887 1559/1198/887 1581/1230/887 1577/1231/887
f 1559/1198/888 1560/1200/888 1585/1225/888 1581/1230/888
f 1560/1200/889 1561/1201/889 1549/1232/889 1585/1225/889
f 1572/1212/890 1573/1213/890 1549/1232/890 1561/1201/890
f 1584/1224/891 1585/1225/891 1549/1232/891 1573/1213/891
f 10/1233/892 210/1234/892 1550/1190/892 252/1235/892
f 210/1234/893 209/1236/893 1551/1191/893 1550/1190/893
f 209/1236/894 208/1237/894 1552/1194/894 1551/1191/894
f 208/1237/895 207/1238/895 1553/1196/895 1552/1194/895
f 252/1235/896 1550/1190/896 1554/1193/896 251/1239/896
f 251/1239/897 1554/1193/897 1558/1199/897 250/1240/897
f 250/1240/898 1558/1199/898 1577/1231/898 249/1241/898
f 36/1242/899 497/1243/899 1562/1202/899 204/1244/899
f 497/1243/900 496/1245/900 1563/1203/900 1562/1202/900
f 496/1245/901 495/1246/901 1564/1206/901 1563/1203/901
f 495/1246/902 494/1247/902 1565/1208/902 1564/1206/902
f 204/1244/903 1562/1202/903 1566/1205/903 205/1248/903
f 205/1248/904 1566/1205/904 1570/1211/904 206/1249/904
f 206/1249/905 1570/1211/905 1553/1227/905 207/1238/905
f 42/1250/906 246/1251/906 1574/1214/906 491/1252/906
f 246/1251/907 247/1253/907 1575/1215/907 1574/1214/907
f 247/1253/908 248/1254/908 1576/1218/908 1575/1215/908
f 248/1254/909 249/1255/909 1577/1220/909 1576/1218/909
f 491/1252/910 1574/1214/910 1578/1217/910 492/1256/910
f 492/1256/911 1578/1217/911 1582/1223/911 493/1257/911
f 493/1257/912 1582/1223/912 1565/1229/912 494/1258/912
f 1587/1259/913 1588/1260/913 1592/1261/913 1591/1262/913
f 1588/1260/914 1589/1263/914 1593/1264/914 1592/1261/914
f 1589/1263/915 1590/1265/915 1594/1266/915 1593/1264/915
f 1591/1262/916 1592/1261/916 1596/1267/916 1595/1268/916
f 1592/1261/917 1593/1264/917 1597/1269/917 1596/1267/917
f 1593/1264/918 1594/1266/918 1598/1270/918 1597/1269/918
f 1599/1271/919 1600/1272/919 1604/1273/919 1603/1274/919
f 1600/1272/920 1601/1275/920 1605/1276/920 1604/1273/920
f 1601/1275/921 1602/1277/921 1606/1278/921 1605/1276/921
f 1603/1274/922 1604/1273/922 1608/1279/922 1607/1280/922
f 1604/1273/923 1605/1276/923 1609/1281/923 1608/1279/923
f 1605/1276/924 1606/1278/924 1610/1282/924 1609/1281/924
f 1611/1283/925 1612/1284/925 1616/1285/925 1615/1286/925
f 1612/1284/926 1613/1287/926 1617/1288/926 1616/1285/926
f 1613/1287/927 1614/1289/927 1618/1290/927 1617/1288/927
f 1615/1286/928 1616/1285/928 1620/1291/928 1619/1292/928
f 1616/1285/929 1617/1288/929 1621/1293/929 1620/1291/929
f 1617/1288/930 1618/1290/930 1622/1294/930 1621/1293/930
f 1607/1280/931 1608/1279/931 1594/1295/931 1590/1296/931
f 1608/1279/932 1609/1281/932 1598/1270/932 1594/1295/932
f 1619/1292/933 1620/1291/933 1606/1297/933 1602/1298/933
f 1620/1291/934 1621/1293/934 1610/1282/934 1606/1297/934
f 1595/1268/935 1596/1267/935 1618/1299/935 1614/1300/935
f 1596/1267/936 1597/1269/936 1622/1294/936 1618/1299/936
f 1597/1269/937 1598/1270/937 1586/1301/937 1622/1294/937
f 1609/1281/938 1610/1282/938 1586/1301/938 1598/1270/938
f 1621/1293/939 1622/1294/939 1586/1301/939 1610/1282/939
f 11/1302/940 217/1303/940 1587/1259/940 435/1304/940
f 217/1303/941 216/1305/941 1588/1260/941 1587/1259/941
f 216/1305/942 215/1306/942 1589/1263/942 1588/1260/942
f 215/1306/943 214/1307/943 1590/1265/943 1589/1263/943
f 435/1304/944 1587/1259/944 1591/1262/944 436/1308/944
f 436/1308/945 1591/1262/945 1595/1268/945 437/1309/945
f 437/1309/946 1595/1268/946 1614/1300/946 438/1310/946
f 37/1311/947 476/1312/947 1599/1271/947 211/1313/947
f 476/1312/948 475/1314/948 1600/1272/948 1599/1271/948
f 475/1314/949 474/1315/949 1601/1275/949 1600/1272/949
f 474/1315/950 473/1316/950 1602/1277/950 1601/1275/950
f 211/1313/951 1599/1271/951 1603/1274/951 212/1317/951
f 212/1317/952 1603/1274/952 1607/1280/952 213/1318/952
f 213/1318/953 1607/1280/953 1590/1296/953 214/1307/953
f 39/1319/954 441/1320/954 1611/1283/954 470/1321/954
f 441/1320/955 440/1322/955 1612/1284/955 1611/1283/955
f 440/1322/956 439/1323/956 1613/1287/956 1612/1284/956
f 439/1323/957 438/1324/957 1614/1289/957 1613/1287/957
f 470/1321/958 1611/1283/958 1615/1286/958 471/1325/958
f 471/1325/959 1615/1286/959 1619/1292/959 472/1326/959
f 472/1326/960 1619/1292/960 1602/1298/960 473/1327/960
f 1624/1328/961 1625/1329/961 1629/1330/961 1628/1331/961
f 1625/1329/962 1626/1332/962 1630/1333/962 1629/1330/962
f 1626/1332/963 1627/1334/963 1631/1335/963 1630/1333/963
f 1628/1331/964 1629/1330/964 1633/1336/964 1632/1337/964
f 1629/1330/965 1630/1333/965 1634/1338/965 1633/1336/965
f 1630/1333/966 1631/1335/966 1635/1339/966 1634/1338/966
f 1636/1340/967 1637/1341/967 1641/1342/967 1640/1343/967
f 1637/1341/968 1638/1344/968 1642/1345/968 1641/1342/968
f 1638/1344/969 1639/1346/969 1643/1347/969 1642/1345/969
f 1640/1343/970 1641/1342/970 1645/1348/970 1644/1349/970
f 1641/1342/971 1642/1345/971 1646/1350/971 1645/1348/971
f 1642/1345/972 1643/1347/972 1647/1351/972 1646/1350/972
f 1648/1352/973 1649/1353/973 1653/1354/973 1652/1355/973
f 1649/1353/974 1650/1356/974 1654/1357/974 1653/1354/974
f 1650/1356/975 1651/1358/975 1655/1359/975 1654/1357/975
f 1652/1355/976 1653/1354/976 1657/1360/976 1656/1361/976
f 1653/1354/977 1654/1357/977 1658/1362/977 1657/1360/977
f 1654/1357/978 1655/1359/978 1659/1363/978 1658/1362/978
f 1644/1349/979 1645/1348/979 1631/1364/979 1627/1365/979
f 1645/1348/980 1646/1350/980 1635/1339/980 1631/1364/980
f 1656/1361/981 1657/1360/981 1643/1347/981 1639/1346/981
f 1657/1360/982 1658/1362/982 1647/1351/982 1643/1347/982
f 1632/1337/983 1633/1336/983 1655/1366/983 1651/1367/983
f 1633/1336/984 1634/1338/984 1659/1363/984 1655/1366/984
f 1634/1338/985 1635/1339/985 1623/1368/985 1659/1363/985
f 1646/1350/986 1647/1351/986 1623/1368/986 1635/1339/986
f 1658/1362/987 1659/1363/987 1623/1368/987 1647/1351/987
f 39/1319/988 463/1369/988 1624/1328/988 225/1370/988
f 463/1369/989 464/1371/989 1625/1329/989 1624/1328/989
f 464/1371/990 465/1372/990 1626/1332/990 1625/1329/990
f 465/1372/991 466/1373/991 1627/1334/991 1626/1332/991
f 225/1370/992 1624/1328/992 1628/1331/992 226/1374/992
f 226/1374/993 1628/1331/993 1632/1337/993 227/1375/993
f 227/1375/994 1632/1337/994 1651/1367/994 228/1376/994
f 42/1377/995 462/1378/995 1636/1340/995 469/1379/995
f 462/1378/996 461/1380/996 1637/1341/996 1636/1340/996
f 461/1380/997 460/1381/997 1638/1344/997 1637/1341/997
f 460/1381/998 459/1382/998 1639/1346/998 1638/1344/998
f 469/1379/999 1636/1340/999 1640/1343/999 468/1383/999
f 468/1383/1000 1640/1343/1000 1644/1349/1000 467/1384/1000
f 467/1384/1001 1644/1349/1001 1627/1365/1001 466/1373/1001
f 12/1385/1002 231/1386/1002 1648/1352/1002 456/1387/1002
f 231/1386/1003 230/1388/1003 1649/1353/1003 1648/1352/1003
f 230/1388/1004 229/1389/1004 1650/1356/1004 1649/1353/1004
f 229/1389/1005 228/1376/1005 1651/1358/1005 1650/1356/1005
f 456/1387/1006 1648/1352/1006 1652/1355/1006 457/1390/1006
f 457/1390/1007 1652/1355/1007 1656/1361/1007 458/1391/1007
f 458/1391/1008 1656/1361/1008 1639/1346/1008 459/1382/1008
f 1661/1392/1009 1662/1393/1009 1666/1394/1009 1665/1395/1009
f 1662/1393/1010 1663/1396/1010 1667/1397/1010 1666/1394/1010
f 1663/1396/1011 1664/1398/1011 1668/1399/1011 1667/1397/1011
f 1665/1395/1012 1666/1394/1012 1670/1400/1012 1669/1401/1012
f 1666/1394/1013 1667/1397/1013 1671/1402/1013 1670/1400/1013
f 1667/1397/1014 1668/1399/1014 1672/1403/1014 1671/1402/1014
f 1673/1404/1015 1674/1405/1015 1678/1406/1015 1677/1407/1015
f 1674/1405/1016 1675/1408/1016 1679/1409/1016 1678/1406/1016
f 1675/1408/1017 1676/1410/1017 1680/1411/1017 1679/1409/1017
f 1677/1407/1018 1678/1406/1018 1682/1412/1018 1681/1413/1018
f 1678/1406/1019 1679/1409/1019 1683/1414/1019 1682/1412/1019
f 1679/1409/1020 1680/1411/1020 1684/1415/1020 1683/1414/1020
f 1685/1416/1021 1686/1417/1021 1690/1418/1021 1689/1419/1021
f 1686/1417/1022 1687/1420/1022 1691/1421/1022 1690/1418/1022
f 1687/1420/1023 1688/1422/1023 1692/1423/1023 1691/1421/1023
f 1689/1419/1024 1690/1418/1024 1694/1424/1024 1693/1425/1024
f 1690/1418/1025 1691/1421/1025 1695/1426/1025 1694/1424/1025
f 1691/1421/1026 1692/1423/1026 1696/1427/1026 1695/1426/1026
f 1681/1413/1027 1682/1412/1027 1668/1399/1027 1664/1398/1027
f 1682/1412/1028 1683/1414/1028 1672/1403/1028 1668/1399/1028
f 1693/1425/1029 1694/1424/1029 1680/1428/1029 1676/1429/1029
f 1694/1424/1030 1695/1426/1030 1684/1415/1030 1680/1428/1030
f 1669/1401/1031 1670/1400/1031 1692/1430/1031 1688/1431/1031
f 1670/1400/1032 1671/1402/1032 1696/1427/1032 1692/1430/1032
f 1671/1402/1033 1672/1403/1033 1660/1432/1033 1696/1427/1033
f 1683/1414/1034 1684/1415/1034 1660/1432/1034 1672/1403/1034
f 1695/1426/1035 1696/1427/1035 1660/1432/1035 1684/1415/1035
f 39/1319/1036 470/1433/1036 1661/1392/1036 463/1434/1036
f 470/1433/1037 471/1435/1037 1662/1393/1037 1661/1392/1037
f 471/1435/1038 472/1436/1038 1663/1396/1038 1662/1393/1038
f 472/1436/1039 473/1437/1039 1664/1398/1039 1663/1396/1039
f 463/1434/1040 1661/1392/1040 1665/1395/1040 464/1438/1040
f 464/1438/1041 1665/1395/1041 1669/1401/1041 465/1439/1041
f 465/1439/1042 1669/1401/1042 1688/1431/1042 466/1440/1042
f 37/1311/1043 483/1441/1043 1673/1404/1043 476/1442/1043
f 483/1441/1044 482/1443/1044 1674/1405/1044 1673/1404/1044
f 482/1443/1045 481/1444/1045 1675/1408/1045 1674/1405/1045
f 481/1444/1046 480/1445/1046 1676/1410/1046 1675/1408/1046
f 476/1442/1047 1673/1404/1047 1677/1407/1047 475/1314/1047
f 475/1314/1048 1677/1407/1048 1681/1413/1048 474/1446/1048
f 474/1446/1049 1681/1413/1049 1664/1398/1049 473/1447/1049
f 42/1377/1050 469/1448/1050 1685/1416/1050 477/1449/1050
f 469/1448/1051 468/1450/1051 1686/1417/1051 1685/1416/1051
f 468/1450/1052 467/1451/1052 1687/1420/1052 1686/1417/1052
f 467/1451/1053 466/1452/1053 1688/1422/1053 1687/1420/1053
f 477/1449/1054 1685/1416/1054 1689/1419/1054 478/1453/1054
f 478/1453/1055 1689/1419/1055 1693/1425/1055 479/1454/1055
f 479/1454/1056 1693/1425/1056 1676/1429/1056 480/1455/1056
f 1698/1456/1057 1699/1457/1057 1703/1458/1057 1702/1459/1057
f 1699/1457/1058 1700/1460/1058 1704/1461/1058 1703/1458/1058
f 1700/1460/1059 1701/1462/1059 1705/1463/1059 1704/1461/1059
f 1702/1459/1060 1703/1458/1060 1707/1464/1060 1706/1465/1060
f 1703/1458/1061 1704/1461/1061 1708/1466/1061 1707/1464/1061
f 1704/1461/1062 1705/1463/1062 1709/1467/1062 1708/1466/1062
f 1710/1468/1063 1711/1469/1063 1715/1470/1063 1714/1471/1063
f 1711/1469/1064 1712/1472/1064 1716/1473/1064 1715/1470/1064
f 1712/1472/1065 1713/1474/1065 1717/1475/1065 1716/1473/1065
f 1714/1471/1066 1715/1470/1066 1719/1476/1066 1718/1477/1066
f 1715/1470/1067 1716/1473/1067 1720/1478/1067 1719/1476/1067
f 1716/1473/1068 1717/1475/1068 1721/1479/1068 1720/1478/1068
f 1722/1480/1069 1723/1481/1069 1727/1482/1069 1726/1483/1069
f 1723/1481/1070 1724/1484/1070 1728/1485/1070 1727/1482/1070
f 1724/1484/1071 1725/1486/1071 1729/1487/1071 1728/1485/1071
f 1726/1483/1072 1727/1482/1072 1731/1488/1072 1730/1489/1072
f 1727/1482/1073 1728/1485/1073 1732/1490/1073 1731/1488/1073
f 1728/1485/1074 1729/1487/1074 1733/1491/1074 1732/1490/1074
f 1718/1477/1075 1719/1476/1075 1705/1492/1075 1701/1462/1075
f 1719/1476/1076 1720/1478/1076 1709/1467/1076 1705/1492/1076
f 1730/1489/1077 1731/1488/1077 1717/1493/1077 1713/1494/1077
f 1731/1488/1078 1732/1490/1078 1721/1479/1078 1717/1493/1078
f 1706/1465/1079 1707/1464/1079 1729/1495/1079 1725/1496/1079
f 1707/1464/1080 1708/1466/1080 1733/1491/1080 1729/1495/1080
f 1708/1466/1081 1709/1467/1081 1697/1497/1081 1733/1491/1081
f 1720/1478/1082 1721/1479/1082 1697/1497/1082 1709/1467/1082
f 1732/1490/1083 1733/1491/1083 1697/1497/1083 1721/1479/1083
f 37/1311/1084 427/1498/1084 1698/1456/1084 483/1441/1084
f 427/1498/1085 426/1499/1085 1699/1457/1085 1698/1456/1085
f 426/1499/1086 425/1500/1086 1700/1460/1086 1699/1457/1086
f 425/1500/1087 424/1501/1087 1701/1462/1087 1700/1460/1087
f 483/1441/1088 1698/1456/1088 1702/1459/1088 482/1443/1088
f 482/1443/1089 1702/1459/1089 1706/1465/1089 481/1444/1089
f 481/1444/1090 1706/1465/1090 1725/1496/1090 480/1502/1090
f 10/1233/1091 252/1503/1091 1710/1468/1091 421/1504/1091
f 252/1503/1092 251/1505/1092 1711/1469/1092 1710/1468/1092
f 251/1505/1093 250/1506/1093 1712/1472/1093 1711/1469/1093
f 250/1506/1094 249/1507/1094 1713/1474/1094 1712/1472/1094
f 421/1504/1095 1710/1468/1095 1714/1471/1095 422/1508/1095
f 422/1508/1096 1714/1471/1096 1718/1477/1096 423/1509/1096
f 423/1509/1097 1718/1477/1097 1701/1462/1097 424/1501/1097
f 42/1377/1098 477/1510/1098 1722/1480/1098 246/1511/1098
f 477/1510/1099 478/1512/1099 1723/1481/1099 1722/1480/1099
f 478/1512/1100 479/1513/1100 1724/1484/1100 1723/1481/1100
f 479/1513/1101 480/1455/1101 1725/1486/1101 1724/1484/1101
f 246/1511/1102 1722/1480/1102 1726/1483/1102 247/1514/1102
f 247/1514/1103 1726/1483/1103 1730/1489/1103 248/1515/1103
f 248/1515/1104 1730/1489/1104 1713/1494/1104 249/1516/1104
f 1735/1517/1105 1736/1518/1105 1740/1519/1105 1739/1520/1105
f 1736/1518/1106 1737/1521/1106 1741/1522/1106 1740/1519/1106
f 1737/1521/1107 1738/1523/1107 1742/1524/1107 1741/1522/1107
f 1739/1520/1108 1740/1519/1108 1744/1525/1108 1743/1526/1108
f 1740/1519/1109 1741/1522/1109 1745/1527/1109 1744/1525/1109
f 1741/1522/1110 1742/1524/1110 1746/1528/1110 1745/1527/1110
f 1747/1529/1111 1748/1530/1111 1752/1531/1111 1751/1532/1111
f 1748/1530/1112 1749/1533/1112 1753/1534/1112 1752/1531/1112
f 1749/1533/1113 1750/1535/1113 1754/1536/1113 1753/1534/1113
f 1751/1532/1114 1752/1531/1114 1756/1537/1114 1755/1538/1114
f 1752/1531/1115 1753/1534/1115 1757/1539/1115 1756/1537/1115
f 1753/1534/1116 1754/1536/1116 1758/1540/1116 1757/1539/1116
f 1759/1541/1117 1760/1542/1117 1764/1543/1117 1763/1544/1117
f 1760/1542/1118 1761/1545/1118 1765/1546/1118 1764/1543/1118
f 1761/1545/1119 1762/1547/1119 1766/1548/1119 1765/1546/1119
f 1763/1544/1120 1764/1543/1120 1768/1549/1120 1767/1550/1120
f 1764/1543/1121 1765/1546/1121 1769/1551/1121 1768/1549/1121
f 1765/1546/1122 1766/1548/1122 1770/1552/1122 1769/1551/1122
f 1755/1538/1123 1756/1537/1123 1742/1553/1123 1738/1554/1123
f 1756/1537/1124 1757/1539/1124 1746/1528/1124 1742/1553/1124
f 1767/1550/1125 1768/1549/1125 1754/1555/1125 1750/1535/1125
f 1768/1549/1126 1769/1551/1126 1758/1540/1126 1754/1555/1126
f 1743/1526/1127 1744/1525/1127 1766/1556/1127 1762/1557/1127
f 1744/1525/1128 1745/1527/1128 1770/1552/1128 1766/1556/1128
f 1745/1527/1129 1746/1528/1129 1734/1558/1129 1770/1552/1129
f 1757/1539/1130 1758/1540/1130 1734/1558/1130 1746/1528/1130
f 1769/1551/1131 1770/1552/1131 1734/1558/1131 1758/1540/1131
f 42/1250/1132 484/1559/1132 1735/1517/1132 462/1560/1132
f 484/1559/1133 485/1561/1133 1736/1518/1133 1735/1517/1133
f 485/1561/1134 486/1562/1134 1737/1521/1134 1736/1518/1134
f 486/1562/1135 487/1563/1135 1738/1523/1135 1737/1521/1135
f 462/1560/1136 1735/1517/1136 1739/1520/1136 461/1564/1136
f 461/1564/1137 1739/1520/1137 1743/1526/1137 460/1565/1137
f 460/1565/1138 1743/1526/1138 1762/1557/1138 459/1566/1138
f 41/1567/1139 455/1568/1139 1747/1529/1139 490/1569/1139
f 455/1568/1140 454/1570/1140 1748/1530/1140 1747/1529/1140
f 454/1570/1141 453/1571/1141 1749/1533/1141 1748/1530/1141
f 453/1571/1142 452/1572/1142 1750/1535/1142 1749/1533/1142
f 490/1569/1143 1747/1529/1143 1751/1532/1143 489/1573/1143
f 489/1573/1144 1751/1532/1144 1755/1538/1144 488/1574/1144
f 488/1574/1145 1755/1538/1145 1738/1554/1145 487/1575/1145
f 12/1576/1146 456/1577/1146 1759/1541/1146 449/1578/1146
f 456/1577/1147 457/1579/1147 1760/1542/1147 1759/1541/1147
f 457/1579/1148 458/1580/1148 1761/1545/1148 1760/1542/1148
f 458/1580/1149 459/1566/1149 1762/1547/1149 1761/1545/1149
f 449/1578/1150 1759/1541/1150 1763/1544/1150 450/1581/1150
f 450/1581/1151 1763/1544/1151 1767/1550/1151 451/1582/1151
f 451/1582/1152 1767/1550/1152 1750/1535/1152 452/1572/1152
f 1772/1583/1153 1773/1584/1153 1777/1585/1153 1776/1586/1153
f 1773/1584/1154 1774/1587/1154 1778/1588/1154 1777/1585/1154
f 1774/1587/1155 1775/1589/1155 1779/1590/1155 1778/1588/1155
f 1776/1586/1156 1777/1585/1156 1781/1591/1156 1780/1592/1156
f 1777/1585/1157 1778/1588/1157 1782/1593/1157 1781/1591/1157
f 1778/1588/1158 1779/1590/1158 1783/1594/1158 1782/1593/1158
f 1784/1595/1159 1785/1596/1159 1789/1597/1159 1788/1598/1159
f 1785/1596/1160 1786/1599/1160 1790/1600/1160 1789/1597/1160
f 1786/1599/1161 1787/1601/1161 1791/1602/1161 1790/1600/1161
f 1788/1598/1162 1789/1597/1162 1793/1603/1162 1792/1604/1162
f 1789/1597/1163 1790/1600/1163 1794/1605/1163 1793/1603/1163
f 1790/1600/1164 1791/1602/1164 1795/1606/1164 1794/1605/1164
f 1796/1607/1165 1797/1608/1165 1801/1609/1165 1800/1610/1165
f 1797/1608/1166 1798/1611/1166 1802/1612/1166 1801/1609/1166
f 1798/1611/1167 1799/1613/1167 1803/1614/1167 1802/1612/1167
f 1800/1610/1168 1801/1609/1168 1805/1615/1168 1804/1616/1168
f 1801/1609/1169 1802/1612/1169 1806/1617/1169 1805/1615/1169
f 1802/1612/1170 1803/1614/1170 1807/1618/1170 1806/1617/1170
f 1792/1604/1171 1793/1603/1171 1779/1590/1171 1775/1619/1171
f 1793/1603/1172 1794/1605/1172 1783/1594/1172 1779/1590/1172
f 1804/1616/1173 1805/1615/1173 1791/1620/1173 1787/1621/1173
f 1805/1615/1174 1806/1617/1174 1795/1606/1174 1791/1620/1174
f 1780/1592/1175 1781/1591/1175 1803/1622/1175 1799/1613/1175
f 1781/1591/1176 1782/1593/1176 1807/1618/1176 1803/1622/1176
f 1782/1593/1177 1783/1594/1177 1771/1623/1177 1807/1618/1177
f 1794/1605/1178 1795/1606/1178 1771/1623/1178 1783/1594/1178
f 1806/1617/1179 1807/1618/1179 1771/1623/1179 1795/1606/1179
f 42/1250/1180 491/1624/1180 1772/1583/1180 484/1625/1180
f 491/1624/1181 492/1626/1181 1773/1584/1181 1772/1583/1181
f 492/1626/1182 493/1627/1182 1774/1587/1182 1773/1584/1182
f 493/1627/1183 494/1628/1183 1775/1589/1183 1774/1587/1183
f 484/1625/1184 1772/1583/1184 1776/1586/1184 485/1629/1184
f 485/1629/1185 1776/1586/1185 1780/1592/1185 486/1630/1185
f 486/1630/1186 1780/1592/1186 1799/1613/1186 487/1563/1186
f 36/1242/1187 504/1631/1187 1784/1595/1187 497/1632/1187
f 504/1631/1188 503/1633/1188 1785/1596/1188 1784/1595/1188
f 503/1633/1189 502/1634/1189 1786/1599/1189 1785/1596/1189
f 502/1634/1190 501/1635/1190 1787/1601/1190 1786/1599/1190
f 497/1632/1191 1784/1595/1191 1788/1598/1191 496/1636/1191
f 496/1636/1192 1788/1598/1192 1792/1604/1192 495/1637/1192
f 495/1637/1193 1792/1604/1193 1775/1619/1193 494/1638/1193
f 41/1567/1194 490/1639/1194 1796/1607/1194 498/1640/1194
f 490/1639/1195 489/1641/1195 1797/1608/1195 1796/1607/1195
f 489/1641/1196 488/1642/1196 1798/1611/1196 1797/1608/1196
f 488/1642/1197 487/1643/1197 1799/1613/1197 1798/1611/1197
f 498/1640/1198 1796/1607/1198 1800/1610/1198 499/1644/1198
f 499/1644/1199 1800/1610/1199 1804/1616/1199 500/1645/1199
f 500/1645/1200 1804/1616/1200 1787/1621/1200 501/1646/1200
f 1809/1647/1201 1810/1648/1201 1814/1649/1201 1813/1650/1201
f 1810/1648/1202 1811/1651/1202 1815/1652/1202 1814/1649/1202
f 1811/1651/1203 1812/1653/1203 1816/1654/1203 1815/1652/1203
f 1813/1650/1204 1814/1649/1204 1818/1655/1204 1817/1656/1204
f 1814/1649/1205 1815/1652/1205 1819/1657/1205 1818/1655/1205
f 1815/1652/1206 1816/1654/1206 1820/1658/1206 1819/1657/1206
f 1821/1659/1207 1822/1660/1207 1826/1661/1207 1825/1662/1207
f 1822/1660/1208 1823/1663/1208 1827/1664/1208 1826/1661/1208
f 1823/1663/1209 1824/1665/1209 1828/1666/1209 1827/1664/1209
f 1825/1662/1210 1826/1661/1210 1830/1667/1210 1829/1668/1210
f 1826/1661/1211 1827/1664/1211 1831/1669/1211 1830/1667/1211
f 1827/1664/1212 1828/1666/1212 1832/1670/1212 1831/1669/1212
f 1833/1671/1213 1834/1672/1213 1838/1673/1213 1837/1674/1213
f 1834/1672/1214 1835/1675/1214 1839/1676/1214 1838/1673/1214
f 1835/1675/1215 1836/1677/1215 1840/1678/1215 1839/1676/1215
f 1837/1674/1216 1838/1673/1216 1842/1679/1216 1841/1680/1216
f 1838/1673/1217 1839/1676/1217 1843/1681/1217 1842/1679/1217
f 1839/1676/1218 1840/1678/1218 1844/1682/1218 1843/1681/1218
f 1829/1668/1219 1830/1667/1219 1816/1654/1219 1812/1683/1219
f 1830/1667/1220 1831/1669/1220 1820/1658/1220 1816/1654/1220
f 1841/1680/1221 1842/1679/1221 1828/1684/1221 1824/1685/1221
f 1842/1679/1222 1843/1681/1222 1832/1670/1222 1828/1684/1222
f 1817/1656/1223 1818/1655/1223 1840/1678/1223 1836/1686/1223
f 1818/1655/1224 1819/1657/1224 1844/1682/1224 1840/1678/1224
f 1819/1657/1225 1820/1658/1225 1808/1687/1225 1844/1682/1225
f 1831/1669/1226 1832/1670/1226 1808/1687/1226 1820/1658/1226
f 1843/1681/1227 1844/1682/1227 1808/1687/1227 1832/1670/1227
f 36/1242/1228 420/1688/1228 1809/1647/1228 504/1631/1228
f 420/1688/1229 419/1689/1229 1810/1648/1229 1809/1647/1229
f 419/1689/1230 418/1690/1230 1811/1651/1230 1810/1648/1230
f 418/1690/1231 417/1691/1231 1812/1653/1231 1811/1651/1231
f 504/1631/1232 1809/1647/1232 1813/1650/1232 503/1633/1232
f 503/1633/1233 1813/1650/1233 1817/1656/1233 502/1634/1233
f 502/1634/1234 1817/1656/1234 1836/1686/1234 501/1635/1234
f 9/1163/1235 245/1692/1235 1821/1659/1235 414/1693/1235
f 245/1692/1236 244/1694/1236 1822/1660/1236 1821/1659/1236
f 244/1694/1237 243/1695/1237 1823/1663/1237 1822/1660/1237
f 243/1695/1238 242/1696/1238 1824/1665/1238 1823/1663/1238
f 414/1693/1239 1821/1659/1239 1825/1662/1239 415/1697/1239
f 415/1697/1240 1825/1662/1240 1829/1668/1240 416/1698/1240
f 416/1698/1241 1829/1668/1241 1812/1683/1241 417/1691/1241
f 41/1567/1242 498/1699/1242 1833/1671/1242 239/1700/1242
f 498/1699/1243 499/1701/1243 1834/1672/1243 1833/1671/1243
f 499/1701/1244 500/1645/1244 1835/1675/1244 1834/1672/1244
f 500/1645/1245 501/1646/1245 1836/1677/1245 1835/1675/1245
f 239/1700/1246 1833/1671/1246 1837/1674/1246 240/1702/1246
f 240/1702/1247 1837/1674/1247 1841/1680/1247 241/1703/1247
f 241/1703/1248 1841/1680/1248 1824/1685/1248 242/1704/1248
f 1846/1705/1249 1847/1706/1249 1851/1707/1249 1850/1708/1249
f 1847/1706/1250 1848/1709/1250 1852/1710/1250 1851/1707/1250
f 1848/1709/1251 1849/1711/1251 1853/1712/1251 1852/1710/1251
f 1850/1708/1252 1851/1707/1252 1855/1713/1252 1854/1714/1252
f 1851/1707/1253 1852/1710/1253 1856/1715/1253 1855/1713/1253
f 1852/1710/1254 1853/1712/1254 1857/1716/1254 1856/1715/1254
f 1858/1717/1255 1859/1718/1255 1863/1719/1255 1862/1720/1255
f 1859/1718/1256 1860/1721/1256 1864/1722/1256 1863/1719/1256
f 1860/1721/1257 1861/1723/1257 1865/1724/1257 1864/1722/1257
f 1862/1720/1258 1863/1719/1258 1867/1725/1258 1866/1726/1258
f 1863/1719/1259 1864/1722/1259 1868/1727/1259 1867/1725/1259
f 1864/1722/1260 1865/1724/1260 1869/1728/1260 1868/1727/1260
f 1870/1729/1261 1871/1730/1261 1875/1731/1261 1874/1732/1261
f 1871/1730/1262 1872/1733/1262 1876/1734/1262 1875/1731/1262
f 1872/1733/1263 1873/1735/1263 1877/1736/1263 1876/1734/1263
f 1874/1732/1264 1875/1731/1264 1879/1737/1264 1878/1738/1264
f 1875/1731/1265 1876/1734/1265 1880/1739/1265 1879/1737/1265
f 1876/1734/1266 1877/1736/1266 1881/1740/1266 1880/1739/1266
f 1866/1726/1267 1867/1725/1267 1853/1741/1267 1849/1742/1267
f 1867/1725/1268 1868/1727/1268 1857/1716/1268 1853/1741/1268
f 1878/1738/1269 1879/1737/1269 1865/1743/1269 1861/1744/1269
f 1879/1737/1270 1880/1739/1270 1869/1728/1270 1865/1743/1270
f 1854/1714/1271 1855/1713/1271 1877/1745/1271 1873/1746/1271
f 1855/1713/1272 1856/1715/1272 1881/1740/1272 1877/1745/1272
f 1856/1715/1273 1857/1716/1273 1845/1747/1273 1881/1740/1273
f 1868/1727/1274 1869/1728/1274 1845/1747/1274 1857/1716/1274
f 1880/1739/1275 1881/1740/1275 1845/1747/1275 1869/1728/1275
f 41/1181/1276 505/1748/1276 1846/1705/1276 455/1749/1276
f 505/1748/1277 506/1750/1277 1847/1706/1277 1846/1705/1277
f 506/1750/1278 507/1751/1278 1848/1709/1278 1847/1706/1278
f 507/1751/1279 508/1752/1279 1849/1711/1279 1848/1709/1279
f 455/1749/1280 1846/1705/1280 1850/1708/1280 454/1753/1280
f 454/1753/1281 1850/1708/1281 1854/1714/1281 453/1754/1281
f 453/1754/1282 1854/1714/1282 1873/1746/1282 452/1755/1282
f 40/1756/1283 448/1757/1283 1858/1717/1283 511/1758/1283
f 448/1757/1284 447/1759/1284 1859/1718/1284 1858/1717/1284
f 447/1759/1285 446/1760/1285 1860/1721/1285 1859/1718/1285
f 446/1760/1286 445/1761/1286 1861/1723/1286 1860/1721/1286
f 511/1758/1287 1858/1717/1287 1862/1720/1287 510/1762/1287
f 510/1762/1288 1862/1720/1288 1866/1726/1288 509/1763/1288
f 509/1763/1289 1866/1726/1289 1849/1742/1289 508/1752/1289
f 12/1764/1290 449/1765/1290 1870/1729/1290 442/1766/1290
f 449/1765/1291 450/1767/1291 1871/1730/1291 1870/1729/1291
f 450/1767/1292 451/1768/1292 1872/1733/1292 1871/1730/1292
f 451/1768/1293 452/1755/1293 1873/1735/1293 1872/1733/1293
f 442/1766/1294 1870/1729/1294 1874/1732/1294 443/1769/1294
f 443/1769/1295 1874/1732/1295 1878/1738/1295 444/1770/1295
f 444/1770/1296 1878/1738/1296 1861/1744/1296 445/1761/1296
f 1883/1771/1297 1884/1772/1297 1888/1773/1297 1887/1774/1297
f 1884/1772/1298 1885/1775/1298 1889/1776/1298 1888/1773/1298
f 1885/1775/1299 1886/1777/1299 1890/1778/1299 1889/1776/1299
f 1887/1774/1300 1888/1773/1300 1892/1779/1300 1891/1780/1300
f 1888/1773/1301 1889/1776/1301 1893/1781/1301 1892/1779/1301
f 1889/1776/1302 1890/1778/1302 1894/1782/1302 1893/1781/1302
f 1895/1783/1303 1896/1784/1303 1900/1785/1303 1899/1786/1303
f 1896/1784/1304 1897/1787/1304 1901/1788/1304 1900/1785/1304
f 1897/1787/1305 1898/1789/1305 1902/1790/1305 1901/1788/1305
f 1899/1786/1306 1900/1785/1306 1904/1791/1306 1903/1792/1306
f 1900/1785/1307 1901/1788/1307 1905/1793/1307 1904/1791/1307
f 1901/1788/1308 1902/1790/1308 1906/1794/1308 1905/1793/1308
f 1907/1795/1309 1908/1796/1309 1912/1797/1309 1911/1798/1309
f 1908/1796/1310 1909/1799/1310 1913/1800/1310 1912/1797/1310
f 1909/1799/1311 1910/1801/1311 1914/1802/1311 1913/1800/1311
f 1911/1798/1312 1912/1797/1312 1916/1803/1312 1915/1804/1312
f 1912/1797/1313 1913/1800/1313 1917/1805/1313 1916/1803/1313
f 1913/1800/1314 1914/1802/1314 1918/1806/1314 1917/1805/1314
f 1903/1792/1315 1904/1791/1315 1890/1807/1315 1886/1808/1315
f 1904/1791/1316 1905/1793/1316 1894/1782/1316 1890/1807/1316
f 1915/1804/1317 1916/1803/1317 1902/1809/1317 1898/1810/1317
f 1916/1803/1318 1917/1805/1318 1906/1794/1318 1902/1809/1318
f 1891/1780/1319 1892/1779/1319 1914/1802/1319 1910/1811/1319
f 1892/1779/1320 1893/1781/1320 1918/1806/1320 1914/1802/1320
f 1893/1781/1321 1894/1782/1321 1882/1812/1321 1918/1806/1321
f 1905/1793/1322 1906/1794/1322 1882/1812/1322 1894/1782/1322
f 1917/1805/1323 1918/1806/1323 1882/1812/1323 1906/1794/1323
f 41/1181/1324 512/1813/1324 1883/1771/1324 505/1814/1324
f 512/1813/1325 513/1187/1325 1884/1772/1325 1883/1771/1325
f 513/1187/1326 514/1815/1326 1885/1775/1326 1884/1772/1326
f 514/1815/1327 515/1816/1327 1886/1777/1327 1885/1775/1327
f 505/1814/1328 1883/1771/1328 1887/1774/1328 506/1817/1328
f 506/1817/1329 1887/1774/1329 1891/1780/1329 507/1751/1329
f 507/1751/1330 1891/1780/1330 1910/1811/1330 508/1818/1330
f 35/1172/1331 525/1819/1331 1895/1783/1331 518/1820/1331
f 525/1819/1332 524/1821/1332 1896/1784/1332 1895/1783/1332
f 524/1821/1333 523/1822/1333 1897/1787/1333 1896/1784/1333
f 523/1822/1334 522/1823/1334 1898/1789/1334 1897/1787/1334
f 518/1820/1335 1895/1783/1335 1899/1786/1335 517/1175/1335
f 517/1175/1336 1899/1786/1336 1903/1792/1336 516/1824/1336
f 516/1824/1337 1903/1792/1337 1886/1808/1337 515/1825/1337
f 40/1756/1338 511/1826/1338 1907/1795/1338 519/1827/1338
f 511/1826/1339 510/1828/1339 1908/1796/1339 1907/1795/1339
f 510/1828/1340 509/1829/1340 1909/1799/1340 1908/1796/1340
f 509/1829/1341 508/1830/1341 1910/1801/1341 1909/1799/1341
f 519/1827/1342 1907/1795/1342 1911/1798/1342 520/1831/1342
f 520/1831/1343 1911/1798/1343 1915/1804/1343 521/1832/1343
f 521/1832/1344 1915/1804/1344 1898/1810/1344 522/1833/1344
f 1920/1834/1345 1921/1835/1345 1925/1836/1345 1924/1837/1345
f 1921/1835/1346 1922/1838/1346 1926/1839/1346 1925/1836/1346
f 1922/1838/1347 1923/1840/1347 1927/1841/1347 1926/1839/1347
f 1924/1837/1348 1925/1836/1348 1929/1842/1348 1928/1843/1348
f 1925/1836/1349 1926/1839/1349 1930/1844/1349 1929/1842/1349
f 1926/1839/1350 1927/1841/1350 1931/1845/1350 1930/1844/1350
f 1932/1846/1351 1933/1847/1351 1937/1848/1351 1936/1849/1351
f 1933/1847/1352 1934/1850/1352 1938/1851/1352 1937/1848/1352
f 1934/1850/1353 1935/1852/1353 1939/1853/1353 1938/1851/1353
f 1936/1849/1354 1937/1848/1354 1941/1854/1354 1940/1855/1354
f 1937/1848/1355 1938/1851/1355 1942/1856/1355 1941/1854/1355
f 1938/1851/1356 1939/1853/1356 1943/1857/1356 1942/1856/1356
f 1944/1858/1357 1945/1859/1357 1949/1860/1357 1948/1861/1357
f 1945/1859/1358 1946/1862/1358 1950/1863/1358 1949/1860/1358
f 1946/1862/1359 1947/1864/1359 1951/1865/1359 1950/1863/1359
f 1948/1861/1360 1949/1860/1360 1953/1866/1360 1952/1867/1360
f 1949/1860/1361 1950/1863/1361 1954/1868/1361 1953/1866/1361
f 1950/1863/1362 1951/1865/1362 1955/1869/1362 1954/1868/1362
f 1940/1855/1363 1941/1854/1363 1927/1841/1363 1923/1840/1363
f 1941/1854/1364 1942/1856/1364 1931/1845/1364 1927/1841/1364
f 1952/1867/1365 1953/1866/1365 1939/1870/1365 1935/1871/1365
f 1953/1866/1366 1954/1868/1366 1943/1857/1366 1939/1870/1366
f 1928/1843/1367 1929/1842/1367 1951/1872/1367 1947/1864/1367
f 1929/1842/1368 1930/1844/1368 1955/1869/1368 1951/1872/1368
f 1930/1844/1369 1931/1845/1369 1919/1873/1369 1955/1869/1369
f 1942/1856/1370 1943/1857/1370 1919/1873/1370 1931/1845/1370
f 1954/1868/1371 1955/1869/1371 1919/1873/1371 1943/1857/1371
f 35/1172/1372 413/1874/1372 1920/1834/1372 525/1875/1372
f 413/1874/1373 412/1876/1373 1921/1835/1373 1920/1834/1373
f 412/1876/1374 411/1877/1374 1922/1838/1374 1921/1835/1374
f 411/1877/1375 410/1878/1375 1923/1840/1375 1922/1838/1375
f 525/1875/1376 1920/1834/1376 1924/1837/1376 524/1879/1376
f 524/1879/1377 1924/1837/1377 1928/1843/1377 523/1880/1377
f 523/1880/1378 1928/1843/1378 1947/1864/1378 522/1881/1378
f 8/1882/1379 238/1883/1379 1932/1846/1379 407/1884/1379
f 238/1883/1380 237/1885/1380 1933/1847/1380 1932/1846/1380
f 237/1885/1381 236/1886/1381 1934/1850/1381 1933/1847/1381
f 236/1886/1382 235/1887/1382 1935/1852/1382 1934/1850/1382
f 407/1884/1383 1932/1846/1383 1936/1849/1383 408/1888/1383
f 408/1888/1384 1936/1849/1384 1940/1855/1384 409/1889/1384
f 409/1889/1385 1940/1855/1385 1923/1840/1385 410/1878/1385
f 40/1756/1386 519/1890/1386 1944/1858/1386 232/1891/1386
f 519/1890/1387 520/1892/1387 1945/1859/1387 1944/1858/1387
f 520/1892/1388 521/1832/1388 1946/1862/1388 1945/1859/1388
f 521/1832/1389 522/1893/1389 1947/1864/1389 1946/1862/1389
f 232/1891/1390 1944/1858/1390 1948/1861/1390 233/1894/1390
f 233/1894/1391 1948/1861/1391 1952/1867/1391 234/1895/1391
f 234/1895/1392 1952/1867/1392 1935/1871/1392 235/1896/1392
f 1957/1897/1393 1958/1898/1393 1962/1899/1393 1961/1900/1393
f 1958/1898/1394 1959/1901/1394 1963/1902/1394 1962/1899/1394
f 1959/1901/1395 1960/1903/1395 1964/1904/1395 1963/1902/1395
f 1961/1900/1396 1962/1899/1396 1966/1905/1396 1965/1906/1396
f 1962/1899/1397 1963/1902/1397 1967/1907/1397 1966/1905/1397
f 1963/1902/1398 1964/1904/1398 1968/1908/1398 1967/1907/1398
f 1969/1909/1399 1970/1910/1399 1974/1911/1399 1973/1912/1399
f 1970/1910/1400 1971/1913/1400 1975/1914/1400 1974/1911/1400
f 1971/1913/1401 1972/1915/1401 1976/1916/1401 1975/1914/1401
f 1973/1912/1402 1974/1911/1402 1978/1917/1402 1977/1918/1402
f 1974/1911/1403 1975/1914/1403 1979/1919/1403 1978/1917/1403
f 1975/1914/1404 1976/1916/1404 1980/1920/1404 1979/1919/1404
f 1981/1921/1405 1982/1922/1405 1986/1923/1405 1985/1924/1405
f 1982/1922/1406 1983/1925/1406 1987/1926/1406 1986/1923/1406
f 1983/1925/1407 1984/1927/1407 1988/1928/1407 1987/1926/1407
f 1985/1924/1408 1986/1923/1408 1990/1929/1408 1989/1930/1408
f 1986/1923/1409 1987/1926/1409 1991/1931/1409 1990/1929/1409
f 1987/1926/1410 1988/1928/1410 1992/1932/1410 1991/1931/1410
f 1977/1918/1411 1978/1917/1411 1964/1933/1411 1960/1934/1411
f 1978/1917/1412 1979/1919/1412 1968/1908/1412 1964/1933/1412
f 1989/1930/1413 1990/1929/1413 1976/1935/1413 1972/1936/1413
f 1990/1929/1414 1991/1931/1414 1980/1920/1414 1976/1935/1414
f 1965/1906/1415 1966/1905/1415 1988/1937/1415 1984/1938/1415
f 1966/1905/1416 1967/1907/1416 1992/1932/1416 1988/1937/1416
f 1967/1907/1417 1968/1908/1417 1956/1939/1417 1992/1932/1417
f 1979/1919/1418 1980/1920/1418 1956/1939/1418 1968/1908/1418
f 1991/1931/1419 1992/1932/1419 1956/1939/1419 1980/1920/1419
f 40/1112/1420 526/1940/1420 1957/1897/1420 448/1941/1420
f 526/1940/1421 527/1942/1421 1958/1898/1421 1957/1897/1421
f 527/1942/1422 528/1943/1422 1959/1901/1422 1958/1898/1422
f 528/1943/1423 529/1944/1423 1960/1903/1423 1959/1901/1423
f 448/1941/1424 1957/1897/1424 1961/1900/1424 447/1945/1424
f 447/1945/1425 1961/1900/1425 1965/1906/1425 446/1946/1425
f 446/1946/1426 1965/1906/1426 1984/1938/1426 445/1947/1426
f 38/1948/1427 434/1949/1427 1969/1909/1427 532/1950/1427
f 434/1949/1428 433/1951/1428 1970/1910/1428 1969/1909/1428
f 433/1951/1429 432/1952/1429 1971/1913/1429 1970/1910/1429
f 432/1952/1430 431/1953/1430 1972/1915/1430 1971/1913/1430
f 532/1950/1431 1969/1909/1431 1973/1912/1431 531/1954/1431
f 531/1954/1432 1973/1912/1432 1977/1918/1432 530/1955/1432
f 530/1955/1433 1977/1918/1433 1960/1934/1433 529/1944/1433
f 12/1956/1434 442/1957/1434 1981/1921/1434 428/1958/1434
f 442/1957/1435 443/1959/1435 1982/1922/1435 1981/1921/1435
f 443/1959/1436 444/1960/1436 1983/1925/1436 1982/1922/1436
f 444/1960/1437 445/1947/1437 1984/1927/1437 1983/1925/1437
f 428/1958/1438 1981/1921/1438 1985/1924/1438 429/1961/1438
f 429/1961/1439 1985/1924/1439 1989/1930/1439 430/1962/1439
f 430/1962/1440 1989/1930/1440 1972/1936/1440 431/1963/1440
f 1994/1964/1441 1995/1965/1441 1999/1966/1441 1998/1967/1441
f 1995/1965/1442 1996/1968/1442 2000/1969/1442 1999/1966/1442
f 1996/1968/1443 1997/1970/1443 2001/1971/1443 2000/1969/1443
f 1998/1967/1444 1999/1966/1444 2003/1972/1444 2002/1973/1444
f 1999/1966/1445 2000/1969/1445 2004/1974/1445 2003/1972/1445
f 2000/1969/1446 2001/1971/1446 2005/1975/1446 2004/1974/1446
f 2006/1976/1447 2007/1977/1447 2011/1978/1447 2010/1979/1447
f 2007/1977/1448 2008/1980/1448 2012/1981/1448 2011/1978/1448
f 2008/1980/1449 2009/1982/1449 2013/1983/1449 2012/1981/1449
f 2010/1979/1450 2011/1978/1450 2015/1984/1450 2014/1985/1450
f 2011/1978/1451 2012/1981/1451 2016/1986/1451 2015/1984/1451
f 2012/1981/1452 2013/1983/1452 2017/1987/1452 2016/1986/1452
f 2018/1988/1453 2019/1989/1453 2023/1990/1453 2022/1991/1453
f 2019/1989/1454 2020/1992/1454 2024/1993/1454 2023/1990/1454
f 2020/1992/1455 2021/1994/1455 2025/1995/1455 2024/1993/1455
f 2022/1991/1456 2023/1990/1456 2027/1996/1456 2026/1997/1456
f 2023/1990/1457 2024/1993/1457 2028/1998/1457 2027/1996/1457
f 2024/1993/1458 2025/1995/1458 2029/1999/1458 2028/1998/1458
f 2014/1985/1459 2015/1984/1459 2001/1971/1459 1997/2000/1459
f 2015/1984/1460 2016/1986/1460 2005/1975/1460 2001/1971/1460
f 2026/1997/1461 2027/1996/1461 2013/2001/1461 2009/2002/1461
f 2027/1996/1462 2028/1998/1462 2017/1987/1462 2013/2001/1462
f 2002/1973/1463 2003/1972/1463 2025/1995/1463 2021/1994/1463
f 2003/1972/1464 2004/1974/1464 2029/1999/1464 2025/1995/1464
f 2004/1974/1465 2005/1975/1465 1993/2003/1465 2029/1999/1465
f 2016/1986/1466 2017/1987/1466 1993/2003/1466 2005/1975/1466
f 2028/1998/1467 2029/1999/1467 1993/2003/1467 2017/1987/1467
f 40/1112/1468 533/2004/1468 1994/1964/1468 526/2005/1468
f 533/2004/1469 534/1118/1469 1995/1965/1469 1994/1964/1469
f 534/1118/1470 535/2006/1470 1996/1968/1470 1995/1965/1470
f 535/2006/1471 536/2007/1471 1997/1970/1471 1996/1968/1471
f 526/2005/1472 1994/1964/1472 1998/1967/1472 527/2008/1472
f 527/2008/1473 1998/1967/1473 2002/1973/1473 528/1943/1473
f 528/1943/1474 2002/1973/1474 2021/1994/1474 529/1944/1474
f 34/1104/1475 546/2009/1475 2006/1976/1475 539/2010/1475
f 546/2009/1476 545/2011/1476 2007/1977/1476 2006/1976/1476
f 545/2011/1477 544/2012/1477 2008/1980/1477 2007/1977/1477
f 544/2012/1478 543/2013/1478 2009/1982/1478 2008/1980/1478
f 539/2010/1479 2006/1976/1479 2010/1979/1479 538/2014/1479
f 538/2014/1480 2010/1979/1480 2014/1985/1480 537/2015/1480
f 537/2015/1481 2014/1985/1481 1997/2000/1481 536/2016/1481
f 38/1948/1482 532/2017/1482 2018/1988/1482 540/2018/1482
f 532/2017/1483 531/2019/1483 2019/1989/1483 2018/1988/1483
f 531/2019/1484 530/2020/1484 2020/1992/1484 2019/1989/1484
f 530/2020/1485 529/2021/1485 2021/1994/1485 2020/1992/1485
f 540/2018/1486 2018/1988/1486 2022/1991/1486 541/2022/1486
f 541/2022/1487 2022/1991/1487 2026/1997/1487 542/2023/1487
f 542/2023/1488 2026/1997/1488 2009/2002/1488 543/2024/1488
f 2031/2025/1489 2032/2026/1489 2036/2027/1489 2035/2028/1489
f 2032/2026/1490 2033/2029/1490 2037/2030/1490 2036/2027/1490
f 2033/2029/1491 2034/2031/1491 2038/2032/1491 2037/2030/1491
f 2035/2028/1492 2036/2027/1492 2040/2033/1492 2039/2034/1492
f 2036/2027/1493 2037/2030/1493 2041/2035/1493 2040/2033/1493
f 2037/2030/1494 2038/2032/1494 2042/2036/1494 2041/2035/1494
f 2043/2037/1495 2044/2038/1495 2048/2039/1495 2047/2040/1495
f 2044/2038/1496 2045/2041/1496 2049/2042/1496 2048/2039/1496
f 2045/2041/1497 2046/2043/1497 2050/2044/1497 2049/2042/1497
f 2047/2040/1498 2048/2039/1498 2052/2045/1498 2051/2046/1498
f 2048/2039/1499 2049/2042/1499 2053/2047/1499 2052/2045/1499
f 2049/2042/1500 2050/2044/1500 2054/2048/1500 2053/2047/1500
f 2055/2049/1501 2056/2050/1501 2060/2051/1501 2059/2052/1501
f 2056/2050/1502 2057/2053/1502 2061/2054/1502 2060/2051/1502
f 2057/2053/1503 2058/2055/1503 2062/2056/1503 2061/2054/1503
f 2059/2052/1504 2060/2051/1504 2064/2057/1504 2063/2058/1504
f 2060/2051/1505 2061/2054/1505 2065/2059/1505 2064/2057/1505
f 2061/2054/1506 2062/2056/1506 2066/2060/1506 2065/2059/1506
f 2051/2046/1507 2052/2045/1507 2038/2061/1507 2034/2031/1507
f 2052/2045/1508 2053/2047/1508 2042/2036/1508 2038/2061/1508
f 2063/2058/1509 2064/2057/1509 2050/2062/1509 2046/2063/1509
f 2064/2057/1510 2065/2059/1510 2054/2048/1510 2050/2062/1510
f 2039/2034/1511 2040/2033/1511 2062/2056/1511 2058/2064/1511
f 2040/2033/1512 2041/2035/1512 2066/2060/1512 2062/2056/1512
f 2041/2035/1513 2042/2036/1513 2030/2065/1513 2066/2060/1513
f 2053/2047/1514 2054/2048/1514 2030/2065/1514 2042/2036/1514
f 2065/2059/1515 2066/2060/1515 2030/2065/1515 2054/2048/1515
f 34/1104/1516 406/2066/1516 2031/2025/1516 546/2067/1516
f 406/2066/1517 405/2068/1517 2032/2026/1517 2031/2025/1517
f 405/2068/1518 404/2069/1518 2033/2029/1518 2032/2026/1518
f 404/2069/1519 403/2070/1519 2034/2031/1519 2033/2029/1519
f 546/2067/1520 2031/2025/1520 2035/2028/1520 545/2071/1520
f 545/2071/1521 2035/2028/1521 2039/2034/1521 544/2012/1521
f 544/2012/1522 2039/2034/1522 2058/2064/1522 543/2072/1522
f 7/1027/1523 224/2073/1523 2043/2037/1523 400/2074/1523
f 224/2073/1524 223/2075/1524 2044/2038/1524 2043/2037/1524
f 223/2075/1525 222/2076/1525 2045/2041/1525 2044/2038/1525
f 222/2076/1526 221/2077/1526 2046/2043/1526 2045/2041/1526
f 400/2074/1527 2043/2037/1527 2047/2040/1527 401/2078/1527
f 401/2078/1528 2047/2040/1528 2051/2046/1528 402/2079/1528
f 402/2079/1529 2051/2046/1529 2034/2031/1529 403/2080/1529
f 38/1948/1530 540/2081/1530 2055/2049/1530 218/2082/1530
f 540/2081/1531 541/2083/1531 2056/2050/1531 2055/2049/1531
f 541/2083/1532 542/2084/1532 2057/2053/1532 2056/2050/1532
f 542/2084/1533 543/2085/1533 2058/2055/1533 2057/2053/1533
f 218/2082/1534 2055/2049/1534 2059/2052/1534 219/2086/1534
f 219/2086/1535 2059/2052/1535 2063/2058/1535 220/2087/1535
f 220/2087/1536 2063/2058/1536 2046/2063/1536 221/2088/1536
f 2068/2089/1537 2069/2090/1537 2073/2091/1537 2072/2092/1537
f 2069/2090/1538 2070/2093/1538 2074/2094/1538 2073/2091/1538
f 2070/2093/1539 2071/2095/1539 2075/2096/1539 2074/2094/1539
f 2072/2092/1540 2073/2091/1540 2077/2097/1540 2076/2098/1540
f 2073/2091/1541 2074/2094/1541 2078/2099/1541 2077/2097/1541
f 2074/2094/1542 2075/2096/1542 2079/2100/1542 2078/2099/1542
f 2080/2101/1543 2081/2102/1543 2085/2103/1543 2084/2104/1543
f 2081/2102/1544 2082/2105/1544 2086/2106/1544 2085/2103/1544
f 2082/2105/1545 2083/2107/1545 2087/2108/1545 2086/2106/1545
f 2084/2104/1546 2085/2103/1546 2089/2109/1546 2088/2110/1546
f 2085/2103/1547 2086/2106/1547 2090/2111/1547 2089/2109/1547
f 2086/2106/1548 2087/2108/1548 2091/2112/1548 2090/2111/1548
f 2092/2113/1549 2093/2114/1549 2097/2115/1549 2096/2116/1549
f 2093/2114/1550 2094/2117/1550 2098/2118/1550 2097/2115/1550
f 2094/2117/1551 2095/2119/1551 2099/2120/1551 2098/2118/1551
f 2096/2116/1552 2097/2115/1552 2101/2121/1552 2100/2122/1552
f 2097/2115/1553 2098/2118/1553 2102/2123/1553 2101/2121/1553
f 2098/2118/1554 2099/2120/1554 2103/2124/1554 2102/2123/1554
f 2088/2110/1555 2089/2109/1555 2075/2125/1555 2071/2126/1555
f 2089/2109/1556 2090/2111/1556 2079/2100/1556 2075/2125/1556
f 2100/2122/1557 2101/2121/1557 2087/2127/1557 2083/2128/1557
f 2101/2121/1558 2102/2123/1558 2091/2112/1558 2087/2127/1558
f 2076/2098/1559 2077/2097/1559 2099/2129/1559 2095/2119/1559
f 2077/2097/1560 2078/2099/1560 2103/2124/1560 2099/2129/1560
f 2078/2099/1561 2079/2100/1561 2067/2130/1561 2103/2124/1561
f 2090/2111/1562 2091/2112/1562 2067/2130/1562 2079/2100/1562
f 2102/2123/1563 2103/2124/1563 2067/2130/1563 2091/2112/1563
f 38/1045/1564 547/2131/1564 2068/2089/1564 434/2132/1564
f 547/2131/1565 548/2133/1565 2069/2090/1565 2068/2089/1565
f 548/2133/1566 549/2134/1566 2070/2093/1566 2069/2090/1566
f 549/2134/1567 550/2135/1567 2071/2095/1567 2070/2093/1567
f 434/2132/1568 2068/2089/1568 2072/2092/1568 433/2136/1568
f 433/2136/1569 2072/2092/1569 2076/2098/1569 432/2137/1569
f 432/2137/1570 2076/2098/1570 2095/2119/1570 431/2138/1570
f 39/2139/1571 225/2140/1571 2080/2101/1571 553/2141/1571
f 225/2140/1572 226/2142/1572 2081/2102/1572 2080/2101/1572
f 226/2142/1573 227/2143/1573 2082/2105/1573 2081/2102/1573
f 227/2143/1574 228/2144/1574 2083/2107/1574 2082/2105/1574
f 553/2141/1575 2080/2101/1575 2084/2104/1575 552/2145/1575
f 552/2145/1576 2084/2104/1576 2088/2110/1576 551/2146/1576
f 551/2146/1577 2088/2110/1577 2071/2126/1577 550/2135/1577
f 12/2147/1578 428/2148/1578 2092/2113/1578 231/2149/1578
f 428/2148/1579 429/2150/1579 2093/2114/1579 2092/2113/1579
f 429/2150/1580 430/2151/1580 2094/2117/1580 2093/2114/1580
f 430/2151/1581 431/2138/1581 2095/2119/1581 2094/2117/1581
f 231/2149/1582 2092/2113/1582 2096/2116/1582 230/2152/1582
f 230/2152/1583 2096/2116/1583 2100/2122/1583 229/2153/1583
f 229/2153/1584 2100/2122/1584 2083/2128/1584 228/2144/1584
f 2105/2154/1585 2106/2155/1585 2110/2156/1585 2109/2157/1585
f 2106/2155/1586 2107/2158/1586 2111/2159/1586 2110/2156/1586
f 2107/2158/1587 2108/2160/1587 2112/2161/1587 2111/2159/1587
f 2109/2157/1588 2110/2156/1588 2114/2162/1588 2113/2163/1588
f 2110/2156/1589 2111/2159/1589 2115/2164/1589 2114/2162/1589
f 2111/2159/1590 2112/2161/1590 2116/2165/1590 2115/2164/1590
f 2117/2166/1591 2118/2167/1591 2122/2168/1591 2121/2169/1591
f 2118/2167/1592 2119/2170/1592 2123/2171/1592 2122/2168/1592
f 2119/2170/1593 2120/2172/1593 2124/2173/1593 2123/2171/1593
f 2121/2169/1594 2122/2168/1594 2126/2174/1594 2125/2175/1594
f 2122/2168/1595 2123/2171/1595 2127/2176/1595 2126/2174/1595
f 2123/2171/1596 2124/2173/1596 2128/2177/1596 2127/2176/1596
f 2129/2178/1597 2130/2179/1597 2134/2180/1597 2133/2181/1597
f 2130/2179/1598 2131/2182/1598 2135/2183/1598 2134/2180/1598
f 2131/2182/1599 2132/2184/1599 2136/2185/1599 2135/2183/1599
f 2133/2181/1600 2134/2180/1600 2138/2186/1600 2137/2187/1600
f 2134/2180/1601 2135/2183/1601 2139/2188/1601 2138/2186/1601
f 2135/2183/1602 2136/2185/1602 2140/2189/1602 2139/2188/1602
f 2125/2175/1603 2126/2174/1603 2112/2161/1603 2108/2190/1603
f 2126/2174/1604 2127/2176/1604 2116/2165/1604 2112/2161/1604
f 2137/2187/1605 2138/2186/1605 2124/2191/1605 2120/2192/1605
f 2138/2186/1606 2139/2188/1606 2128/2177/1606 2124/2191/1606
f 2113/2163/1607 2114/2162/1607 2136/2193/1607 2132/2184/1607
f 2114/2162/1608 2115/2164/1608 2140/2189/1608 2136/2193/1608
f 2115/2164/1609 2116/2165/1609 2104/2194/1609 2140/2189/1609
f 2127/2176/1610 2128/2177/1610 2104/2194/1610 2116/2165/1610
f 2139/2188/1611 2140/2189/1611 2104/2194/1611 2128/2177/1611
f 38/1045/1612 554/2195/1612 2105/2154/1612 547/2196/1612
f 554/2195/1613 555/1051/1613 2106/2155/1613 2105/2154/1613
f 555/1051/1614 556/2197/1614 2107/2158/1614 2106/2155/1614
f 556/2197/1615 557/1041/1615 2108/2160/1615 2107/2158/1615
f 547/2196/1616 2105/2154/1616 2109/2157/1616 548/2198/1616
f 548/2198/1617 2109/2157/1617 2113/2163/1617 549/2199/1617
f 549/2199/1618 2113/2163/1618 2132/2184/1618 550/2135/1618
f 33/1036/1619 567/2200/1619 2117/2166/1619 560/2201/1619
f 567/2200/1620 566/2202/1620 2118/2167/1620 2117/2166/1620
f 566/2202/1621 565/2203/1621 2119/2170/1621 2118/2167/1621
f 565/2203/1622 564/2204/1622 2120/2172/1622 2119/2170/1622
f 560/2201/1623 2117/2166/1623 2121/2169/1623 559/1039/1623
f 559/1039/1624 2121/2169/1624 2125/2175/1624 558/2205/1624
f 558/2205/1625 2125/2175/1625 2108/2190/1625 557/2206/1625
f 39/2139/1626 553/2207/1626 2129/2178/1626 561/2208/1626
f 553/2207/1627 552/2209/1627 2130/2179/1627 2129/2178/1627
f 552/2209/1628 551/2210/1628 2131/2182/1628 2130/2179/1628
f 551/2210/1629 550/2211/1629 2132/2184/1629 2131/2182/1629
f 561/2208/1630 2129/2178/1630 2133/2181/1630 562/2212/1630
f 562/2212/1631 2133/2181/1631 2137/2187/1631 563/2213/1631
f 563/2213/1632 2137/2187/1632 2120/2192/1632 564/2214/1632
f 2142/2215/1633 2143/2216/1633 2147/2217/1633 2146/2218/1633
f 2143/2216/1634 2144/2219/1634 2148/2220/1634 2147/2217/1634
f 2144/2219/1635 2145/2221/1635 2149/2222/1635 2148/2220/1635
f 2146/2218/1636 2147/2217/1636 2151/2223/1636 2150/2224/1636
f 2147/2217/1637 2148/2220/1637 2152/2225/1637 2151/2223/1637
f 2148/2220/1638 2149/2222/1638 2153/2226/1638 2152/2225/1638
f 2154/2227/1639 2155/2228/1639 2159/2229/1639 2158/2230/1639
f 2155/2228/1640 2156/2231/1640 2160/2232/1640 2159/2229/1640
f 2156/2231/1641 2157/2233/1641 2161/2234/1641 2160/2232/1641
f 2158/2230/1642 2159/2229/1642 2163/2235/1642 2162/2236/1642
f 2159/2229/1643 2160/2232/1643 2164/2237/1643 2163/2235/1643
f 2160/2232/1644 2161/2234/1644 2165/2238/1644 2164/2237/1644
f 2166/2239/1645 2167/2240/1645 2171/2241/1645 2170/2242/1645
f 2167/2240/1646 2168/2243/1646 2172/2244/1646 2171/2241/1646
f 2168/2243/1647 2169/2245/1647 2173/2246/1647 2172/2244/1647
f 2170/2242/1648 2171/2241/1648 2175/2247/1648 2174/2248/1648
f 2171/2241/1649 2172/2244/1649 2176/2249/1649 2175/2247/1649
f 2172/2244/1650 2173/2246/1650 2177/2250/1650 2176/2249/1650
f 2162/2236/1651 2163/2235/1651 2149/2222/1651 2145/2221/1651
f 2163/2235/1652 2164/2237/1652 2153/2226/1652 2149/2222/1652
f 2174/2248/1653 2175/2247/1653 2161/2251/1653 2157/2252/1653
f 2175/2247/1654 2176/2249/1654 2165/2238/1654 2161/2251/1654
f 2150/2224/1655 2151/2223/1655 2173/2253/1655 2169/2254/1655
f 2151/2223/1656 2152/2225/1656 2177/2250/1656 2173/2253/1656
f 2152/2225/1657 2153/2226/1657 2141/2255/1657 2177/2250/1657
f 2164/2237/1658 2165/2238/1658 2141/2255/1658 2153/2226/1658
f 2176/2249/1659 2177/2250/1659 2141/2255/1659 2165/2238/1659
f 33/1036/1660 399/2256/1660 2142/2215/1660 567/2200/1660
f 399/2256/1661 398/2257/1661 2143/2216/1661 2142/2215/1661
f 398/2257/1662 397/2258/1662 2144/2219/1662 2143/2216/1662
f 397/2258/1663 396/2259/1663 2145/2221/1663 2144/2219/1663
f 567/2200/1664 2142/2215/1664 2146/2218/1664 566/2260/1664
f 566/2260/1665 2146/2218/1665 2150/2224/1665 565/2261/1665
f 565/2261/1666 2150/2224/1666 2169/2254/1666 564/2262/1666
f 11/1302/1667 435/2263/1667 2154/2227/1667 393/2264/1667
f 435/2263/1668 436/2265/1668 2155/2228/1668 2154/2227/1668
f 436/2265/1669 437/2266/1669 2156/2231/1669 2155/2228/1669
f 437/2266/1670 438/2267/1670 2157/2233/1670 2156/2231/1670
f 393/2264/1671 2154/2227/1671 2158/2230/1671 394/2268/1671
f 394/2268/1672 2158/2230/1672 2162/2236/1672 395/2269/1672
f 395/2269/1673 2162/2236/1673 2145/2221/1673 396/2270/1673
f 39/2139/1674 561/2271/1674 2166/2239/1674 441/2272/1674
f 561/2271/1675 562/2273/1675 2167/2240/1675 2166/2239/1675
f 562/2273/1676 563/2274/1676 2168/2243/1676 2167/2240/1676
f 563/2274/1677 564/2214/1677 2169/2245/1677 2168/2243/1677
f 441/2272/1678 2166/2239/1678 2170/2242/1678 440/2275/1678
f 440/2275/1679 2170/2242/1679 2174/2248/1679 439/2276/1679
f 439/2276/1680 2174/2248/1680 2157/2252/1680 438/2277/1680
f 2179/2278/1681 2180/2279/1681 2184/2280/1681 2183/2281/1681
f 2180/2279/1682 2181/2282/1682 2185/2283/1682 2184/2280/1682
f 2181/2282/1683 2182/2284/1683 2186/2285/1683 2185/2283/1683
f 2183/2281/1684 2184/2280/1684 2188/2286/1684 2187/2287/1684
f 2184/2280/1685 2185/2283/1685 2189/2288/1685 2188/2286/1685
f 2185/2283/1686 2186/2285/1686 2190/2289/1686 2189/2288/1686
f 2191/2290/1687 2192/2291/1687 2196/2292/1687 2195/2293/1687
f 2192/2291/1688 2193/2294/1688 2197/2295/1688 2196/2292/1688
f 2193/2294/1689 2194/2296/1689 2198/2297/1689 2197/2295/1689
f 2195/2293/1690 2196/2292/1690 2200/2298/1690 2199/2299/1690
f 2196/2292/1691 2197/2295/1691 2201/2300/1691 2200/2298/1691
f 2197/2295/1692 2198/2297/1692 2202/2301/1692 2201/2300/1692
f 2203/2302/1693 2204/2303/1693 2208/2304/1693 2207/2305/1693
f 2204/2303/1694 2205/2306/1694 2209/2307/1694 2208/2304/1694
f 2205/2306/1695 2206/2308/1695 2210/2309/1695 2209/2307/1695
f 2207/2305/1696 2208/2304/1696 2212/2310/1696 2211/2311/1696
f 2208/2304/1697 2209/2307/1697 2213/2312/1697 2212/2310/1697
f 2209/2307/1698 2210/2309/1698 2214/2313/1698 2213/2312/1698
f 2199/2299/1699 2200/2298/1699 2186/2314/1699 2182/2315/1699
f 2200/2298/1700 2201/2300/1700 2190/2289/1700 2186/2314/1700
f 2211/2311/1701 2212/2310/1701 2198/2316/1701 2194/2317/1701
f 2212/2310/1702 2213/2312/1702 2202/2301/1702 2198/2316/1702
f 2187/2287/1703 2188/2286/1703 2210/2318/1703 2206/2319/1703
f 2188/2286/1704 2189/2288/1704 2214/2313/1704 2210/2318/1704
f 2189/2288/1705 2190/2289/1705 2178/2320/1705 2214/2313/1705
f 2201/2300/1706 2202/2301/1706 2178/2320/1706 2190/2289/1706
f 2213/2312/1707 2214/2313/1707 2178/2320/1707 2202/2301/1707
f 24/976/1708 568/2321/1708 2179/2278/1708 120/2322/1708
f 568/2321/1709 569/2323/1709 2180/2279/1709 2179/2278/1709
f 569/2323/1710 570/2324/1710 2181/2282/1710 2180/2279/1710
f 570/2324/1711 571/2325/1711 2182/2284/1711 2181/2282/1711
f 120/2322/1712 2179/2278/1712 2183/2281/1712 121/2326/1712
f 121/2326/1713 2183/2281/1713 2187/2287/1713 122/2327/1713
f 122/2327/1714 2187/2287/1714 2206/2319/1714 123/2328/1714
f 37/1311/1715 211/1313/1715 2191/2290/1715 574/2329/1715
f 211/1313/1716 212/1317/1716 2192/2291/1716 2191/2290/1716
f 212/1317/1717 213/1318/1717 2193/2294/1717 2192/2291/1717
f 213/1318/1718 214/2330/1718 2194/2296/1718 2193/2294/1718
f 574/2329/1719 2191/2290/1719 2195/2293/1719 573/2331/1719
f 573/2331/1720 2195/2293/1720 2199/2299/1720 572/2332/1720
f 572/2332/1721 2199/2299/1721 2182/2315/1721 571/2333/1721
f 11/1302/1722 126/2334/1722 2203/2302/1722 217/2335/1722
f 126/2334/1723 125/2336/1723 2204/2303/1723 2203/2302/1723
f 125/2336/1724 124/2337/1724 2205/2306/1724 2204/2303/1724
f 124/2337/1725 123/2328/1725 2206/2308/1725 2205/2306/1725
f 217/2335/1726 2203/2302/1726 2207/2305/1726 216/2338/1726
f 216/2338/1727 2207/2305/1727 2211/2311/1727 215/2339/1727
f 215/2339/1728 2211/2311/1728 2194/2317/1728 214/2340/1728
f 2216/2341/1729 2217/2342/1729 2221/2343/1729 2220/2344/1729
f 2217/2342/1730 2218/2345/1730 2222/2346/1730 2221/2343/1730
f 2218/2345/1731 2219/2347/1731 2223/2348/1731 2222/2346/1731
f 2220/2344/1732 2221/2343/1732 2225/2349/1732 2224/2350/1732
f 2221/2343/1733 2222/2346/1733 2226/2351/1733 2225/2349/1733
f 2222/2346/1734 2223/2348/1734 2227/2352/1734 2226/2351/1734
f 2228/2353/1735 2229/2354/1735 2233/2355/1735 2232/2356/1735
f 2229/2354/1736 2230/2357/1736 2234/2358/1736 2233/2355/1736
f 2230/2357/1737 2231/2359/1737 2235/2360/1737 2234/2358/1737
f 2232/2356/1738 2233/2355/1738 2237/2361/1738 2236/2362/1738
f 2233/2355/1739 2234/2358/1739 2238/2363/1739 2237/2361/1739
f 2234/2358/1740 2235/2360/1740 2239/2364/1740 2238/2363/1740
f 2240/2365/1741 2241/2366/1741 2245/2367/1741 2244/2368/1741
f 2241/2366/1742 2242/2369/1742 2246/2370/1742 2245/2367/1742
f 2242/2369/1743 2243/2371/1743 2247/2372/1743 2246/2370/1743
f 2244/2368/1744 2245/2367/1744 2249/2373/1744 2248/2374/1744
f 2245/2367/1745 2246/2370/1745 2250/2375/1745 2249/2373/1745
f 2246/2370/1746 2247/2372/1746 2251/2376/1746 2250/2375/1746
f 2236/2362/1747 2237/2361/1747 2223/2377/1747 2219/2378/1747
f 2237/2361/1748 2238/2363/1748 2227/2352/1748 2223/2377/1748
f 2248/2374/1749 2249/2373/1749 2235/2379/1749 2231/2359/1749
f 2249/2373/1750 2250/2375/1750 2239/2364/1750 2235/2379/1750
f 2224/2350/1751 2225/2349/1751 2247/2372/1751 2243/2380/1751
f 2225/2349/1752 2226/2351/1752 2251/2376/1752 2247/2372/1752
f 2226/2351/1753 2227/2352/1753 2215/2381/1753 2251/2376/1753
f 2238/2363/1754 2239/2364/1754 2215/2381/1754 2227/2352/1754
f 2250/2375/1755 2251/2376/1755 2215/2381/1755 2239/2364/1755
f 24/976/1756 575/2382/1756 2216/2341/1756 568/2321/1756
f 575/2382/1757 576/2383/1757 2217/2342/1757 2216/2341/1757
f 576/2383/1758 577/2384/1758 2218/2345/1758 2217/2342/1758
f 577/2384/1759 578/2385/1759 2219/2347/1759 2218/2345/1759
f 568/2321/1760 2216/2341/1760 2220/2344/1760 569/2386/1760
f 569/2386/1761 2220/2344/1761 2224/2350/1761 570/2324/1761
f 570/2324/1762 2224/2350/1762 2243/2380/1762 571/2387/1762
f 31/655/1763 588/2388/1763 2228/2353/1763 581/969/1763
f 588/2388/1764 587/2389/1764 2229/2354/1764 2228/2353/1764
f 587/2389/1765 586/2390/1765 2230/2357/1765 2229/2354/1765
f 586/2390/1766 585/2391/1766 2231/2359/1766 2230/2357/1766
f 581/969/1767 2228/2353/1767 2232/2356/1767 580/2392/1767
f 580/2392/1768 2232/2356/1768 2236/2362/1768 579/2393/1768
f 579/2393/1769 2236/2362/1769 2219/2378/1769 578/2394/1769
f 37/1311/1770 574/2395/1770 2240/2365/1770 582/2396/1770
f 574/2395/1771 573/2397/1771 2241/2366/1771 2240/2365/1771
f 573/2397/1772 572/2398/1772 2242/2369/1772 2241/2366/1772
f 572/2398/1773 571/2387/1773 2243/2371/1773 2242/2369/1773
f 582/2396/1774 2240/2365/1774 2244/2368/1774 583/2399/1774
f 583/2399/1775 2244/2368/1775 2248/2374/1775 584/2400/1775
f 584/2400/1776 2248/2374/1776 2231/2359/1776 585/2401/1776
f 2253/2402/1777 2254/2403/1777 2258/2404/1777 2257/2405/1777
f 2254/2403/1778 2255/2406/1778 2259/2407/1778 2258/2404/1778
f 2255/2406/1779 2256/2408/1779 2260/2409/1779 2259/2407/1779
f 2257/2405/1780 2258/2404/1780 2262/2410/1780 2261/2411/1780
f 2258/2404/1781 2259/2407/1781 2263/2412/1781 2262/2410/1781
f 2259/2407/1782 2260/2409/1782 2264/2413/1782 2263/2412/1782
f 2265/2414/1783 2266/2415/1783 2270/2416/1783 2269/2417/1783
f 2266/2415/1784 2267/2418/1784 2271/2419/1784 2270/2416/1784
f 2267/2418/1785 2268/2420/1785 2272/2421/1785 2271/2419/1785
f 2269/2417/1786 2270/2416/1786 2274/2422/1786 2273/2423/1786
f 2270/2416/1787 2271/2419/1787 2275/2424/1787 2274/2422/1787
f 2271/2419/1788 2272/2421/1788 2276/2425/1788 2275/2424/1788
f 2277/2426/1789 2278/2427/1789 2282/2428/1789 2281/2429/1789
f 2278/2427/1790 2279/2430/1790 2283/2431/1790 2282/2428/1790
f 2279/2430/1791 2280/2432/1791 2284/2433/1791 2283/2431/1791
f 2281/2429/1792 2282/2428/1792 2286/2434/1792 2285/2435/1792
f 2282/2428/1793 2283/2431/1793 2287/2436/1793 2286/2434/1793
f 2283/2431/1794 2284/2433/1794 2288/2437/1794 2287/2436/1794
f 2273/2423/1795 2274/2422/1795 2260/2409/1795 2256/2438/1795
f 2274/2422/1796 2275/2424/1796 2264/2413/1796 2260/2409/1796
f 2285/2435/1797 2286/2434/1797 2272/2421/1797 2268/2420/1797
f 2286/2434/1798 2287/2436/1798 2276/2425/1798 2272/2421/1798
f 2261/2411/1799 2262/2410/1799 2284/2439/1799 2280/2440/1799
f 2262/2410/1800 2263/2412/1800 2288/2437/1800 2284/2439/1800
f 2263/2412/1801 2264/2413/1801 2252/2441/1801 2288/2437/1801
f 2275/2424/1802 2276/2425/1802 2252/2441/1802 2264/2413/1802
f 2287/2436/1803 2288/2437/1803 2252/2441/1803 2276/2425/1803
f 31/655/1804 385/2442/1804 2253/2402/1804 588/2388/1804
f 385/2442/1805 384/2443/1805 2254/2403/1805 2253/2402/1805
f 384/2443/1806 383/2444/1806 2255/2406/1806 2254/2403/1806
f 383/2444/1807 382/2445/1807 2256/2408/1807 2255/2406/1807
f 588/2388/1808 2253/2402/1808 2257/2405/1808 587/2389/1808
f 587/2389/1809 2257/2405/1809 2261/2411/1809 586/2446/1809
f 586/2446/1810 2261/2411/1810 2280/2440/1810 585/2401/1810
f 10/1233/1811 421/2447/1811 2265/2414/1811 379/2448/1811
f 421/2447/1812 422/1508/1812 2266/2415/1812 2265/2414/1812
f 422/1508/1813 423/2449/1813 2267/2418/1813 2266/2415/1813
f 423/2449/1814 424/1501/1814 2268/2420/1814 2267/2418/1814
f 379/2448/1815 2265/2414/1815 2269/2417/1815 380/2450/1815
f 380/2450/1816 2269/2417/1816 2273/2423/1816 381/2451/1816
f 381/2451/1817 2273/2423/1817 2256/2438/1817 382/2445/1817
f 37/1311/1818 582/2396/1818 2277/2426/1818 427/1498/1818
f 582/2396/1819 583/2452/1819 2278/2427/1819 2277/2426/1819
f 583/2452/1820 584/2453/1820 2279/2430/1820 2278/2427/1820
f 584/2453/1821 585/2391/1821 2280/2432/1821 2279/2430/1821
f 427/1498/1822 2277/2426/1822 2281/2429/1822 426/2454/1822
f 426/2454/1823 2281/2429/1823 2285/2435/1823 425/1500/1823
f 425/1500/1824 2285/2435/1824 2268/2420/1824 424/2455/1824
f 2290/2456/1825 2291/2457/1825 2295/2458/1825 2294/2459/1825
f 2291/2457/1826 2292/2460/1826 2296/2461/1826 2295/2458/1826
f 2292/2460/1827 2293/2462/1827 2297/2463/1827 2296/2461/1827
f 2294/2459/1828 2295/2458/1828 2299/2464/1828 2298/2465/1828
f 2295/2458/1829 2296/2461/1829 2300/2466/1829 2299/2464/1829
f 2296/2461/1830 2297/2463/1830 2301/2467/1830 2300/2466/1830
f 2302/2468/1831 2303/2469/1831 2307/2470/1831 2306/2471/1831
f 2303/2469/1832 2304/2472/1832 2308/2473/1832 2307/2470/1832
f 2304/2472/1833 2305/2474/1833 2309/2475/1833 2308/2473/1833
f 2306/2471/1834 2307/2470/1834 2311/2476/1834 2310/2477/1834
f 2307/2470/1835 2308/2473/1835 2312/2478/1835 2311/2476/1835
f 2308/2473/1836 2309/2475/1836 2313/2479/1836 2312/2478/1836
f 2314/2480/1837 2315/2481/1837 2319/2482/1837 2318/2483/1837
f 2315/2481/1838 2316/2484/1838 2320/2485/1838 2319/2482/1838
f 2316/2484/1839 2317/2486/1839 2321/2487/1839 2320/2485/1839
f 2318/2483/1840 2319/2482/1840 2323/2488/1840 2322/2489/1840
f 2319/2482/1841 2320/2485/1841 2324/2490/1841 2323/2488/1841
f 2320/2485/1842 2321/2487/1842 2325/2491/1842 2324/2490/1842
f 2310/2477/1843 2311/2476/1843 2297/2463/1843 2293/2492/1843
f 2311/2476/1844 2312/2478/1844 2301/2467/1844 2297/2463/1844
f 2322/2489/1845 2323/2488/1845 2309/2493/1845 2305/2474/1845
f 2323/2488/1846 2324/2490/1846 2313/2479/1846 2309/2493/1846
f 2298/2465/1847 2299/2464/1847 2321/2494/1847 2317/2495/1847
f 2299/2464/1848 2300/2466/1848 2325/2491/1848 2321/2494/1848
f 2300/2466/1849 2301/2467/1849 2289/2496/1849 2325/2491/1849
f 2312/2478/1850 2313/2479/1850 2289/2496/1850 2301/2467/1850
f 2324/2490/1851 2325/2491/1851 2289/2496/1851 2313/2479/1851
f 32/910/1852 589/2497/1852 2290/2456/1852 176/2498/1852
f 589/2497/1853 590/2499/1853 2291/2457/1853 2290/2456/1853
f 590/2499/1854 591/2500/1854 2292/2460/1854 2291/2457/1854
f 591/2500/1855 592/2501/1855 2293/2462/1855 2292/2460/1855
f 176/2498/1856 2290/2456/1856 2294/2459/1856 177/2502/1856
f 177/2502/1857 2294/2459/1857 2298/2465/1857 178/2503/1857
f 178/2503/1858 2298/2465/1858 2317/2495/1858 179/2504/1858
f 36/1242/1859 204/1244/1859 2302/2468/1859 595/2505/1859
f 204/1244/1860 205/2506/1860 2303/2469/1860 2302/2468/1860
f 205/2506/1861 206/1249/1861 2304/2472/1861 2303/2469/1861
f 206/1249/1862 207/2507/1862 2305/2474/1862 2304/2472/1862
f 595/2505/1863 2302/2468/1863 2306/2471/1863 594/2508/1863
f 594/2508/1864 2306/2471/1864 2310/2477/1864 593/2509/1864
f 593/2509/1865 2310/2477/1865 2293/2492/1865 592/2510/1865
f 10/1233/1866 182/2511/1866 2314/2480/1866 210/2512/1866
f 182/2511/1867 181/2513/1867 2315/2481/1867 2314/2480/1867
f 181/2513/1868 180/2514/1868 2316/2484/1868 2315/2481/1868
f 180/2514/1869 179/2515/1869 2317/2486/1869 2316/2484/1869
f 210/2512/1870 2314/2480/1870 2318/2483/1870 209/2516/1870
f 209/2516/1871 2318/2483/1871 2322/2489/1871 208/2517/1871
f 208/2517/1872 2322/2489/1872 2305/2474/1872 207/2518/1872
f 2327/2519/1873 2328/2520/1873 2332/2521/1873 2331/2522/1873
f 2328/2520/1874 2329/2523/1874 2333/2524/1874 2332/2521/1874
f 2329/2523/1875 2330/2525/1875 2334/2526/1875 2333/2524/1875
f 2331/2522/1876 2332/2521/1876 2336/2527/1876 2335/2528/1876
f 2332/2521/1877 2333/2524/1877 2337/2529/1877 2336/2527/1877
f 2333/2524/1878 2334/2526/1878 2338/2530/1878 2337/2529/1878
f 2339/2531/1879 2340/2532/1879 2344/2533/1879 2343/2534/1879
f 2340/2532/1880 2341/2535/1880 2345/2536/1880 2344/2533/1880
f 2341/2535/1881 2342/2537/1881 2346/2538/1881 2345/2536/1881
f 2343/2534/1882 2344/2533/1882 2348/2539/1882 2347/2540/1882
f 2344/2533/1883 2345/2536/1883 2349/2541/1883 2348/2539/1883
f 2345/2536/1884 2346/2538/1884 2350/2542/1884 2349/2541/1884
f 2351/2543/1885 2352/2544/1885 2356/2545/1885 2355/2546/1885
f 2352/2544/1886 2353/2547/1886 2357/2548/1886 2356/2545/1886
f 2353/2547/1887 2354/2549/1887 2358/2550/1887 2357/2548/1887
f 2355/2546/1888 2356/2545/1888 2360/2551/1888 2359/2552/1888
f 2356/2545/1889 2357/2548/1889 2361/2553/1889 2360/2551/1889
f 2357/2548/1890 2358/2550/1890 2362/2554/1890 2361/2553/1890
f 2347/2540/1891 2348/2539/1891 2334/2555/1891 2330/2556/1891
f 2348/2539/1892 2349/2541/1892 2338/2530/1892 2334/2555/1892
f 2359/2552/1893 2360/2551/1893 2346/2538/1893 2342/2557/1893
f 2360/2551/1894 2361/2553/1894 2350/2542/1894 2346/2538/1894
f 2335/2528/1895 2336/2527/1895 2358/2550/1895 2354/2558/1895
f 2336/2527/1896 2337/2529/1896 2362/2554/1896 2358/2550/1896
f 2337/2529/1897 2338/2530/1897 2326/2559/1897 2362/2554/1897
f 2349/2541/1898 2350/2542/1898 2326/2559/1898 2338/2530/1898
f 2361/2553/1899 2362/2554/1899 2326/2559/1899 2350/2542/1899
f 32/910/1900 596/2560/1900 2327/2519/1900 589/2497/1900
f 596/2560/1901 597/2561/1901 2328/2520/1901 2327/2519/1901
f 597/2561/1902 598/2562/1902 2329/2523/1902 2328/2520/1902
f 598/2562/1903 599/2563/1903 2330/2525/1903 2329/2523/1903
f 589/2497/1904 2327/2519/1904 2331/2522/1904 590/2499/1904
f 590/2499/1905 2331/2522/1905 2335/2528/1905 591/2564/1905
f 591/2564/1906 2335/2528/1906 2354/2558/1906 592/2510/1906
f 29/588/1907 609/2565/1907 2339/2531/1907 602/2566/1907
f 609/2565/1908 608/2567/1908 2340/2532/1908 2339/2531/1908
f 608/2567/1909 607/2568/1909 2341/2535/1909 2340/2532/1909
f 607/2568/1910 606/2569/1910 2342/2537/1910 2341/2535/1910
f 602/2566/1911 2339/2531/1911 2343/2534/1911 601/2570/1911
f 601/2570/1912 2343/2534/1912 2347/2540/1912 600/906/1912
f 600/906/1913 2347/2540/1913 2330/2556/1913 599/2571/1913
f 36/1242/1914 595/2572/1914 2351/2543/1914 603/2573/1914
f 595/2572/1915 594/2574/1915 2352/2544/1915 2351/2543/1915
f 594/2574/1916 593/2509/1916 2353/2547/1916 2352/2544/1916
f 593/2509/1917 592/2575/1917 2354/2549/1917 2353/2547/1917
f 603/2573/1918 2351/2543/1918 2355/2546/1918 604/2576/1918
f 604/2576/1919 2355/2546/1919 2359/2552/1919 605/2577/1919
f 605/2577/1920 2359/2552/1920 2342/2557/1920 606/2578/1920
f 2364/2579/1921 2365/2580/1921 2369/2581/1921 2368/2582/1921
f 2365/2580/1922 2366/2583/1922 2370/2584/1922 2369/2581/1922
f 2366/2583/1923 2367/2585/1923 2371/2586/1923 2370/2584/1923
f 2368/2582/1924 2369/2581/1924 2373/2587/1924 2372/2588/1924
f 2369/2581/1925 2370/2584/1925 2374/2589/1925 2373/2587/1925
f 2370/2584/1926 2371/2586/1926 2375/2590/1926 2374/2589/1926
f 2376/2591/1927 2377/2592/1927 2381/2593/1927 2380/2594/1927
f 2377/2592/1928 2378/2595/1928 2382/2596/1928 2381/2593/1928
f 2378/2595/1929 2379/2597/1929 2383/2598/1929 2382/2596/1929
f 2380/2594/1930 2381/2593/1930 2385/2599/1930 2384/2600/1930
f 2381/2593/1931 2382/2596/1931 2386/2601/1931 2385/2599/1931
f 2382/2596/1932 2383/2598/1932 2387/2602/1932 2386/2601/1932
f 2388/2603/1933 2389/2604/1933 2393/2605/1933 2392/2606/1933
f 2389/2604/1934 2390/2607/1934 2394/2608/1934 2393/2605/1934
f 2390/2607/1935 2391/2609/1935 2395/2610/1935 2394/2608/1935
f 2392/2606/1936 2393/2605/1936 2397/2611/1936 2396/2612/1936
f 2393/2605/1937 2394/2608/1937 2398/2613/1937 2397/2611/1937
f 2394/2608/1938 2395/2610/1938 2399/2614/1938 2398/2613/1938
f 2384/2600/1939 2385/2599/1939 2371/2615/1939 2367/2585/1939
f 2385/2599/1940 2386/2601/1940 2375/2590/1940 2371/2615/1940
f 2396/2612/1941 2397/2611/1941 2383/2598/1941 2379/2597/1941
f 2397/2611/1942 2398/2613/1942 2387/2602/1942 2383/2598/1942
f 2372/2588/1943 2373/2587/1943 2395/2616/1943 2391/2617/1943
f 2373/2587/1944 2374/2589/1944 2399/2614/1944 2395/2616/1944
f 2374/2589/1945 2375/2590/1945 2363/2618/1945 2399/2614/1945
f 2386/2601/1946 2387/2602/1946 2363/2618/1946 2375/2590/1946
f 2398/2613/1947 2399/2614/1947 2363/2618/1947 2387/2602/1947
f 29/588/1948 371/2619/1948 2364/2579/1948 609/2565/1948
f 371/2619/1949 370/2620/1949 2365/2580/1949 2364/2579/1949
f 370/2620/1950 369/2621/1950 2366/2583/1950 2365/2580/1950
f 369/2621/1951 368/2622/1951 2367/2585/1951 2366/2583/1951
f 609/2565/1952 2364/2579/1952 2368/2582/1952 608/2623/1952
f 608/2623/1953 2368/2582/1953 2372/2588/1953 607/2624/1953
f 607/2624/1954 2372/2588/1954 2391/2617/1954 606/2578/1954
f 9/1163/1955 414/1693/1955 2376/2591/1955 365/2625/1955
f 414/1693/1956 415/2626/1956 2377/2592/1956 2376/2591/1956
f 415/2626/1957 416/2627/1957 2378/2595/1957 2377/2592/1957
f 416/2627/1958 417/1691/1958 2379/2597/1958 2378/2595/1958
f 365/2625/1959 2376/2591/1959 2380/2594/1959 366/2628/1959
f 366/2628/1960 2380/2594/1960 2384/2600/1960 367/2629/1960
f 367/2629/1961 2384/2600/1961 2367/2585/1961 368/2622/1961
f 36/1242/1962 603/2630/1962 2388/2603/1962 420/2631/1962
f 603/2630/1963 604/2576/1963 2389/2604/1963 2388/2603/1963
f 604/2576/1964 605/2632/1964 2390/2607/1964 2389/2604/1964
f 605/2632/1965 606/2633/1965 2391/2609/1965 2390/2607/1965
f 420/2631/1966 2388/2603/1966 2392/2606/1966 419/2634/1966
f 419/2634/1967 2392/2606/1967 2396/2612/1967 418/1690/1967
f 418/1690/1968 2396/2612/1968 2379/2597/1968 417/2635/1968
f 2401/2636/1969 2402/2637/1969 2406/2638/1969 2405/2639/1969
f 2402/2637/1970 2403/2640/1970 2407/2641/1970 2406/2638/1970
f 2403/2640/1971 2404/2642/1971 2408/2643/1971 2407/2641/1971
f 2405/2639/1972 2406/2638/1972 2410/2644/1972 2409/2645/1972
f 2406/2638/1973 2407/2641/1973 2411/2646/1973 2410/2644/1973
f 2407/2641/1974 2408/2643/1974 2412/2647/1974 2411/2646/1974
f 2413/2648/1975 2414/2649/1975 2418/2650/1975 2417/2651/1975
f 2414/2649/1976 2415/2652/1976 2419/2653/1976 2418/2650/1976
f 2415/2652/1977 2416/2654/1977 2420/2655/1977 2419/2653/1977
f 2417/2651/1978 2418/2650/1978 2422/2656/1978 2421/2657/1978
f 2418/2650/1979 2419/2653/1979 2423/2658/1979 2422/2656/1979
f 2419/2653/1980 2420/2655/1980 2424/2659/1980 2423/2658/1980
f 2425/2660/1981 2426/2661/1981 2430/2662/1981 2429/2663/1981
f 2426/2661/1982 2427/2664/1982 2431/2665/1982 2430/2662/1982
f 2427/2664/1983 2428/2666/1983 2432/2667/1983 2431/2665/1983
f 2429/2663/1984 2430/2662/1984 2434/2668/1984 2433/2669/1984
f 2430/2662/1985 2431/2665/1985 2435/2670/1985 2434/2668/1985
f 2431/2665/1986 2432/2667/1986 2436/2671/1986 2435/2670/1986
f 2421/2657/1987 2422/2656/1987 2408/2672/1987 2404/2673/1987
f 2422/2656/1988 2423/2658/1988 2412/2647/1988 2408/2672/1988
f 2433/2669/1989 2434/2668/1989 2420/2674/1989 2416/2675/1989
f 2434/2668/1990 2435/2670/1990 2424/2659/1990 2420/2674/1990
f 2409/2645/1991 2410/2644/1991 2432/2667/1991 2428/2676/1991
f 2410/2644/1992 2411/2646/1992 2436/2671/1992 2432/2667/1992
f 2411/2646/1993 2412/2647/1993 2400/2677/1993 2436/2671/1993
f 2423/2658/1994 2424/2659/1994 2400/2677/1994 2412/2647/1994
f 2435/2670/1995 2436/2671/1995 2400/2677/1995 2424/2659/1995
f 30/847/1996 610/2678/1996 2401/2636/1996 162/2679/1996
f 610/2678/1997 611/2680/1997 2402/2637/1997 2401/2636/1997
f 611/2680/1998 612/2681/1998 2403/2640/1998 2402/2637/1998
f 612/2681/1999 613/2682/1999 2404/2642/1999 2403/2640/1999
f 162/2679/2000 2401/2636/2000 2405/2639/2000 163/2683/2000
f 163/2683/2001 2405/2639/2001 2409/2645/2001 164/2684/2001
f 164/2684/2002 2409/2645/2002 2428/2676/2002 165/2685/2002
f 35/1172/2003 197/2686/2003 2413/2648/2003 616/2687/2003
f 197/2686/2004 198/2688/2004 2414/2649/2004 2413/2648/2004
f 198/2688/2005 199/1179/2005 2415/2652/2005 2414/2649/2005
f 199/1179/2006 200/2689/2006 2416/2654/2006 2415/2652/2006
f 616/2687/2007 2413/2648/2007 2417/2651/2007 615/2690/2007
f 615/2690/2008 2417/2651/2008 2421/2657/2008 614/2691/2008
f 614/2691/2009 2421/2657/2009 2404/2673/2009 613/2692/2009
f 9/1163/2010 168/2693/2010 2425/2660/2010 203/2694/2010
f 168/2693/2011 167/2695/2011 2426/2661/2011 2425/2660/2011
f 167/2695/2012 166/2696/2012 2427/2664/2012 2426/2661/2012
f 166/2696/2013 165/2685/2013 2428/2666/2013 2427/2664/2013
f 203/2694/2014 2425/2660/2014 2429/2663/2014 202/2697/2014
f 202/2697/2015 2429/2663/2015 2433/2669/2015 201/2698/2015
f 201/2698/2016 2433/2669/2016 2416/2675/2016 200/2689/2016
f 2438/2699/2017 2439/2700/2017 2443/2701/2017 2442/2702/2017
f 2439/2700/2018 2440/2703/2018 2444/2704/2018 2443/2701/2018
f 2440/2703/2019 2441/2705/2019 2445/2706/2019 2444/2704/2019
f 2442/2702/2020 2443/2701/2020 2447/2707/2020 2446/2708/2020
f 2443/2701/2021 2444/2704/2021 2448/2709/2021 2447/2707/2021
f 2444/2704/2022 2445/2706/2022 2449/2710/2022 2448/2709/2022
f 2450/2711/2023 2451/2712/2023 2455/2713/2023 2454/2714/2023
f 2451/2712/2024 2452/2715/2024 2456/2716/2024 2455/2713/2024
f 2452/2715/2025 2453/2717/2025 2457/2718/2025 2456/2716/2025
f 2454/2714/2026 2455/2713/2026 2459/2719/2026 2458/2720/2026
f 2455/2713/2027 2456/2716/2027 2460/2721/2027 2459/2719/2027
f 2456/2716/2028 2457/2718/2028 2461/2722/2028 2460/2721/2028
f 2462/2723/2029 2463/2724/2029 2467/2725/2029 2466/2726/2029
f 2463/2724/2030 2464/2727/2030 2468/2728/2030 2467/2725/2030
f 2464/2727/2031 2465/2729/2031 2469/2730/2031 2468/2728/2031
f 2466/2726/2032 2467/2725/2032 2471/2731/2032 2470/2732/2032
f 2467/2725/2033 2468/2728/2033 2472/2733/2033 2471/2731/2033
f 2468/2728/2034 2469/2730/2034 2473/2734/2034 2472/2733/2034
f 2458/2720/2035 2459/2719/2035 2445/2735/2035 2441/2736/2035
f 2459/2719/2036 2460/2721/2036 2449/2710/2036 2445/2735/2036
f 2470/2732/2037 2471/2731/2037 2457/2718/2037 2453/2717/2037
f 2471/2731/2038 2472/2733/2038 2461/2722/2038 2457/2718/2038
f 2446/2708/2039 2447/2707/2039 2469/2737/2039 2465/2738/2039
f 2447/2707/2040 2448/2709/2040 2473/2734/2040 2469/2737/2040
f 2448/2709/2041 2449/2710/2041 2437/2739/2041 2473/2734/2041
f 2460/2721/2042 2461/2722/2042 2437/2739/2042 2449/2710/2042
f 2472/2733/2043 2473/2734/2043 2437/2739/2043 2461/2722/2043
f 30/847/2044 617/2740/2044 2438/2699/2044 610/2678/2044
f 617/2740/2045 618/2741/2045 2439/2700/2045 2438/2699/2045
f 618/2741/2046 619/2742/2046 2440/2703/2046 2439/2700/2046
f 619/2742/2047 620/2743/2047 2441/2705/2047 2440/2703/2047
f 610/2678/2048 2438/2699/2048 2442/2702/2048 611/2744/2048
f 611/2744/2049 2442/2702/2049 2446/2708/2049 612/2745/2049
f 612/2745/2050 2446/2708/2050 2465/2738/2050 613/2692/2050
f 27/523/2051 630/2746/2051 2450/2711/2051 623/2747/2051
f 630/2746/2052 629/2748/2052 2451/2712/2052 2450/2711/2052
f 629/2748/2053 628/2749/2053 2452/2715/2053 2451/2712/2053
f 628/2749/2054 627/2750/2054 2453/2717/2054 2452/2715/2054
f 623/2747/2055 2450/2711/2055 2454/2714/2055 622/2751/2055
f 622/2751/2056 2454/2714/2056 2458/2720/2056 621/2752/2056
f 621/2752/2057 2458/2720/2057 2441/2736/2057 620/2743/2057
f 35/1172/2058 616/2753/2058 2462/2723/2058 624/2754/2058
f 616/2753/2059 615/2755/2059 2463/2724/2059 2462/2723/2059
f 615/2755/2060 614/2691/2060 2464/2727/2060 2463/2724/2060
f 614/2691/2061 613/2692/2061 2465/2729/2061 2464/2727/2061
f 624/2754/2062 2462/2723/2062 2466/2726/2062 625/2756/2062
f 625/2756/2063 2466/2726/2063 2470/2732/2063 626/2757/2063
f 626/2757/2064 2470/2732/2064 2453/2717/2064 627/2758/2064
f 2475/2759/2065 2476/2760/2065 2480/2761/2065 2479/2762/2065
f 2476/2760/2066 2477/2763/2066 2481/2764/2066 2480/2761/2066
f 2477/2763/2067 2478/2765/2067 2482/2766/2067 2481/2764/2067
f 2479/2762/2068 2480/2761/2068 2484/2767/2068 2483/2768/2068
f 2480/2761/2069 2481/2764/2069 2485/2769/2069 2484/2767/2069
f 2481/2764/2070 2482/2766/2070 2486/2770/2070 2485/2769/2070
f 2487/2771/2071 2488/2772/2071 2492/2773/2071 2491/2774/2071
f 2488/2772/2072 2489/2775/2072 2493/2776/2072 2492/2773/2072
f 2489/2775/2073 2490/2777/2073 2494/2778/2073 2493/2776/2073
f 2491/2774/2074 2492/2773/2074 2496/2779/2074 2495/2780/2074
f 2492/2773/2075 2493/2776/2075 2497/2781/2075 2496/2779/2075
f 2493/2776/2076 2494/2778/2076 2498/2782/2076 2497/2781/2076
f 2499/2783/2077 2500/2784/2077 2504/2785/2077 2503/2786/2077
f 2500/2784/2078 2501/2787/2078 2505/2788/2078 2504/2785/2078
f 2501/2787/2079 2502/2789/2079 2506/2790/2079 2505/2788/2079
f 2503/2786/2080 2504/2785/2080 2508/2791/2080 2507/2792/2080
f 2504/2785/2081 2505/2788/2081 2509/2793/2081 2508/2791/2081
f 2505/2788/2082 2506/2790/2082 2510/2794/2082 2509/2793/2082
f 2495/2780/2083 2496/2779/2083 2482/2795/2083 2478/2796/2083
f 2496/2779/2084 2497/2781/2084 2486/2770/2084 2482/2795/2084
f 2507/2792/2085 2508/2791/2085 2494/2797/2085 2490/2777/2085
f 2508/2791/2086 2509/2793/2086 2498/2782/2086 2494/2797/2086
f 2483/2768/2087 2484/2767/2087 2506/2798/2087 2502/2799/2087
f 2484/2767/2088 2485/2769/2088 2510/2794/2088 2506/2798/2088
f 2485/2769/2089 2486/2770/2089 2474/2800/2089 2510/2794/2089
f 2497/2781/2090 2498/2782/2090 2474/2800/2090 2486/2770/2090
f 2509/2793/2091 2510/2794/2091 2474/2800/2091 2498/2782/2091
f 27/523/2092 357/2801/2092 2475/2759/2092 630/2802/2092
f 357/2801/2093 356/2803/2093 2476/2760/2093 2475/2759/2093
f 356/2803/2094 355/2804/2094 2477/2763/2094 2476/2760/2094
f 355/2804/2095 354/2805/2095 2478/2765/2095 2477/2763/2095
f 630/2802/2096 2475/2759/2096 2479/2762/2096 629/2806/2096
f 629/2806/2097 2479/2762/2097 2483/2768/2097 628/2807/2097
f 628/2807/2098 2483/2768/2098 2502/2799/2098 627/2758/2098
f 8/1882/2099 407/2808/2099 2487/2771/2099 351/2809/2099
f 407/2808/2100 408/2810/2100 2488/2772/2100 2487/2771/2100
f 408/2810/2101 409/2811/2101 2489/2775/2101 2488/2772/2101
f 409/2811/2102 410/2812/2102 2490/2777/2102 2489/2775/2102
f 351/2809/2103 2487/2771/2103 2491/2774/2103 352/2813/2103
f 352/2813/2104 2491/2774/2104 2495/2780/2104 353/2814/2104
f 353/2814/2105 2495/2780/2105 2478/2796/2105 354/2805/2105
f 35/1172/2106 624/2815/2106 2499/2783/2106 413/1874/2106
f 624/2815/2107 625/2756/2107 2500/2784/2107 2499/2783/2107
f 625/2756/2108 626/2816/2108 2501/2787/2108 2500/2784/2108
f 626/2816/2109 627/2817/2109 2502/2789/2109 2501/2787/2109
f 413/1874/2110 2499/2783/2110 2503/2786/2110 412/2818/2110
f 412/2818/2111 2503/2786/2111 2507/2792/2111 411/1877/2111
f 411/1877/2112 2507/2792/2112 2490/2777/2112 410/2819/2112
f 2512/2820/2113 2513/2821/2113 2517/2822/2113 2516/2823/2113
f 2513/2821/2114 2514/2824/2114 2518/2825/2114 2517/2822/2114
f 2514/2824/2115 2515/2826/2115 2519/2827/2115 2518/2825/2115
f 2516/2823/2116 2517/2822/2116 2521/2828/2116 2520/2829/2116
f 2517/2822/2117 2518/2825/2117 2522/2830/2117 2521/2828/2117
f 2518/2825/2118 2519/2827/2118 2523/2831/2118 2522/2830/2118
f 2524/2832/2119 2525/2833/2119 2529/2834/2119 2528/2835/2119
f 2525/2833/2120 2526/2836/2120 2530/2837/2120 2529/2834/2120
f 2526/2836/2121 2527/2838/2121 2531/2839/2121 2530/2837/2121
f 2528/2835/2122 2529/2834/2122 2533/2840/2122 2532/2841/2122
f 2529/2834/2123 2530/2837/2123 2534/2842/2123 2533/2840/2123
f 2530/2837/2124 2531/2839/2124 2535/2843/2124 2534/2842/2124
f 2536/2844/2125 2537/2845/2125 2541/2846/2125 2540/2847/2125
f 2537/2845/2126 2538/2848/2126 2542/2849/2126 2541/2846/2126
f 2538/2848/2127 2539/2850/2127 2543/2851/2127 2542/2849/2127
f 2540/2847/2128 2541/2846/2128 2545/2852/2128 2544/2853/2128
f 2541/2846/2129 2542/2849/2129 2546/2854/2129 2545/2852/2129
f 2542/2849/2130 2543/2851/2130 2547/2855/2130 2546/2854/2130
f 2532/2841/2131 2533/2840/2131 2519/2856/2131 2515/2857/2131
f 2533/2840/2132 2534/2842/2132 2523/2831/2132 2519/2856/2132
f 2544/2853/2133 2545/2852/2133 2531/2858/2133 2527/2859/2133
f 2545/2852/2134 2546/2854/2134 2535/2843/2134 2531/2858/2134
f 2520/2829/2135 2521/2828/2135 2543/2851/2135 2539/2860/2135
f 2521/2828/2136 2522/2830/2136 2547/2855/2136 2543/2851/2136
f 2522/2830/2137 2523/2831/2137 2511/2861/2137 2547/2855/2137
f 2534/2842/2138 2535/2843/2138 2511/2861/2138 2523/2831/2138
f 2546/2854/2139 2547/2855/2139 2511/2861/2139 2535/2843/2139
f 28/783/2140 631/2862/2140 2512/2820/2140 148/2863/2140
f 631/2862/2141 632/2864/2141 2513/2821/2141 2512/2820/2141
f 632/2864/2142 633/2865/2142 2514/2824/2142 2513/2821/2142
f 633/2865/2143 634/2866/2143 2515/2826/2143 2514/2824/2143
f 148/2863/2144 2512/2820/2144 2516/2823/2144 149/2867/2144
f 149/2867/2145 2516/2823/2145 2520/2829/2145 150/2868/2145
f 150/2868/2146 2520/2829/2146 2539/2860/2146 151/2869/2146
f 34/1104/2147 190/2870/2147 2524/2832/2147 637/2871/2147
f 190/2870/2148 191/1110/2148 2525/2833/2148 2524/2832/2148
f 191/1110/2149 192/1111/2149 2526/2836/2149 2525/2833/2149
f 192/1111/2150 193/2872/2150 2527/2838/2150 2526/2836/2150
f 637/2871/2151 2524/2832/2151 2528/2835/2151 636/2873/2151
f 636/2873/2152 2528/2835/2152 2532/2841/2152 635/2874/2152
f 635/2874/2153 2532/2841/2153 2515/2857/2153 634/2875/2153
f 8/1095/2154 154/2876/2154 2536/2844/2154 196/1096/2154
f 154/2876/2155 153/2877/2155 2537/2845/2155 2536/2844/2155
f 153/2877/2156 152/2878/2156 2538/2848/2156 2537/2845/2156
f 152/2878/2157 151/2879/2157 2539/2850/2157 2538/2848/2157
f 196/1096/2158 2536/2844/2158 2540/2847/2158 195/2880/2158
f 195/2880/2159 2540/2847/2159 2544/2853/2159 194/2881/2159
f 194/2881/2160 2544/2853/2160 2527/2859/2160 193/2882/2160
f 2549/2883/2161 2550/2884/2161 2554/2885/2161 2553/2886/2161
f 2550/2884/2162 2551/2887/2162 2555/2888/2162 2554/2885/2162
f 2551/2887/2163 2552/2889/2163 2556/2890/2163 2555/2888/2163
f 2553/2886/2164 2554/2885/2164 2558/2891/2164 2557/2892/2164
f 2554/2885/2165 2555/2888/2165 2559/2893/2165 2558/2891/2165
f 2555/2888/2166 2556/2890/2166 2560/2894/2166 2559/2893/2166
f 2561/2895/2167 2562/2896/2167 2566/2897/2167 2565/2898/2167
f 2562/2896/2168 2563/2899/2168 2567/2900/2168 2566/2897/2168
f 2563/2899/2169 2564/2901/2169 2568/2902/2169 2567/2900/2169
f 2565/2898/2170 2566/2897/2170 2570/2903/2170 2569/2904/2170
f 2566/2897/2171 2567/2900/2171 2571/2905/2171 2570/2903/2171
f 2567/2900/2172 2568/2902/2172 2572/2906/2172 2571/2905/2172
f 2573/2907/2173 2574/2908/2173 2578/2909/2173 2577/2910/2173
f 2574/2908/2174 2575/2911/2174 2579/2912/2174 2578/2909/2174
f 2575/2911/2175 2576/2913/2175 2580/2914/2175 2579/2912/2175
f 2577/2910/2176 2578/2909/2176 2582/2915/2176 2581/2916/2176
f 2578/2909/2177 2579/2912/2177 2583/2917/2177 2582/2915/2177
f 2579/2912/2178 2580/2914/2178 2584/2918/2178 2583/2917/2178
f 2569/2904/2179 2570/2903/2179 2556/2919/2179 2552/2889/2179
f 2570/2903/2180 2571/2905/2180 2560/2894/2180 2556/2919/2180
f 2581/2916/2181 2582/2915/2181 2568/2920/2181 2564/2921/2181
f 2582/2915/2182 2583/2917/2182 2572/2906/2182 2568/2920/2182
f 2557/2892/2183 2558/2891/2183 2580/2922/2183 2576/2923/2183
f 2558/2891/2184 2559/2893/2184 2584/2918/2184 2580/2922/2184
f 2559/2893/2185 2560/2894/2185 2548/2924/2185 2584/2918/2185
f 2571/2905/2186 2572/2906/2186 2548/2924/2186 2560/2894/2186
f 2583/2917/2187 2584/2918/2187 2548/2924/2187 2572/2906/2187
f 28/783/2188 638/2925/2188 2549/2883/2188 631/2862/2188
f 638/2925/2189 639/2926/2189 2550/2884/2189 2549/2883/2189
f 639/2926/2190 640/2927/2190 2551/2887/2190 2550/2884/2190
f 640/2927/2191 641/2928/2191 2552/2889/2191 2551/2887/2191
f 631/2862/2192 2549/2883/2192 2553/2886/2192 632/2929/2192
f 632/2929/2193 2553/2886/2193 2557/2892/2193 633/2930/2193
f 633/2930/2194 2557/2892/2194 2576/2923/2194 634/2931/2194
f 25/455/2195 651/2932/2195 2561/2895/2195 644/777/2195
f 651/2932/2196 650/2933/2196 2562/2896/2196 2561/2895/2196
f 650/2933/2197 649/2934/2197 2563/2899/2197 2562/2896/2197
f 649/2934/2198 648/2935/2198 2564/2901/2198 2563/2899/2198
f 644/777/2199 2561/2895/2199 2565/2898/2199 643/2936/2199
f 643/2936/2200 2565/2898/2200 2569/2904/2200 642/2937/2200
f 642/2937/2201 2569/2904/2201 2552/2889/2201 641/2938/2201
f 34/1104/2202 637/2939/2202 2573/2907/2202 645/2940/2202
f 637/2939/2203 636/2941/2203 2574/2908/2203 2573/2907/2203
f 636/2941/2204 635/2942/2204 2575/2911/2204 2574/2908/2204
f 635/2942/2205 634/2875/2205 2576/2913/2205 2575/2911/2205
f 645/2940/2206 2573/2907/2206 2577/2910/2206 646/2943/2206
f 646/2943/2207 2577/2910/2207 2581/2916/2207 647/2944/2207
f 647/2944/2208 2581/2916/2208 2564/2921/2208 648/2945/2208
f 2586/2946/2209 2587/2947/2209 2591/2948/2209 2590/2949/2209
f 2587/2947/2210 2588/2950/2210 2592/2951/2210 2591/2948/2210
f 2588/2950/2211 2589/2952/2211 2593/2953/2211 2592/2951/2211
f 2590/2949/2212 2591/2948/2212 2595/2954/2212 2594/2955/2212
f 2591/2948/2213 2592/2951/2213 2596/2956/2213 2595/2954/2213
f 2592/2951/2214 2593/2953/2214 2597/2957/2214 2596/2956/2214
f 2598/2958/2215 2599/2959/2215 2603/2960/2215 2602/2961/2215
f 2599/2959/2216 2600/2962/2216 2604/2963/2216 2603/2960/2216
f 2600/2962/2217 2601/2964/2217 2605/2965/2217 2604/2963/2217
f 2602/2961/2218 2603/2960/2218 2607/2966/2218 2606/2967/2218
f 2603/2960/2219 2604/2963/2219 2608/2968/2219 2607/2966/2219
f 2604/2963/2220 2605/2965/2220 2609/2969/2220 2608/2968/2220
f 2610/2970/2221 2611/2971/2221 2615/2972/2221 2614/2973/2221
f 2611/2971/2222 2612/2974/2222 2616/2975/2222 2615/2972/2222
f 2612/2974/2223 2613/2976/2223 2617/2977/2223 2616/2975/2223
f 2614/2973/2224 2615/2972/2224 2619/2978/2224 2618/2979/2224
f 2615/2972/2225 2616/2975/2225 2620/2980/2225 2619/2978/2225
f 2616/2975/2226 2617/2977/2226 2621/2981/2226 2620/2980/2226
f 2606/2967/2227 2607/2966/2227 2593/2982/2227 2589/2952/2227
f 2607/2966/2228 2608/2968/2228 2597/2957/2228 2593/2982/2228
f 2618/2979/2229 2619/2978/2229 2605/2983/2229 2601/2964/2229
f 2619/2978/2230 2620/2980/2230 2609/2969/2230 2605/2983/2230
f 2594/2955/2231 2595/2954/2231 2617/2984/2231 2613/2976/2231
f 2595/2954/2232 2596/2956/2232 2621/2981/2232 2617/2984/2232
f 2596/2956/2233 2597/2957/2233 2585/2985/2233 2621/2981/2233
f 2608/2968/2234 2609/2969/2234 2585/2985/2234 2597/2957/2234
f 2620/2980/2235 2621/2981/2235 2585/2985/2235 2609/2969/2235
f 25/455/2236 343/2986/2236 2586/2946/2236 651/2932/2236
f 343/2986/2237 342/2987/2237 2587/2947/2237 2586/2946/2237
f 342/2987/2238 341/2988/2238 2588/2950/2238 2587/2947/2238
f 341/2988/2239 340/2989/2239 2589/2952/2239 2588/2950/2239
f 651/2932/2240 2586/2946/2240 2590/2949/2240 650/2933/2240
f 650/2933/2241 2590/2949/2241 2594/2955/2241 649/2990/2241
f 649/2990/2242 2594/2955/2242 2613/2976/2242 648/2991/2242
f 7/1027/2243 400/2992/2243 2598/2958/2243 337/2993/2243
f 400/2992/2244 401/2994/2244 2599/2959/2244 2598/2958/2244
f 401/2994/2245 402/2995/2245 2600/2962/2245 2599/2959/2245
f 402/2995/2246 403/2080/2246 2601/2964/2246 2600/2962/2246
f 337/2993/2247 2598/2958/2247 2602/2961/2247 338/2996/2247
f 338/2996/2248 2602/2961/2248 2606/2967/2248 339/2997/2248
f 339/2997/2249 2606/2967/2249 2589/2952/2249 340/2998/2249
f 34/1104/2250 645/2940/2250 2610/2970/2250 406/2066/2250
f 645/2940/2251 646/2999/2251 2611/2971/2251 2610/2970/2251
f 646/2999/2252 647/3000/2252 2612/2974/2252 2611/2971/2252
f 647/3000/2253 648/3001/2253 2613/2976/2253 2612/2974/2253
f 406/2066/2254 2610/2970/2254 2614/2973/2254 405/2068/2254
f 405/2068/2255 2614/2973/2255 2618/2979/2255 404/2069/2255
f 404/2069/2256 2618/2979/2256 2601/2964/2256 403/3002/2256
f 2623/3003/2257 2624/3004/2257 2628/3005/2257 2627/3006/2257
f 2624/3004/2258 2625/3007/2258 2629/3008/2258 2628/3005/2258
f 2625/3007/2259 2626/3009/2259 2630/3010/2259 2629/3008/2259
f 2627/3006/2260 2628/3005/2260 2632/3011/2260 2631/3012/2260
f 2628/3005/2261 2629/3008/2261 2633/3013/2261 2632/3011/2261
f 2629/3008/2262 2630/3010/2262 2634/3014/2262 2633/3013/2262
f 2635/3015/2263 2636/3016/2263 2640/3017/2263 2639/3018/2263
f 2636/3016/2264 2637/3019/2264 2641/3020/2264 2640/3017/2264
f 2637/3019/2265 2638/3021/2265 2642/3022/2265 2641/3020/2265
f 2639/3018/2266 2640/3017/2266 2644/3023/2266 2643/3024/2266
f 2640/3017/2267 2641/3020/2267 2645/3025/2267 2644/3023/2267
f 2641/3020/2268 2642/3022/2268 2646/3026/2268 2645/3025/2268
f 2647/3027/2269 2648/3028/2269 2652/3029/2269 2651/3030/2269
f 2648/3028/2270 2649/3031/2270 2653/3032/2270 2652/3029/2270
f 2649/3031/2271 2650/3033/2271 2654/3034/2271 2653/3032/2271
f 2651/3030/2272 2652/3029/2272 2656/3035/2272 2655/3036/2272
f 2652/3029/2273 2653/3032/2273 2657/3037/2273 2656/3035/2273
f 2653/3032/2274 2654/3034/2274 2658/3038/2274 2657/3037/2274
f 2643/3024/2275 2644/3023/2275 2630/3039/2275 2626/3040/2275
f 2644/3023/2276 2645/3025/2276 2634/3014/2276 2630/3039/2276
f 2655/3036/2277 2656/3035/2277 2642/3041/2277 2638/3042/2277
f 2656/3035/2278 2657/3037/2278 2646/3026/2278 2642/3041/2278
f 2631/3012/2279 2632/3011/2279 2654/3043/2279 2650/3044/2279
f 2632/3011/2280 2633/3013/2280 2658/3038/2280 2654/3043/2280
f 2633/3013/2281 2634/3014/2281 2622/3045/2281 2658/3038/2281
f 2645/3025/2282 2646/3026/2282 2622/3045/2282 2634/3014/2282
f 2657/3037/2283 2658/3038/2283 2622/3045/2283 2646/3026/2283
f 26/718/2284 652/3046/2284 2623/3003/2284 134/3047/2284
f 652/3046/2285 653/3048/2285 2624/3004/2285 2623/3003/2285
f 653/3048/2286 654/3049/2286 2625/3007/2286 2624/3004/2286
f 654/3049/2287 655/3050/2287 2626/3009/2287 2625/3007/2287
f 134/3047/2288 2623/3003/2288 2627/3006/2288 135/3051/2288
f 135/3051/2289 2627/3006/2289 2631/3012/2289 136/3052/2289
f 136/3052/2290 2631/3012/2290 2650/3044/2290 137/3053/2290
f 33/1036/2291 183/1038/2291 2635/3015/2291 658/3054/2291
f 183/1038/2292 184/1042/2292 2636/3016/2292 2635/3015/2292
f 184/1042/2293 185/3055/2293 2637/3019/2293 2636/3016/2293
f 185/3055/2294 186/3056/2294 2638/3021/2294 2637/3019/2294
f 658/3054/2295 2635/3015/2295 2639/3018/2295 657/3057/2295
f 657/3057/2296 2639/3018/2296 2643/3024/2296 656/3058/2296
f 656/3058/2297 2643/3024/2297 2626/3040/2297 655/3059/2297
f 7/1027/2298 140/3060/2298 2647/3027/2298 189/3061/2298
f 140/3060/2299 139/3062/2299 2648/3028/2299 2647/3027/2299
f 139/3062/2300 138/3063/2300 2649/3031/2300 2648/3028/2300
f 138/3063/2301 137/3053/2301 2650/3033/2301 2649/3031/2301
f 189/3061/2302 2647/3027/2302 2651/3030/2302 188/3064/2302
f 188/3064/2303 2651/3030/2303 2655/3036/2303 187/3065/2303
f 187/3065/2304 2655/3036/2304 2638/3042/2304 186/3066/2304
f 2660/3067/2305 2661/3068/2305 2665/3069/2305 2664/3070/2305
f 2661/3068/2306 2662/3071/2306 2666/3072/2306 2665/3069/2306
f 2662/3071/2307 2663/3073/2307 2667/3074/2307 2666/3072/2307
f 2664/3070/2308 2665/3069/2308 2669/3075/2308 2668/3076/2308
f 2665/3069/2309 2666/3072/2309 2670/3077/2309 2669/3075/2309
f 2666/3072/2310 2667/3074/2310 2671/3078/2310 2670/3077/2310
f 2672/3079/2311 2673/3080/2311 2677/3081/2311 2676/3082/2311
f 2673/3080/2312 2674/3083/2312 2678/3084/2312 2677/3081/2312
f 2674/3083/2313 2675/3085/2313 2679/3086/2313 2678/3084/2313
f 2676/3082/2314 2677/3081/2314 2681/3087/2314 2680/3088/2314
f 2677/3081/2315 2678/3084/2315 2682/3089/2315 2681/3087/2315
f 2678/3084/2316 2679/3086/2316 2683/3090/2316 2682/3089/2316
f 2684/3091/2317 2685/3092/2317 2689/3093/2317 2688/3094/2317
f 2685/3092/2318 2686/3095/2318 2690/3096/2318 2689/3093/2318
f 2686/3095/2319 2687/3097/2319 2691/3098/2319 2690/3096/2319
f 2688/3094/2320 2689/3093/2320 2693/3099/2320 2692/3100/2320
f 2689/3093/2321 2690/3096/2321 2694/3101/2321 2693/3099/2321
f 2690/3096/2322 2691/3098/2322 2695/3102/2322 2694/3101/2322
f 2680/3088/2323 2681/3087/2323 2667/3103/2323 2663/3104/2323
f 2681/3087/2324 2682/3089/2324 2671/3078/2324 2667/3103/2324
f 2692/3100/2325 2693/3099/2325 2679/3105/2325 2675/3085/2325
f 2693/3099/2326 2694/3101/2326 2683/3090/2326 2679/3105/2326
f 2668/3076/2327 2669/3075/2327 2691/3106/2327 2687/3107/2327
f 2669/3075/2328 2670/3077/2328 2695/3102/2328 2691/3106/2328
f 2670/3077/2329 2671/3078/2329 2659/3108/2329 2695/3102/2329
f 2682/3089/2330 2683/3090/2330 2659/3108/2330 2671/3078/2330
f 2694/3101/2331 2695/3102/2331 2659/3108/2331 2683/3090/2331
f 26/718/2332 659/3109/2332 2660/3067/2332 652/3110/2332
f 659/3109/2333 660/3111/2333 2661/3068/2333 2660/3067/2333
f 660/3111/2334 661/3112/2334 2662/3071/2334 2661/3068/2334
f 661/3112/2335 662/726/2335 2663/3073/2335 2662/3071/2335
f 652/3110/2336 2660/3067/2336 2664/3070/2336 653/3113/2336
f 653/3113/2337 2664/3070/2337 2668/3076/2337 654/3049/2337
f 654/3049/2338 2668/3076/2338 2687/3107/2338 655/3059/2338
f 23/391/2339 672/3114/2339 2672/3079/2339 665/711/2339
f 672/3114/2340 671/3115/2340 2673/3080/2340 2672/3079/2340
f 671/3115/2341 670/3116/2341 2674/3083/2341 2673/3080/2341
f 670/3116/2342 669/3117/2342 2675/3085/2342 2674/3083/2342
f 665/711/2343 2672/3079/2343 2676/3082/2343 664/3118/2343
f 664/3118/2344 2676/3082/2344 2680/3088/2344 663/714/2344
f 663/714/2345 2680/3088/2345 2663/3104/2345 662/726/2345
f 33/1036/2346 658/3119/2346 2684/3091/2346 666/3120/2346
f 658/3119/2347 657/3121/2347 2685/3092/2347 2684/3091/2347
f 657/3121/2348 656/3122/2348 2686/3095/2348 2685/3092/2348
f 656/3122/2349 655/3059/2349 2687/3097/2349 2686/3095/2349
f 666/3120/2350 2684/3091/2350 2688/3094/2350 667/3123/2350
f 667/3123/2351 2688/3094/2351 2692/3100/2351 668/3124/2351
f 668/3124/2352 2692/3100/2352 2675/3085/2352 669/3125/2352
f 2697/3126/2353 2698/3127/2353 2702/3128/2353 2701/3129/2353
f 2698/3127/2354 2699/3130/2354 2703/3131/2354 2702/3128/2354
f 2699/3130/2355 2700/3132/2355 2704/3133/2355 2703/3131/2355
f 2701/3129/2356 2702/3128/2356 2706/3134/2356 2705/3135/2356
f 2702/3128/2357 2703/3131/2357 2707/3136/2357 2706/3134/2357
f 2703/3131/2358 2704/3133/2358 2708/3137/2358 2707/3136/2358
f 2709/3138/2359 2710/3139/2359 2714/3140/2359 2713/3141/2359
f 2710/3139/2360 2711/3142/2360 2715/3143/2360 2714/3140/2360
f 2711/3142/2361 2712/3144/2361 2716/3145/2361 2715/3143/2361
f 2713/3141/2362 2714/3140/2362 2718/3146/2362 2717/3147/2362
f 2714/3140/2363 2715/3143/2363 2719/3148/2363 2718/3146/2363
f 2715/3143/2364 2716/3145/2364 2720/3149/2364 2719/3148/2364
f 2721/3150/2365 2722/3151/2365 2726/3152/2365 2725/3153/2365
f 2722/3151/2366 2723/3154/2366 2727/3155/2366 2726/3152/2366
f 2723/3154/2367 2724/3156/2367 2728/3157/2367 2727/3155/2367
f 2725/3153/2368 2726/3152/2368 2730/3158/2368 2729/3159/2368
f 2726/3152/2369 2727/3155/2369 2731/3160/2369 2730/3158/2369
f 2727/3155/2370 2728/3157/2370 2732/3161/2370 2731/3160/2370
f 2717/3147/2371 2718/3146/2371 2704/3162/2371 2700/3132/2371
f 2718/3146/2372 2719/3148/2372 2708/3137/2372 2704/3162/2372
f 2729/3159/2373 2730/3158/2373 2716/3163/2373 2712/3144/2373
f 2730/3158/2374 2731/3160/2374 2720/3149/2374 2716/3163/2374
f 2705/3135/2375 2706/3134/2375 2728/3164/2375 2724/3165/2375
f 2706/3134/2376 2707/3136/2376 2732/3161/2376 2728/3164/2376
f 2707/3136/2377 2708/3137/2377 2696/3166/2377 2732/3161/2377
f 2719/3148/2378 2720/3149/2378 2696/3166/2378 2708/3137/2378
f 2731/3160/2379 2732/3161/2379 2696/3166/2379 2720/3149/2379
f 23/391/2380 329/3167/2380 2697/3126/2380 672/3114/2380
f 329/3167/2381 328/3168/2381 2698/3127/2381 2697/3126/2381
f 328/3168/2382 327/3169/2382 2699/3130/2382 2698/3127/2382
f 327/3169/2383 326/3170/2383 2700/3132/2383 2699/3130/2383
f 672/3114/2384 2697/3126/2384 2701/3129/2384 671/3115/2384
f 671/3115/2385 2701/3129/2385 2705/3135/2385 670/3171/2385
f 670/3171/2386 2705/3135/2386 2724/3165/2386 669/3172/2386
f 11/1302/2387 393/2264/2387 2709/3138/2387 323/3173/2387
f 393/2264/2388 394/2268/2388 2710/3139/2388 2709/3138/2388
f 394/2268/2389 395/3174/2389 2711/3142/2389 2710/3139/2389
f 395/3174/2390 396/2270/2390 2712/3144/2390 2711/3142/2390
f 323/3173/2391 2709/3138/2391 2713/3141/2391 324/3175/2391
f 324/3175/2392 2713/3141/2392 2717/3147/2392 325/3176/2392
f 325/3176/2393 2717/3147/2393 2700/3132/2393 326/3177/2393
f 33/1036/2394 666/3120/2394 2721/3150/2394 399/2256/2394
f 666/3120/2395 667/3178/2395 2722/3151/2395 2721/3150/2395
f 667/3178/2396 668/3179/2396 2723/3154/2396 2722/3151/2396
f 668/3179/2397 669/3180/2397 2724/3156/2397 2723/3154/2397
f 399/2256/2398 2721/3150/2398 2725/3153/2398 398/2257/2398
f 398/2257/2399 2725/3153/2399 2729/3159/2399 397/2258/2399
f 397/2258/2400 2729/3159/2400 2712/3144/2400 396/3181/2400
f 2734/3182/2401 2735/3183/2401 2739/3184/2401 2738/3185/2401
f 2735/3183/2402 2736/3186/2402 2740/3187/2402 2739/3184/2402
f 2736/3186/2403 2737/3188/2403 2741/3189/2403 2740/3187/2403
f 2738/3185/2404 2739/3184/2404 2743/3190/2404 2742/3191/2404
f 2739/3184/2405 2740/3187/2405 2744/3192/2405 2743/3190/2405
f 2740/3187/2406 2741/3189/2406 2745/3193/2406 2744/3192/2406
f 2746/3194/2407 2747/3195/2407 2751/3196/2407 2750/3197/2407
f 2747/3195/2408 2748/3198/2408 2752/3199/2408 2751/3196/2408
f 2748/3198/2409 2749/3200/2409 2753/3201/2409 2752/3199/2409
f 2750/3197/2410 2751/3196/2410 2755/3202/2410 2754/3203/2410
f 2751/3196/2411 2752/3199/2411 2756/3204/2411 2755/3202/2411
f 2752/3199/2412 2753/3201/2412 2757/3205/2412 2756/3204/2412
f 2758/3206/2413 2759/3207/2413 2763/3208/2413 2762/3209/2413
f 2759/3207/2414 2760/3210/2414 2764/3211/2414 2763/3208/2414
f 2760/3210/2415 2761/3212/2415 2765/3213/2415 2764/3211/2415
f 2762/3209/2416 2763/3208/2416 2767/3214/2416 2766/3215/2416
f 2763/3208/2417 2764/3211/2417 2768/3216/2417 2767/3214/2417
f 2764/3211/2418 2765/3213/2418 2769/3217/2418 2768/3216/2418
f 2754/3203/2419 2755/3202/2419 2741/3189/2419 2737/3218/2419
f 2755/3202/2420 2756/3204/2420 2745/3193/2420 2741/3189/2420
f 2766/3215/2421 2767/3214/2421 2753/3219/2421 2749/3220/2421
f 2767/3214/2422 2768/3216/2422 2757/3205/2422 2753/3219/2422
f 2742/3191/2423 2743/3190/2423 2765/3221/2423 2761/3222/2423
f 2743/3190/2424 2744/3192/2424 2769/3217/2424 2765/3221/2424
f 2744/3192/2425 2745/3193/2425 2733/3223/2425 2769/3217/2425
f 2756/3204/2426 2757/3205/2426 2733/3223/2426 2745/3193/2426
f 2768/3216/2427 2769/3217/2427 2733/3223/2427 2757/3205/2427
f 31/655/2428 673/3224/2428 2734/3182/2428 385/3225/2428
f 673/3224/2429 674/3226/2429 2735/3183/2429 2734/3182/2429
f 674/3226/2430 675/3227/2430 2736/3186/2430 2735/3183/2430
f 675/3227/2431 676/3228/2431 2737/3188/2431 2736/3186/2431
f 385/3225/2432 2734/3182/2432 2738/3185/2432 384/3229/2432
f 384/3229/2433 2738/3185/2433 2742/3191/2433 383/3230/2433
f 383/3230/2434 2742/3191/2434 2761/3222/2434 382/3231/2434
f 32/910/2435 176/2498/2435 2746/3194/2435 679/3232/2435
f 176/2498/2436 177/3233/2436 2747/3195/2436 2746/3194/2436
f 177/3233/2437 178/3234/2437 2748/3198/2437 2747/3195/2437
f 178/3234/2438 179/3235/2438 2749/3200/2438 2748/3198/2438
f 679/3232/2439 2746/3194/2439 2750/3197/2439 678/3236/2439
f 678/3236/2440 2750/3197/2440 2754/3203/2440 677/3237/2440
f 677/3237/2441 2754/3203/2441 2737/3218/2441 676/3238/2441
f 10/1233/2442 379/2448/2442 2758/3206/2442 182/3239/2442
f 379/2448/2443 380/3240/2443 2759/3207/2443 2758/3206/2443
f 380/3240/2444 381/2451/2444 2760/3210/2444 2759/3207/2444
f 381/2451/2445 382/3241/2445 2761/3212/2445 2760/3210/2445
f 182/3239/2446 2758/3206/2446 2762/3209/2446 181/3242/2446
f 181/3242/2447 2762/3209/2447 2766/3215/2447 180/3243/2447
f 180/3243/2448 2766/3215/2448 2749/3220/2448 179/2515/2448
f 2771/3244/2449 2772/3245/2449 2776/3246/2449 2775/3247/2449
f 2772/3245/2450 2773/3248/2450 2777/3249/2450 2776/3246/2450
f 2773/3248/2451 2774/3250/2451 2778/3251/2451 2777/3249/2451
f 2775/3247/2452 2776/3246/2452 2780/3252/2452 2779/3253/2452
f 2776/3246/2453 2777/3249/2453 2781/3254/2453 2780/3252/2453
f 2777/3249/2454 2778/3251/2454 2782/3255/2454 2781/3254/2454
f 2783/3256/2455 2784/3257/2455 2788/3258/2455 2787/3259/2455
f 2784/3257/2456 2785/3260/2456 2789/3261/2456 2788/3258/2456
f 2785/3260/2457 2786/3262/2457 2790/3263/2457 2789/3261/2457
f 2787/3259/2458 2788/3258/2458 2792/3264/2458 2791/3265/2458
f 2788/3258/2459 2789/3261/2459 2793/3266/2459 2792/3264/2459
f 2789/3261/2460 2790/3263/2460 2794/3267/2460 2793/3266/2460
f 2795/3268/2461 2796/3269/2461 2800/3270/2461 2799/3271/2461
f 2796/3269/2462 2797/3272/2462 2801/3273/2462 2800/3270/2462
f 2797/3272/2463 2798/3274/2463 2802/3275/2463 2801/3273/2463
f 2799/3271/2464 2800/3270/2464 2804/3276/2464 2803/3277/2464
f 2800/3270/2465 2801/3273/2465 2805/3278/2465 2804/3276/2465
f 2801/3273/2466 2802/3275/2466 2806/3279/2466 2805/3278/2466
f 2791/3265/2467 2792/3264/2467 2778/3280/2467 2774/3250/2467
f 2792/3264/2468 2793/3266/2468 2782/3255/2468 2778/3280/2468
f 2803/3277/2469 2804/3276/2469 2790/3281/2469 2786/3282/2469
f 2804/3276/2470 2805/3278/2470 2794/3267/2470 2790/3281/2470
f 2779/3253/2471 2780/3252/2471 2802/3275/2471 2798/3274/2471
f 2780/3252/2472 2781/3254/2472 2806/3279/2472 2802/3275/2472
f 2781/3254/2473 2782/3255/2473 2770/3283/2473 2806/3279/2473
f 2793/3266/2474 2794/3267/2474 2770/3283/2474 2782/3255/2474
f 2805/3278/2475 2806/3279/2475 2770/3283/2475 2794/3267/2475
f 31/655/2476 680/657/2476 2771/3244/2476 673/3284/2476
f 680/657/2477 681/3285/2477 2772/3245/2477 2771/3244/2477
f 681/3285/2478 682/661/2478 2773/3248/2478 2772/3245/2478
f 682/661/2479 683/3286/2479 2774/3250/2479 2773/3248/2479
f 673/3284/2480 2771/3244/2480 2775/3247/2480 674/3287/2480
f 674/3287/2481 2775/3247/2481 2779/3253/2481 675/3227/2481
f 675/3227/2482 2779/3253/2482 2798/3274/2482 676/3288/2482
f 22/647/2483 693/3289/2483 2783/3256/2483 686/3290/2483
f 693/3289/2484 692/3291/2484 2784/3257/2484 2783/3256/2484
f 692/3291/2485 691/3292/2485 2785/3260/2485 2784/3257/2485
f 691/3292/2486 690/3293/2486 2786/3262/2486 2785/3260/2486
f 686/3290/2487 2783/3256/2487 2787/3259/2487 685/650/2487
f 685/650/2488 2787/3259/2488 2791/3265/2488 684/3294/2488
f 684/3294/2489 2791/3265/2489 2774/3250/2489 683/652/2489
f 32/910/2490 679/3232/2490 2795/3268/2490 687/3295/2490
f 679/3232/2491 678/3296/2491 2796/3269/2491 2795/3268/2491
f 678/3296/2492 677/3297/2492 2797/3272/2492 2796/3269/2492
f 677/3297/2493 676/3288/2493 2798/3274/2493 2797/3272/2493
f 687/3295/2494 2795/3268/2494 2799/3271/2494 688/3298/2494
f 688/3298/2495 2799/3271/2495 2803/3277/2495 689/3299/2495
f 689/3299/2496 2803/3277/2496 2786/3282/2496 690/3300/2496
f 2808/3301/2497 2809/3302/2497 2813/3303/2497 2812/3304/2497
f 2809/3302/2498 2810/3305/2498 2814/3306/2498 2813/3303/2498
f 2810/3305/2499 2811/3307/2499 2815/3308/2499 2814/3306/2499
f 2812/3304/2500 2813/3303/2500 2817/3309/2500 2816/3310/2500
f 2813/3303/2501 2814/3306/2501 2818/3311/2501 2817/3309/2501
f 2814/3306/2502 2815/3308/2502 2819/3312/2502 2818/3311/2502
f 2820/3313/2503 2821/3314/2503 2825/3315/2503 2824/3316/2503
f 2821/3314/2504 2822/3317/2504 2826/3318/2504 2825/3315/2504
f 2822/3317/2505 2823/3319/2505 2827/3320/2505 2826/3318/2505
f 2824/3316/2506 2825/3315/2506 2829/3321/2506 2828/3322/2506
f 2825/3315/2507 2826/3318/2507 2830/3323/2507 2829/3321/2507
f 2826/3318/2508 2827/3320/2508 2831/3324/2508 2830/3323/2508
f 2832/3325/2509 2833/3326/2509 2837/3327/2509 2836/3328/2509
f 2833/3326/2510 2834/3329/2510 2838/3330/2510 2837/3327/2510
f 2834/3329/2511 2835/3331/2511 2839/3332/2511 2838/3330/2511
f 2836/3328/2512 2837/3327/2512 2841/3333/2512 2840/3334/2512
f 2837/3327/2513 2838/3330/2513 2842/3335/2513 2841/3333/2513
f 2838/3330/2514 2839/3332/2514 2843/3336/2514 2842/3335/2514
f 2828/3322/2515 2829/3321/2515 2815/3308/2515 2811/3337/2515
f 2829/3321/2516 2830/3323/2516 2819/3312/2516 2815/3308/2516
f 2840/3334/2517 2841/3333/2517 2827/3338/2517 2823/3339/2517
f 2841/3333/2518 2842/3335/2518 2831/3324/2518 2827/3338/2518
f 2816/3310/2519 2817/3309/2519 2839/3340/2519 2835/3341/2519
f 2817/3309/2520 2818/3311/2520 2843/3336/2520 2839/3340/2520
f 2818/3311/2521 2819/3312/2521 2807/3342/2521 2843/3336/2521
f 2830/3323/2522 2831/3324/2522 2807/3342/2522 2819/3312/2522
f 2842/3335/2523 2843/3336/2523 2807/3342/2523 2831/3324/2523
f 22/647/2524 322/3343/2524 2808/3301/2524 693/3344/2524
f 322/3343/2525 321/3345/2525 2809/3302/2525 2808/3301/2525
f 321/3345/2526 320/3346/2526 2810/3305/2526 2809/3302/2526
f 320/3346/2527 319/3347/2527 2811/3307/2527 2810/3305/2527
f 693/3344/2528 2808/3301/2528 2812/3304/2528 692/3348/2528
f 692/3348/2529 2812/3304/2529 2816/3310/2529 691/3349/2529
f 691/3349/2530 2816/3310/2530 2835/3341/2530 690/3350/2530
f 5/571/2531 386/3351/2531 2820/3313/2531 316/3352/2531
f 386/3351/2532 387/3353/2532 2821/3314/2532 2820/3313/2532
f 387/3353/2533 388/902/2533 2822/3317/2533 2821/3314/2533
f 388/902/2534 389/3354/2534 2823/3319/2534 2822/3317/2534
f 316/3352/2535 2820/3313/2535 2824/3316/2535 317/3355/2535
f 317/3355/2536 2824/3316/2536 2828/3322/2536 318/3356/2536
f 318/3356/2537 2828/3322/2537 2811/3337/2537 319/3347/2537
f 32/910/2538 687/3295/2538 2832/3325/2538 392/3357/2538
f 687/3295/2539 688/3358/2539 2833/3326/2539 2832/3325/2539
f 688/3358/2540 689/3359/2540 2834/3329/2540 2833/3326/2540
f 689/3359/2541 690/3293/2541 2835/3331/2541 2834/3329/2541
f 392/3357/2542 2832/3325/2542 2836/3328/2542 391/3360/2542
f 391/3360/2543 2836/3328/2543 2840/3334/2543 390/3361/2543
f 390/3361/2544 2840/3334/2544 2823/3339/2544 389/3362/2544
f 2845/3363/2545 2846/3364/2545 2850/3365/2545 2849/3366/2545
f 2846/3364/2546 2847/3367/2546 2851/3368/2546 2850/3365/2546
f 2847/3367/2547 2848/3369/2547 2852/3370/2547 2851/3368/2547
f 2849/3366/2548 2850/3365/2548 2854/3371/2548 2853/3372/2548
f 2850/3365/2549 2851/3368/2549 2855/3373/2549 2854/3371/2549
f 2851/3368/2550 2852/3370/2550 2856/3374/2550 2855/3373/2550
f 2857/3375/2551 2858/3376/2551 2862/3377/2551 2861/3378/2551
f 2858/3376/2552 2859/3379/2552 2863/3380/2552 2862/3377/2552
f 2859/3379/2553 2860/3381/2553 2864/3382/2553 2863/3380/2553
f 2861/3378/2554 2862/3377/2554 2866/3383/2554 2865/3384/2554
f 2862/3377/2555 2863/3380/2555 2867/3385/2555 2866/3383/2555
f 2863/3380/2556 2864/3382/2556 2868/3386/2556 2867/3385/2556
f 2869/3387/2557 2870/3388/2557 2874/3389/2557 2873/3390/2557
f 2870/3388/2558 2871/3391/2558 2875/3392/2558 2874/3389/2558
f 2871/3391/2559 2872/3393/2559 2876/3394/2559 2875/3392/2559
f 2873/3390/2560 2874/3389/2560 2878/3395/2560 2877/3396/2560
f 2874/3389/2561 2875/3392/2561 2879/3397/2561 2878/3395/2561
f 2875/3392/2562 2876/3394/2562 2880/3398/2562 2879/3397/2562
f 2865/3384/2563 2866/3383/2563 2852/3370/2563 2848/3399/2563
f 2866/3383/2564 2867/3385/2564 2856/3374/2564 2852/3370/2564
f 2877/3396/2565 2878/3395/2565 2864/3400/2565 2860/3401/2565
f 2878/3395/2566 2879/3397/2566 2868/3386/2566 2864/3400/2566
f 2853/3372/2567 2854/3371/2567 2876/3402/2567 2872/3393/2567
f 2854/3371/2568 2855/3373/2568 2880/3398/2568 2876/3402/2568
f 2855/3373/2569 2856/3374/2569 2844/3403/2569 2880/3398/2569
f 2867/3385/2570 2868/3386/2570 2844/3403/2570 2856/3374/2570
f 2879/3397/2571 2880/3398/2571 2844/3403/2571 2868/3386/2571
f 29/588/2572 694/3404/2572 2845/3363/2572 371/2619/2572
f 694/3404/2573 695/3405/2573 2846/3364/2573 2845/3363/2573
f 695/3405/2574 696/3406/2574 2847/3367/2574 2846/3364/2574
f 696/3406/2575 697/3407/2575 2848/3369/2575 2847/3367/2575
f 371/2619/2576 2845/3363/2576 2849/3366/2576 370/3408/2576
f 370/3408/2577 2849/3366/2577 2853/3372/2577 369/3409/2577
f 369/3409/2578 2853/3372/2578 2872/3393/2578 368/3410/2578
f 30/847/2579 162/3411/2579 2857/3375/2579 700/3412/2579
f 162/3411/2580 163/3413/2580 2858/3376/2580 2857/3375/2580
f 163/3413/2581 164/3414/2581 2859/3379/2581 2858/3376/2581
f 164/3414/2582 165/3415/2582 2860/3381/2582 2859/3379/2582
f 700/3412/2583 2857/3375/2583 2861/3378/2583 699/3416/2583
f 699/3416/2584 2861/3378/2584 2865/3384/2584 698/3417/2584
f 698/3417/2585 2865/3384/2585 2848/3399/2585 697/3418/2585
f 9/1163/2586 365/2625/2586 2869/3387/2586 168/3419/2586
f 365/2625/2587 366/3420/2587 2870/3388/2587 2869/3387/2587
f 366/3420/2588 367/2629/2588 2871/3391/2588 2870/3388/2588
f 367/2629/2589 368/3421/2589 2872/3393/2589 2871/3391/2589
f 168/3419/2590 2869/3387/2590 2873/3390/2590 167/3422/2590
f 167/3422/2591 2873/3390/2591 2877/3396/2591 166/3423/2591
f 166/3423/2592 2877/3396/2592 2860/3401/2592 165/3424/2592
f 2882/3425/2593 2883/3426/2593 2887/3427/2593 2886/3428/2593
f 2883/3426/2594 2884/3429/2594 2888/3430/2594 2887/3427/2594
f 2884/3429/2595 2885/3431/2595 2889/3432/2595 2888/3430/2595
f 2886/3428/2596 2887/3427/2596 2891/3433/2596 2890/3434/2596
f 2887/3427/2597 2888/3430/2597 2892/3435/2597 2891/3433/2597
f 2888/3430/2598 2889/3432/2598 2893/3436/2598 2892/3435/2598
f 2894/3437/2599 2895/3438/2599 2899/3439/2599 2898/3440/2599
f 2895/3438/2600 2896/3441/2600 2900/3442/2600 2899/3439/2600
f 2896/3441/2601 2897/3443/2601 2901/3444/2601 2900/3442/2601
f 2898/3440/2602 2899/3439/2602 2903/3445/2602 2902/3446/2602
f 2899/3439/2603 2900/3442/2603 2904/3447/2603 2903/3445/2603
f 2900/3442/2604 2901/3444/2604 2905/3448/2604 2904/3447/2604
f 2906/3449/2605 2907/3450/2605 2911/3451/2605 2910/3452/2605
f 2907/3450/2606 2908/3453/2606 2912/3454/2606 2911/3451/2606
f 2908/3453/2607 2909/3455/2607 2913/3456/2607 2912/3454/2607
f 2910/3452/2608 2911/3451/2608 2915/3457/2608 2914/3458/2608
f 2911/3451/2609 2912/3454/2609 2916/3459/2609 2915/3457/2609
f 2912/3454/2610 2913/3456/2610 2917/3460/2610 2916/3459/2610
f 2902/3446/2611 2903/3445/2611 2889/3461/2611 2885/3462/2611
f 2903/3445/2612 2904/3447/2612 2893/3436/2612 2889/3461/2612
f 2914/3458/2613 2915/3457/2613 2901/3463/2613 2897/3464/2613
f 2915/3457/2614 2916/3459/2614 2905/3448/2614 2901/3463/2614
f 2890/3434/2615 2891/3433/2615 2913/3465/2615 2909/3466/2615
f 2891/3433/2616 2892/3435/2616 2917/3460/2616 2913/3465/2616
f 2892/3435/2617 2893/3436/2617 2881/3467/2617 2917/3460/2617
f 2904/3447/2618 2905/3448/2618 2881/3467/2618 2893/3436/2618
f 2916/3459/2619 2917/3460/2619 2881/3467/2619 2905/3448/2619
f 29/588/2620 701/590/2620 2882/3425/2620 694/3468/2620
f 701/590/2621 702/3469/2621 2883/3426/2621 2882/3425/2621
f 702/3469/2622 703/595/2622 2884/3429/2622 2883/3426/2622
f 703/595/2623 704/3470/2623 2885/3431/2623 2884/3429/2623
f 694/3468/2624 2882/3425/2624 2886/3428/2624 695/3471/2624
f 695/3471/2625 2886/3428/2625 2890/3434/2625 696/3406/2625
f 696/3406/2626 2890/3434/2626 2909/3466/2626 697/3472/2626
f 21/580/2627 714/3473/2627 2894/3437/2627 707/3474/2627
f 714/3473/2628 713/3475/2628 2895/3438/2628 2894/3437/2628
f 713/3475/2629 712/3476/2629 2896/3441/2629 2895/3438/2629
f 712/3476/2630 711/3477/2630 2897/3443/2630 2896/3441/2630
f 707/3474/2631 2894/3437/2631 2898/3440/2631 706/3478/2631
f 706/3478/2632 2898/3440/2632 2902/3446/2632 705/584/2632
f 705/584/2633 2902/3446/2633 2885/3462/2633 704/596/2633
f 30/847/2634 700/3412/2634 2906/3449/2634 708/3479/2634
f 700/3412/2635 699/3480/2635 2907/3450/2635 2906/3449/2635
f 699/3480/2636 698/3481/2636 2908/3453/2636 2907/3450/2636
f 698/3481/2637 697/3482/2637 2909/3455/2637 2908/3453/2637
f 708/3479/2638 2906/3449/2638 2910/3452/2638 709/3483/2638
f 709/3483/2639 2910/3452/2639 2914/3458/2639 710/3484/2639
f 710/3484/2640 2914/3458/2640 2897/3464/2640 711/3485/2640
f 2919/3486/2641 2920/3487/2641 2924/3488/2641 2923/3489/2641
f 2920/3487/2642 2921/3490/2642 2925/3491/2642 2924/3488/2642
f 2921/3490/2643 2922/3492/2643 2926/3493/2643 2925/3491/2643
f 2923/3489/2644 2924/3488/2644 2928/3494/2644 2927/3495/2644
f 2924/3488/2645 2925/3491/2645 2929/3496/2645 2928/3494/2645
f 2925/3491/2646 2926/3493/2646 2930/3497/2646 2929/3496/2646
f 2931/3498/2647 2932/3499/2647 2936/3500/2647 2935/3501/2647
f 2932/3499/2648 2933/3502/2648 2937/3503/2648 2936/3500/2648
f 2933/3502/2649 2934/3504/2649 2938/3505/2649 2937/3503/2649
f 2935/3501/2650 2936/3500/2650 2940/3506/2650 2939/3507/2650
f 2936/3500/2651 2937/3503/2651 2941/3508/2651 2940/3506/2651
f 2937/3503/2652 2938/3505/2652 2942/3509/2652 2941/3508/2652
f 2943/3510/2653 2944/3511/2653 2948/3512/2653 2947/3513/2653
f 2944/3511/2654 2945/3514/2654 2949/3515/2654 2948/3512/2654
f 2945/3514/2655 2946/3516/2655 2950/3517/2655 2949/3515/2655
f 2947/3513/2656 2948/3512/2656 2952/3518/2656 2951/3519/2656
f 2948/3512/2657 2949/3515/2657 2953/3520/2657 2952/3518/2657
f 2949/3515/2658 2950/3517/2658 2954/3521/2658 2953/3520/2658
f 2939/3507/2659 2940/3506/2659 2926/3522/2659 2922/3523/2659
f 2940/3506/2660 2941/3508/2660 2930/3497/2660 2926/3522/2660
f 2951/3519/2661 2952/3518/2661 2938/3524/2661 2934/3525/2661
f 2952/3518/2662 2953/3520/2662 2942/3509/2662 2938/3524/2662
f 2927/3495/2663 2928/3494/2663 2950/3526/2663 2946/3527/2663
f 2928/3494/2664 2929/3496/2664 2954/3521/2664 2950/3526/2664
f 2929/3496/2665 2930/3497/2665 2918/3528/2665 2954/3521/2665
f 2941/3508/2666 2942/3509/2666 2918/3528/2666 2930/3497/2666
f 2953/3520/2667 2954/3521/2667 2918/3528/2667 2942/3509/2667
f 21/580/2668 315/3529/2668 2919/3486/2668 714/3473/2668
f 315/3529/2669 314/3530/2669 2920/3487/2669 2919/3486/2669
f 314/3530/2670 313/3531/2670 2921/3490/2670 2920/3487/2670
f 313/3531/2671 312/3532/2671 2922/3492/2671 2921/3490/2671
f 714/3473/2672 2919/3486/2672 2923/3489/2672 713/3533/2672
f 713/3533/2673 2923/3489/2673 2927/3495/2673 712/3534/2673
f 712/3534/2674 2927/3495/2674 2946/3527/2674 711/3535/2674
f 4/506/2675 372/833/2675 2931/3498/2675 309/3536/2675
f 372/833/2676 373/836/2676 2932/3499/2676 2931/3498/2676
f 373/836/2677 374/3537/2677 2933/3502/2677 2932/3499/2677
f 374/3537/2678 375/3538/2678 2934/3504/2678 2933/3502/2678
f 309/3536/2679 2931/3498/2679 2935/3501/2679 310/3539/2679
f 310/3539/2680 2935/3501/2680 2939/3507/2680 311/3540/2680
f 311/3540/2681 2939/3507/2681 2922/3523/2681 312/3541/2681
f 30/847/2682 708/3542/2682 2943/3510/2682 378/3543/2682
f 708/3542/2683 709/3544/2683 2944/3511/2683 2943/3510/2683
f 709/3544/2684 710/3545/2684 2945/3514/2684 2944/3511/2684
f 710/3545/2685 711/3546/2685 2946/3516/2685 2945/3514/2685
f 378/3543/2686 2943/3510/2686 2947/3513/2686 377/3547/2686
f 377/3547/2687 2947/3513/2687 2951/3519/2687 376/851/2687
f 376/851/2688 2951/3519/2688 2934/3525/2688 375/852/2688
f 2956/3548/2689 2957/3549/2689 2961/3550/2689 2960/3551/2689
f 2957/3549/2690 2958/3552/2690 2962/3553/2690 2961/3550/2690
f 2958/3552/2691 2959/3554/2691 2963/3555/2691 2962/3553/2691
f 2960/3551/2692 2961/3550/2692 2965/3556/2692 2964/3557/2692
f 2961/3550/2693 2962/3553/2693 2966/3558/2693 2965/3556/2693
f 2962/3553/2694 2963/3555/2694 2967/3559/2694 2966/3558/2694
f 2968/3560/2695 2969/3561/2695 2973/3562/2695 2972/3563/2695
f 2969/3561/2696 2970/3564/2696 2974/3565/2696 2973/3562/2696
f 2970/3564/2697 2971/3566/2697 2975/3567/2697 2974/3565/2697
f 2972/3563/2698 2973/3562/2698 2977/3568/2698 2976/3569/2698
f 2973/3562/2699 2974/3565/2699 2978/3570/2699 2977/3568/2699
f 2974/3565/2700 2975/3567/2700 2979/3571/2700 2978/3570/2700
f 2980/3572/2701 2981/3573/2701 2985/3574/2701 2984/3575/2701
f 2981/3573/2702 2982/3576/2702 2986/3577/2702 2985/3574/2702
f 2982/3576/2703 2983/3578/2703 2987/3579/2703 2986/3577/2703
f 2984/3575/2704 2985/3574/2704 2989/3580/2704 2988/3581/2704
f 2985/3574/2705 2986/3577/2705 2990/3582/2705 2989/3580/2705
f 2986/3577/2706 2987/3579/2706 2991/3583/2706 2990/3582/2706
f 2976/3569/2707 2977/3568/2707 2963/3555/2707 2959/3584/2707
f 2977/3568/2708 2978/3570/2708 2967/3559/2708 2963/3555/2708
f 2988/3581/2709 2989/3580/2709 2975/3585/2709 2971/3586/2709
f 2989/3580/2710 2990/3582/2710 2979/3571/2710 2975/3585/2710
f 2964/3557/2711 2965/3556/2711 2987/3579/2711 2983/3587/2711
f 2965/3556/2712 2966/3558/2712 2991/3583/2712 2987/3579/2712
f 2966/3558/2713 2967/3559/2713 2955/3588/2713 2991/3583/2713
f 2978/3570/2714 2979/3571/2714 2955/3588/2714 2967/3559/2714
f 2990/3582/2715 2991/3583/2715 2955/3588/2715 2979/3571/2715
f 27/523/2716 715/3589/2716 2956/3548/2716 357/3590/2716
f 715/3589/2717 716/3591/2717 2957/3549/2717 2956/3548/2717
f 716/3591/2718 717/3592/2718 2958/3552/2718 2957/3549/2718
f 717/3592/2719 718/3593/2719 2959/3554/2719 2958/3552/2719
f 357/3590/2720 2956/3548/2720 2960/3551/2720 356/2803/2720
f 356/2803/2721 2960/3551/2721 2964/3557/2721 355/2804/2721
f 355/2804/2722 2964/3557/2722 2983/3587/2722 354/3594/2722
f 28/3595/2723 148/3596/2723 2968/3560/2723 721/3597/2723
f 148/3596/2724 149/3598/2724 2969/3561/2724 2968/3560/2724
f 149/3598/2725 150/3599/2725 2970/3564/2725 2969/3561/2725
f 150/3599/2726 151/3600/2726 2971/3566/2726 2970/3564/2726
f 721/3597/2727 2968/3560/2727 2972/3563/2727 720/3601/2727
f 720/3601/2728 2972/3563/2728 2976/3569/2728 719/3602/2728
f 719/3602/2729 2976/3569/2729 2959/3584/2729 718/3603/2729
f 8/1882/2730 351/2809/2730 2980/3572/2730 154/3604/2730
f 351/2809/2731 352/3605/2731 2981/3573/2731 2980/3572/2731
f 352/3605/2732 353/2814/2732 2982/3576/2732 2981/3573/2732
f 353/2814/2733 354/3594/2733 2983/3578/2733 2982/3576/2733
f 154/3604/2734 2980/3572/2734 2984/3575/2734 153/3606/2734
f 153/3606/2735 2984/3575/2735 2988/3581/2735 152/3607/2735
f 152/3607/2736 2988/3581/2736 2971/3586/2736 151/3600/2736
f 2993/3608/2737 2994/3609/2737 2998/3610/2737 2997/3611/2737
f 2994/3609/2738 2995/3612/2738 2999/3613/2738 2998/3610/2738
f 2995/3612/2739 2996/3614/2739 3000/3615/2739 2999/3613/2739
f 2997/3611/2740 2998/3610/2740 3002/3616/2740 3001/3617/2740
f 2998/3610/2741 2999/3613/2741 3003/3618/2741 3002/3616/2741
f 2999/3613/2742 3000/3615/2742 3004/3619/2742 3003/3618/2742
f 3005/3620/2743 3006/3621/2743 3010/3622/2743 3009/3623/2743
f 3006/3621/2744 3007/3624/2744 3011/3625/2744 3010/3622/2744
f 3007/3624/2745 3008/3626/2745 3012/3627/2745 3011/3625/2745
f 3009/3623/2746 3010/3622/2746 3014/3628/2746 3013/3629/2746
f 3010/3622/2747 3011/3625/2747 3015/3630/2747 3014/3628/2747
f 3011/3625/2748 3012/3627/2748 3016/3631/2748 3015/3630/2748
f 3017/3632/2749 3018/3633/2749 3022/3634/2749 3021/3635/2749
f 3018/3633/2750 3019/3636/2750 3023/3637/2750 3022/3634/2750
f 3019/3636/2751 3020/3638/2751 3024/3639/2751 3023/3637/2751
f 3021/3635/2752 3022/3634/2752 3026/3640/2752 3025/3641/2752
f 3022/3634/2753 3023/3637/2753 3027/3642/2753 3026/3640/2753
f 3023/3637/2754 3024/3639/2754 3028/3643/2754 3027/3642/2754
f 3013/3629/2755 3014/3628/2755 3000/3644/2755 2996/3645/2755
f 3014/3628/2756 3015/3630/2756 3004/3619/2756 3000/3644/2756
f 3025/3641/2757 3026/3640/2757 3012/3646/2757 3008/3626/2757
f 3026/3640/2758 3027/3642/2758 3016/3631/2758 3012/3646/2758
f 3001/3617/2759 3002/3616/2759 3024/3647/2759 3020/3638/2759
f 3002/3616/2760 3003/3618/2760 3028/3643/2760 3024/3647/2760
f 3003/3618/2761 3004/3619/2761 2992/3648/2761 3028/3643/2761
f 3015/3630/2762 3016/3631/2762 2992/3648/2762 3004/3619/2762
f 3027/3642/2763 3028/3643/2763 2992/3648/2763 3016/3631/2763
f 27/523/2764 722/3649/2764 2993/3608/2764 715/3650/2764
f 722/3649/2765 723/3651/2765 2994/3609/2765 2993/3608/2765
f 723/3651/2766 724/3652/2766 2995/3612/2766 2994/3609/2766
f 724/3652/2767 725/3653/2767 2996/3614/2767 2995/3612/2767
f 715/3650/2768 2993/3608/2768 2997/3611/2768 716/3654/2768
f 716/3654/2769 2997/3611/2769 3001/3617/2769 717/3655/2769
f 717/3655/2770 3001/3617/2770 3020/3638/2770 718/3656/2770
f 19/515/2771 735/3657/2771 3005/3620/2771 728/3658/2771
f 735/3657/2772 734/3659/2772 3006/3621/2772 3005/3620/2772
f 734/3659/2773 733/3660/2773 3007/3624/2773 3006/3621/2773
f 733/3660/2774 732/3661/2774 3008/3626/2774 3007/3624/2774
f 728/3658/2775 3005/3620/2775 3009/3623/2775 727/518/2775
f 727/518/2776 3009/3623/2776 3013/3629/2776 726/519/2776
f 726/519/2777 3013/3629/2777 2996/3645/2777 725/3653/2777
f 28/3595/2778 721/3662/2778 3017/3632/2778 729/3663/2778
f 721/3662/2779 720/3664/2779 3018/3633/2779 3017/3632/2779
f 720/3664/2780 719/3665/2780 3019/3636/2780 3018/3633/2780
f 719/3665/2781 718/3666/2781 3020/3638/2781 3019/3636/2781
f 729/3663/2782 3017/3632/2782 3021/3635/2782 730/3667/2782
f 730/3667/2783 3021/3635/2783 3025/3641/2783 731/3668/2783
f 731/3668/2784 3025/3641/2784 3008/3626/2784 732/3669/2784
f 3030/3670/2785 3031/3671/2785 3035/3672/2785 3034/3673/2785
f 3031/3671/2786 3032/3674/2786 3036/3675/2786 3035/3672/2786
f 3032/3674/2787 3033/3676/2787 3037/3677/2787 3036/3675/2787
f 3034/3673/2788 3035/3672/2788 3039/3678/2788 3038/3679/2788
f 3035/3672/2789 3036/3675/2789 3040/3680/2789 3039/3678/2789
f 3036/3675/2790 3037/3677/2790 3041/3681/2790 3040/3680/2790
f 3042/3682/2791 3043/3683/2791 3047/3684/2791 3046/3685/2791
f 3043/3683/2792 3044/3686/2792 3048/3687/2792 3047/3684/2792
f 3044/3686/2793 3045/3688/2793 3049/3689/2793 3048/3687/2793
f 3046/3685/2794 3047/3684/2794 3051/3690/2794 3050/3691/2794
f 3047/3684/2795 3048/3687/2795 3052/3692/2795 3051/3690/2795
f 3048/3687/2796 3049/3689/2796 3053/3693/2796 3052/3692/2796
f 3054/3694/2797 3055/3695/2797 3059/3696/2797 3058/3697/2797
f 3055/3695/2798 3056/3698/2798 3060/3699/2798 3059/3696/2798
f 3056/3698/2799 3057/3700/2799 3061/3701/2799 3060/3699/2799
f 3058/3697/2800 3059/3696/2800 3063/3702/2800 3062/3703/2800
f 3059/3696/2801 3060/3699/2801 3064/3704/2801 3063/3702/2801
f 3060/3699/2802 3061/3701/2802 3065/3705/2802 3064/3704/2802
f 3050/3691/2803 3051/3690/2803 3037/3677/2803 3033/3706/2803
f 3051/3690/2804 3052/3692/2804 3041/3681/2804 3037/3677/2804
f 3062/3703/2805 3063/3702/2805 3049/3707/2805 3045/3688/2805
f 3063/3702/2806 3064/3704/2806 3053/3693/2806 3049/3707/2806
f 3038/3679/2807 3039/3678/2807 3061/3701/2807 3057/3708/2807
f 3039/3678/2808 3040/3680/2808 3065/3705/2808 3061/3701/2808
f 3040/3680/2809 3041/3681/2809 3029/3709/2809 3065/3705/2809
f 3052/3692/2810 3053/3693/2810 3029/3709/2810 3041/3681/2810
f 3064/3704/2811 3065/3705/2811 3029/3709/2811 3053/3693/2811
f 19/515/2812 301/3710/2812 3030/3670/2812 735/3657/2812
f 301/3710/2813 300/3711/2813 3031/3671/2813 3030/3670/2813
f 300/3711/2814 299/3712/2814 3032/3674/2814 3031/3671/2814
f 299/3712/2815 298/3713/2815 3033/3676/2815 3032/3674/2815
f 735/3657/2816 3030/3670/2816 3034/3673/2816 734/3714/2816
f 734/3714/2817 3034/3673/2817 3038/3679/2817 733/3715/2817
f 733/3715/2818 3038/3679/2818 3057/3708/2818 732/3716/2818
f 3/3717/2819 358/3718/2819 3042/3682/2819 295/3719/2819
f 358/3718/2820 359/3720/2820 3043/3683/2820 3042/3682/2820
f 359/3720/2821 360/3721/2821 3044/3686/2821 3043/3683/2821
f 360/3721/2822 361/3722/2822 3045/3688/2822 3044/3686/2822
f 295/3719/2823 3042/3682/2823 3046/3685/2823 296/3723/2823
f 296/3723/2824 3046/3685/2824 3050/3691/2824 297/3724/2824
f 297/3724/2825 3050/3691/2825 3033/3706/2825 298/3713/2825
f 28/3595/2826 729/3725/2826 3054/3694/2826 364/3726/2826
f 729/3725/2827 730/3727/2827 3055/3695/2827 3054/3694/2827
f 730/3727/2828 731/3668/2828 3056/3698/2828 3055/3695/2828
f 731/3668/2829 732/3716/2829 3057/3700/2829 3056/3698/2829
f 364/3726/2830 3054/3694/2830 3058/3697/2830 363/3728/2830
f 363/3728/2831 3058/3697/2831 3062/3703/2831 362/3729/2831
f 362/3729/2832 3062/3703/2832 3045/3688/2832 361/3722/2832
f 3067/3730/2833 3068/3731/2833 3072/3732/2833 3071/3733/2833
f 3068/3731/2834 3069/3734/2834 3073/3735/2834 3072/3732/2834
f 3069/3734/2835 3070/3736/2835 3074/3737/2835 3073/3735/2835
f 3071/3733/2836 3072/3732/2836 3076/3738/2836 3075/3739/2836
f 3072/3732/2837 3073/3735/2837 3077/3740/2837 3076/3738/2837
f 3073/3735/2838 3074/3737/2838 3078/3741/2838 3077/3740/2838
f 3079/3742/2839 3080/3743/2839 3084/3744/2839 3083/3745/2839
f 3080/3743/2840 3081/3746/2840 3085/3747/2840 3084/3744/2840
f 3081/3746/2841 3082/3748/2841 3086/3749/2841 3085/3747/2841
f 3083/3745/2842 3084/3744/2842 3088/3750/2842 3087/3751/2842
f 3084/3744/2843 3085/3747/2843 3089/3752/2843 3088/3750/2843
f 3085/3747/2844 3086/3749/2844 3090/3753/2844 3089/3752/2844
f 3091/3754/2845 3092/3755/2845 3096/3756/2845 3095/3757/2845
f 3092/3755/2846 3093/3758/2846 3097/3759/2846 3096/3756/2846
f 3093/3758/2847 3094/3760/2847 3098/3761/2847 3097/3759/2847
f 3095/3757/2848 3096/3756/2848 3100/3762/2848 3099/3763/2848
f 3096/3756/2849 3097/3759/2849 3101/3764/2849 3100/3762/2849
f 3097/3759/2850 3098/3761/2850 3102/3765/2850 3101/3764/2850
f 3087/3751/2851 3088/3750/2851 3074/3737/2851 3070/3766/2851
f 3088/3750/2852 3089/3752/2852 3078/3741/2852 3074/3737/2852
f 3099/3763/2853 3100/3762/2853 3086/3767/2853 3082/3768/2853
f 3100/3762/2854 3101/3764/2854 3090/3753/2854 3086/3767/2854
f 3075/3739/2855 3076/3738/2855 3098/3769/2855 3094/3760/2855
f 3076/3738/2856 3077/3740/2856 3102/3765/2856 3098/3769/2856
f 3077/3740/2857 3078/3741/2857 3066/3770/2857 3102/3765/2857
f 3089/3752/2858 3090/3753/2858 3066/3770/2858 3078/3741/2858
f 3101/3764/2859 3102/3765/2859 3066/3770/2859 3090/3753/2859
f 25/455/2860 736/3771/2860 3067/3730/2860 343/2986/2860
f 736/3771/2861 737/3772/2861 3068/3731/2861 3067/3730/2861
f 737/3772/2862 738/3773/2862 3069/3734/2862 3068/3731/2862
f 738/3773/2863 739/3774/2863 3070/3736/2863 3069/3734/2863
f 343/2986/2864 3067/3730/2864 3071/3733/2864 342/2987/2864
f 342/2987/2865 3071/3733/2865 3075/3739/2865 341/3775/2865
f 341/3775/2866 3075/3739/2866 3094/3760/2866 340/2989/2866
f 26/718/2867 134/3047/2867 3079/3742/2867 742/3776/2867
f 134/3047/2868 135/3777/2868 3080/3743/2868 3079/3742/2868
f 135/3777/2869 136/3778/2869 3081/3746/2869 3080/3743/2869
f 136/3778/2870 137/3779/2870 3082/3748/2870 3081/3746/2870
f 742/3776/2871 3079/3742/2871 3083/3745/2871 741/3780/2871
f 741/3780/2872 3083/3745/2872 3087/3751/2872 740/3781/2872
f 740/3781/2873 3087/3751/2873 3070/3766/2873 739/3774/2873
f 7/1027/2874 337/3782/2874 3091/3754/2874 140/3783/2874
f 337/3782/2875 338/3784/2875 3092/3755/2875 3091/3754/2875
f 338/3784/2876 339/2997/2876 3093/3758/2876 3092/3755/2876
f 339/2997/2877 340/3785/2877 3094/3760/2877 3093/3758/2877
f 140/3783/2878 3091/3754/2878 3095/3757/2878 139/3786/2878
f 139/3786/2879 3095/3757/2879 3099/3763/2879 138/3787/2879
f 138/3787/2880 3099/3763/2880 3082/3768/2880 137/3788/2880
f 3104/3789/2881 3105/3790/2881 3109/3791/2881 3108/3792/2881
f 3105/3790/2882 3106/3793/2882 3110/3794/2882 3109/3791/2882
f 3106/3793/2883 3107/3795/2883 3111/3796/2883 3110/3794/2883
f 3108/3792/2884 3109/3791/2884 3113/3797/2884 3112/3798/2884
f 3109/3791/2885 3110/3794/2885 3114/3799/2885 3113/3797/2885
f 3110/3794/2886 3111/3796/2886 3115/3800/2886 3114/3799/2886
f 3116/3801/2887 3117/3802/2887 3121/3803/2887 3120/3804/2887
f 3117/3802/2888 3118/3805/2888 3122/3806/2888 3121/3803/2888
f 3118/3805/2889 3119/3807/2889 3123/3808/2889 3122/3806/2889
f 3120/3804/2890 3121/3803/2890 3125/3809/2890 3124/3810/2890
f 3121/3803/2891 3122/3806/2891 3126/3811/2891 3125/3809/2891
f 3122/3806/2892 3123/3808/2892 3127/3812/2892 3126/3811/2892
f 3128/3813/2893 3129/3814/2893 3133/3815/2893 3132/3816/2893
f 3129/3814/2894 3130/3817/2894 3134/3818/2894 3133/3815/2894
f 3130/3817/2895 3131/3819/2895 3135/3820/2895 3134/3818/2895
f 3132/3816/2896 3133/3815/2896 3137/3821/2896 3136/3822/2896
f 3133/3815/2897 3134/3818/2897 3138/3823/2897 3137/3821/2897
f 3134/3818/2898 3135/3820/2898 3139/3824/2898 3138/3823/2898
f 3124/3810/2899 3125/3809/2899 3111/3796/2899 3107/3795/2899
f 3125/3809/2900 3126/3811/2900 3115/3800/2900 3111/3796/2900
f 3136/3822/2901 3137/3821/2901 3123/3825/2901 3119/3826/2901
f 3137/3821/2902 3138/3823/2902 3127/3812/2902 3123/3825/2902
f 3112/3798/2903 3113/3797/2903 3135/3820/2903 3131/3819/2903
f 3113/3797/2904 3114/3799/2904 3139/3824/2904 3135/3820/2904
f 3114/3799/2905 3115/3800/2905 3103/3827/2905 3139/3824/2905
f 3126/3811/2906 3127/3812/2906 3103/3827/2906 3115/3800/2906
f 3138/3823/2907 3139/3824/2907 3103/3827/2907 3127/3812/2907
f 25/455/2908 743/457/2908 3104/3789/2908 736/3828/2908
f 743/457/2909 744/3829/2909 3105/3790/2909 3104/3789/2909
f 744/3829/2910 745/462/2910 3106/3793/2910 3105/3790/2910
f 745/462/2911 746/463/2911 3107/3795/2911 3106/3793/2911
f 736/3828/2912 3104/3789/2912 3108/3792/2912 737/3830/2912
f 737/3830/2913 3108/3792/2913 3112/3798/2913 738/3773/2913
f 738/3773/2914 3112/3798/2914 3131/3819/2914 739/3831/2914
f 15/447/2915 756/3832/2915 3116/3801/2915 749/3833/2915
f 756/3832/2916 755/3834/2916 3117/3802/2916 3116/3801/2916
f 755/3834/2917 754/3835/2917 3118/3805/2917 3117/3802/2917
f 754/3835/2918 753/3836/2918 3119/3807/2918 3118/3805/2918
f 749/3833/2919 3116/3801/2919 3120/3804/2919 748/450/2919
f 748/450/2920 3120/3804/2920 3124/3810/2920 747/451/2920
f 747/451/2921 3124/3810/2921 3107/3795/2921 746/452/2921
f 26/718/2922 742/3776/2922 3128/3813/2922 750/3837/2922
f 742/3776/2923 741/3838/2923 3129/3814/2923 3128/3813/2923
f 741/3838/2924 740/3839/2924 3130/3817/2924 3129/3814/2924
f 740/3839/2925 739/3840/2925 3131/3819/2925 3130/3817/2925
f 750/3837/2926 3128/3813/2926 3132/3816/2926 751/3841/2926
f 751/3841/2927 3132/3816/2927 3136/3822/2927 752/3842/2927
f 752/3842/2928 3136/3822/2928 3119/3826/2928 753/3843/2928
f 3141/3844/2929 3142/3845/2929 3146/3846/2929 3145/3847/2929
f 3142/3845/2930 3143/3848/2930 3147/3849/2930 3146/3846/2930
f 3143/3848/2931 3144/3850/2931 3148/3851/2931 3147/3849/2931
f 3145/3847/2932 3146/3846/2932 3150/3852/2932 3149/3853/2932
f 3146/3846/2933 3147/3849/2933 3151/3854/2933 3150/3852/2933
f 3147/3849/2934 3148/3851/2934 3152/3855/2934 3151/3854/2934
f 3153/3856/2935 3154/3857/2935 3158/3858/2935 3157/3859/2935
f 3154/3857/2936 3155/3860/2936 3159/3861/2936 3158/3858/2936
f 3155/3860/2937 3156/3862/2937 3160/3863/2937 3159/3861/2937
f 3157/3859/2938 3158/3858/2938 3162/3864/2938 3161/3865/2938
f 3158/3858/2939 3159/3861/2939 3163/3866/2939 3162/3864/2939
f 3159/3861/2940 3160/3863/2940 3164/3867/2940 3163/3866/2940
f 3165/3868/2941 3166/3869/2941 3170/3870/2941 3169/3871/2941
f 3166/3869/2942 3167/3872/2942 3171/3873/2942 3170/3870/2942
f 3167/3872/2943 3168/3874/2943 3172/3875/2943 3171/3873/2943
f 3169/3871/2944 3170/3870/2944 3174/3876/2944 3173/3877/2944
f 3170/3870/2945 3171/3873/2945 3175/3878/2945 3174/3876/2945
f 3171/3873/2946 3172/3875/2946 3176/3879/2946 3175/3878/2946
f 3161/3865/2947 3162/3864/2947 3148/3851/2947 3144/3880/2947
f 3162/3864/2948 3163/3866/2948 3152/3855/2948 3148/3851/2948
f 3173/3877/2949 3174/3876/2949 3160/3881/2949 3156/3882/2949
f 3174/3876/2950 3175/3878/2950 3164/3867/2950 3160/3881/2950
f 3149/3853/2951 3150/3852/2951 3172/3875/2951 3168/3883/2951
f 3150/3852/2952 3151/3854/2952 3176/3879/2952 3172/3875/2952
f 3151/3854/2953 3152/3855/2953 3140/3884/2953 3176/3879/2953
f 3163/3866/2954 3164/3867/2954 3140/3884/2954 3152/3855/2954
f 3175/3878/2955 3176/3879/2955 3140/3884/2955 3164/3867/2955
f 15/447/2956 273/3885/2956 3141/3844/2956 756/3886/2956
f 273/3885/2957 272/3887/2957 3142/3845/2957 3141/3844/2957
f 272/3887/2958 271/3888/2958 3143/3848/2958 3142/3845/2958
f 271/3888/2959 270/3889/2959 3144/3850/2959 3143/3848/2959
f 756/3886/2960 3141/3844/2960 3145/3847/2960 755/3890/2960
f 755/3890/2961 3145/3847/2961 3149/3853/2961 754/3891/2961
f 754/3891/2962 3149/3853/2962 3168/3883/2962 753/3892/2962
f 2/110/2963 344/3893/2963 3153/3856/2963 267/3894/2963
f 344/3893/2964 345/3895/2964 3154/3857/2964 3153/3856/2964
f 345/3895/2965 346/709/2965 3155/3860/2965 3154/3857/2965
f 346/709/2966 347/3896/2966 3156/3862/2966 3155/3860/2966
f 267/3894/2967 3153/3856/2967 3157/3859/2967 268/3897/2967
f 268/3897/2968 3157/3859/2968 3161/3865/2968 269/3898/2968
f 269/3898/2969 3161/3865/2969 3144/3880/2969 270/3889/2969
f 26/718/2970 750/3899/2970 3165/3868/2970 350/3900/2970
f 750/3899/2971 751/3901/2971 3166/3869/2971 3165/3868/2971
f 751/3901/2972 752/3902/2972 3167/3872/2972 3166/3869/2972
f 752/3902/2973 753/3903/2973 3168/3874/2973 3167/3872/2973
f 350/3900/2974 3165/3868/2974 3169/3871/2974 349/3904/2974
f 349/3904/2975 3169/3871/2975 3173/3877/2975 348/722/2975
f 348/722/2976 3173/3877/2976 3156/3882/2976 347/3905/2976
f 3178/3906/2977 3179/3907/2977 3183/3908/2977 3182/3909/2977
f 3179/3907/2978 3180/3910/2978 3184/3911/2978 3183/3908/2978
f 3180/3910/2979 3181/3912/2979 3185/3913/2979 3184/3911/2979
f 3182/3909/2980 3183/3908/2980 3187/3914/2980 3186/3915/2980
f 3183/3908/2981 3184/3911/2981 3188/3916/2981 3187/3914/2981
f 3184/3911/2982 3185/3913/2982 3189/3917/2982 3188/3916/2982
f 3190/3918/2983 3191/3919/2983 3195/3920/2983 3194/3921/2983
f 3191/3919/2984 3192/3922/2984 3196/3923/2984 3195/3920/2984
f 3192/3922/2985 3193/3924/2985 3197/3925/2985 3196/3923/2985
f 3194/3921/2986 3195/3920/2986 3199/3926/2986 3198/3927/2986
f 3195/3920/2987 3196/3923/2987 3200/3928/2987 3199/3926/2987
f 3196/3923/2988 3197/3925/2988 3201/3929/2988 3200/3928/2988
f 3202/3930/2989 3203/3931/2989 3207/3932/2989 3206/3933/2989
f 3203/3931/2990 3204/3934/2990 3208/3935/2990 3207/3932/2990
f 3204/3934/2991 3205/3936/2991 3209/3937/2991 3208/3935/2991
f 3206/3933/2992 3207/3932/2992 3211/3938/2992 3210/3939/2992
f 3207/3932/2993 3208/3935/2993 3212/3940/2993 3211/3938/2993
f 3208/3935/2994 3209/3937/2994 3213/3941/2994 3212/3940/2994
f 3198/3927/2995 3199/3926/2995 3185/3913/2995 3181/3942/2995
f 3199/3926/2996 3200/3928/2996 3189/3917/2996 3185/3913/2996
f 3210/3939/2997 3211/3938/2997 3197/3943/2997 3193/3944/2997
f 3211/3938/2998 3212/3940/2998 3201/3929/2998 3197/3943/2998
f 3186/3915/2999 3187/3914/2999 3209/3945/2999 3205/3936/2999
f 3187/3914/3000 3188/3916/3000 3213/3941/3000 3209/3945/3000
f 3188/3916/3001 3189/3917/3001 3177/3946/3001 3213/3941/3001
f 3200/3928/3002 3201/3929/3002 3177/3946/3002 3189/3917/3002
f 3212/3940/3003 3213/3941/3003 3177/3946/3003 3201/3929/3003
f 23/391/3004 757/3947/3004 3178/3906/3004 329/3167/3004
f 757/3947/3005 758/3948/3005 3179/3907/3005 3178/3906/3005
f 758/3948/3006 759/3949/3006 3180/3910/3006 3179/3907/3006
f 759/3949/3007 760/3950/3007 3181/3912/3007 3180/3910/3007
f 329/3167/3008 3178/3906/3008 3182/3909/3008 328/3168/3008
f 328/3168/3009 3182/3909/3009 3186/3915/3009 327/3951/3009
f 327/3951/3010 3186/3915/3010 3205/3936/3010 326/3170/3010
f 24/976/3011 120/3952/3011 3190/3918/3011 763/3953/3011
f 120/3952/3012 121/3954/3012 3191/3919/3012 3190/3918/3012
f 121/3954/3013 122/3955/3013 3192/3922/3013 3191/3919/3013
f 122/3955/3014 123/3956/3014 3193/3924/3014 3192/3922/3014
f 763/3953/3015 3190/3918/3015 3194/3921/3015 762/3957/3015
f 762/3957/3016 3194/3921/3016 3198/3927/3016 761/3958/3016
f 761/3958/3017 3198/3927/3017 3181/3942/3017 760/3959/3017
f 11/1302/3018 323/3173/3018 3202/3930/3018 126/3960/3018
f 323/3173/3019 324/3961/3019 3203/3931/3019 3202/3930/3019
f 324/3961/3020 325/3176/3020 3204/3934/3020 3203/3931/3020
f 325/3176/3021 326/3962/3021 3205/3936/3021 3204/3934/3021
f 126/3960/3022 3202/3930/3022 3206/3933/3022 125/3963/3022
f 125/3963/3023 3206/3933/3023 3210/3939/3023 124/3964/3023
f 124/3964/3024 3210/3939/3024 3193/3944/3024 123/2328/3024
f 3215/3965/3025 3216/3966/3025 3220/3967/3025 3219/3968/3025
f 3216/3966/3026 3217/3969/3026 3221/3970/3026 3220/3967/3026
f 3217/3969/3027 3218/3971/3027 3222/3972/3027 3221/3970/3027
f 3219/3968/3028 3220/3967/3028 3224/3973/3028 3223/3974/3028
f 3220/3967/3029 3221/3970/3029 3225/3975/3029 3224/3973/3029
f 3221/3970/3030 3222/3972/3030 3226/3976/3030 3225/3975/3030
f 3227/3977/3031 3228/3978/3031 3232/3979/3031 3231/3980/3031
f 3228/3978/3032 3229/3981/3032 3233/3982/3032 3232/3979/3032
f 3229/3981/3033 3230/3983/3033 3234/3984/3033 3233/3982/3033
f 3231/3980/3034 3232/3979/3034 3236/3985/3034 3235/3986/3034
f 3232/3979/3035 3233/3982/3035 3237/3987/3035 3236/3985/3035
f 3233/3982/3036 3234/3984/3036 3238/3988/3036 3237/3987/3036
f 3239/3989/3037 3240/3990/3037 3244/3991/3037 3243/3992/3037
f 3240/3990/3038 3241/3993/3038 3245/3994/3038 3244/3991/3038
f 3241/3993/3039 3242/3995/3039 3246/3996/3039 3245/3994/3039
f 3243/3992/3040 3244/3991/3040 3248/3997/3040 3247/3998/3040
f 3244/3991/3041 3245/3994/3041 3249/3999/3041 3248/3997/3041
f 3245/3994/3042 3246/3996/3042 3250/4000/3042 3249/3999/3042
f 3235/3986/3043 3236/3985/3043 3222/4001/3043 3218/4002/3043
f 3236/3985/3044 3237/3987/3044 3226/3976/3044 3222/4001/3044
f 3247/3998/3045 3248/3997/3045 3234/4003/3045 3230/4004/3045
f 3248/3997/3046 3249/3999/3046 3238/3988/3046 3234/4003/3046
f 3223/3974/3047 3224/3973/3047 3246/4005/3047 3242/3995/3047
f 3224/3973/3048 3225/3975/3048 3250/4000/3048 3246/4005/3048
f 3225/3975/3049 3226/3976/3049 3214/4006/3049 3250/4000/3049
f 3237/3987/3050 3238/3988/3050 3214/4006/3050 3226/3976/3050
f 3249/3999/3051 3250/4000/3051 3214/4006/3051 3238/3988/3051
f 23/391/3052 764/4007/3052 3215/3965/3052 757/4008/3052
f 764/4007/3053 765/4009/3053 3216/3966/3053 3215/3965/3053
f 765/4009/3054 766/397/3054 3217/3969/3054 3216/3966/3054
f 766/397/3055 767/398/3055 3218/3971/3055 3217/3969/3055
f 757/4008/3056 3215/3965/3056 3219/3968/3056 758/4010/3056
f 758/4010/3057 3219/3968/3057 3223/3974/3057 759/3949/3057
f 759/3949/3058 3223/3974/3058 3242/3995/3058 760/4011/3058
f 16/128/3059 777/4012/3059 3227/3977/3059 770/385/3059
f 777/4012/3060 776/4013/3060 3228/3978/3060 3227/3977/3060
f 776/4013/3061 775/4014/3061 3229/3981/3061 3228/3978/3061
f 775/4014/3062 774/4015/3062 3230/3983/3062 3229/3981/3062
f 770/385/3063 3227/3977/3063 3231/3980/3063 769/4016/3063
f 769/4016/3064 3231/3980/3064 3235/3986/3064 768/4017/3064
f 768/4017/3065 3235/3986/3065 3218/4002/3065 767/389/3065
f 24/976/3066 763/4018/3066 3239/3989/3066 771/4019/3066
f 763/4018/3067 762/4020/3067 3240/3990/3067 3239/3989/3067
f 762/4020/3068 761/4021/3068 3241/3993/3068 3240/3990/3068
f 761/4021/3069 760/4011/3069 3242/3995/3069 3241/3993/3069
f 771/4019/3070 3239/3989/3070 3243/3992/3070 772/4022/3070
f 772/4022/3071 3243/3992/3071 3247/3998/3071 773/4023/3071
f 773/4023/3072 3247/3998/3072 3230/4004/3072 774/4024/3072
f 3252/4025/3073 3253/4026/3073 3257/4027/3073 3256/4028/3073
f 3253/4026/3074 3254/4029/3074 3258/4030/3074 3257/4027/3074
f 3254/4029/3075 3255/4031/3075 3259/4032/3075 3258/4030/3075
f 3256/4028/3076 3257/4027/3076 3261/4033/3076 3260/4034/3076
f 3257/4027/3077 3258/4030/3077 3262/4035/3077 3261/4033/3077
f 3258/4030/3078 3259/4032/3078 3263/4036/3078 3262/4035/3078
f 3264/4037/3079 3265/4038/3079 3269/4039/3079 3268/4040/3079
f 3265/4038/3080 3266/4041/3080 3270/4042/3080 3269/4039/3080
f 3266/4041/3081 3267/4043/3081 3271/4044/3081 3270/4042/3081
f 3268/4040/3082 3269/4039/3082 3273/4045/3082 3272/4046/3082
f 3269/4039/3083 3270/4042/3083 3274/4047/3083 3273/4045/3083
f 3270/4042/3084 3271/4044/3084 3275/4048/3084 3274/4047/3084
f 3276/4049/3085 3277/4050/3085 3281/4051/3085 3280/4052/3085
f 3277/4050/3086 3278/4053/3086 3282/4054/3086 3281/4051/3086
f 3278/4053/3087 3279/4055/3087 3283/4056/3087 3282/4054/3087
f 3280/4052/3088 3281/4051/3088 3285/4057/3088 3284/4058/3088
f 3281/4051/3089 3282/4054/3089 3286/4059/3089 3285/4057/3089
f 3282/4054/3090 3283/4056/3090 3287/4060/3090 3286/4059/3090
f 3272/4046/3091 3273/4045/3091 3259/4032/3091 3255/4061/3091
f 3273/4045/3092 3274/4047/3092 3263/4036/3092 3259/4032/3092
f 3284/4058/3093 3285/4057/3093 3271/4062/3093 3267/4063/3093
f 3285/4057/3094 3286/4059/3094 3275/4048/3094 3271/4062/3094
f 3260/4034/3095 3261/4033/3095 3283/4064/3095 3279/4065/3095
f 3261/4033/3096 3262/4035/3096 3287/4060/3096 3283/4064/3096
f 3262/4035/3097 3263/4036/3097 3251/4066/3097 3287/4060/3097
f 3274/4047/3098 3275/4048/3098 3251/4066/3098 3263/4036/3098
f 3286/4059/3099 3287/4060/3099 3251/4066/3099 3275/4048/3099
f 16/128/3100 280/4067/3100 3252/4025/3100 777/4012/3100
f 280/4067/3101 279/4068/3101 3253/4026/3101 3252/4025/3101
f 279/4068/3102 278/4069/3102 3254/4029/3102 3253/4026/3102
f 278/4069/3103 277/4070/3103 3255/4031/3103 3254/4029/3103
f 777/4012/3104 3252/4025/3104 3256/4028/3104 776/4071/3104
f 776/4071/3105 3256/4028/3105 3260/4034/3105 775/4072/3105
f 775/4072/3106 3260/4034/3106 3279/4065/3106 774/4073/3106
f 6/638/3107 330/4074/3107 3264/4037/3107 274/4075/3107
f 330/4074/3108 331/966/3108 3265/4038/3108 3264/4037/3108
f 331/966/3109 332/4076/3109 3266/4041/3109 3265/4038/3109
f 332/4076/3110 333/4077/3110 3267/4043/3110 3266/4041/3110
f 274/4075/3111 3264/4037/3111 3268/4040/3111 275/4078/3111
f 275/4078/3112 3268/4040/3112 3272/4046/3112 276/4079/3112
f 276/4079/3113 3272/4046/3113 3255/4061/3113 277/4080/3113
f 24/976/3114 771/4019/3114 3276/4049/3114 336/977/3114
f 771/4019/3115 772/4081/3115 3277/4050/3115 3276/4049/3115
f 772/4081/3116 773/4023/3116 3278/4053/3116 3277/4050/3116
f 773/4023/3117 774/4073/3117 3279/4055/3117 3278/4053/3117
f 336/977/3118 3276/4049/3118 3280/4052/3118 335/4082/3118
f 335/4082/3119 3280/4052/3119 3284/4058/3119 334/980/3119
f 334/980/3120 3284/4058/3120 3267/4063/3120 333/981/3120
f 3289/4083/3121 3290/4084/3121 3294/4085/3121 3293/4086/3121
f 3290/4084/3122 3291/4087/3122 3295/4088/3122 3294/4085/3122
f 3291/4087/3123 3292/4089/3123 3296/4090/3123 3295/4088/3123
f 3293/4086/3124 3294/4085/3124 3298/4091/3124 3297/4092/3124
f 3294/4085/3125 3295/4088/3125 3299/4093/3125 3298/4091/3125
f 3295/4088/3126 3296/4090/3126 3300/4094/3126 3299/4093/3126
f 3301/4095/3127 3302/4096/3127 3306/4097/3127 3305/4098/3127
f 3302/4096/3128 3303/4099/3128 3307/4100/3128 3306/4097/3128
f 3303/4099/3129 3304/4101/3129 3308/4102/3129 3307/4100/3129
f 3305/4098/3130 3306/4097/3130 3310/4103/3130 3309/4104/3130
f 3306/4097/3131 3307/4100/3131 3311/4105/3131 3310/4103/3131
f 3307/4100/3132 3308/4102/3132 3312/4106/3132 3311/4105/3132
f 3313/4107/3133 3314/4108/3133 3318/4109/3133 3317/4110/3133
f 3314/4108/3134 3315/4111/3134 3319/4112/3134 3318/4109/3134
f 3315/4111/3135 3316/4113/3135 3320/4114/3135 3319/4112/3135
f 3317/4110/3136 3318/4109/3136 3322/4115/3136 3321/4116/3136
f 3318/4109/3137 3319/4112/3137 3323/4117/3137 3322/4115/3137
f 3319/4112/3138 3320/4114/3138 3324/4118/3138 3323/4117/3138
f 3309/4104/3139 3310/4103/3139 3296/4119/3139 3292/4120/3139
f 3310/4103/3140 3311/4105/3140 3300/4094/3140 3296/4119/3140
f 3321/4116/3141 3322/4115/3141 3308/4102/3141 3304/4101/3141
f 3322/4115/3142 3323/4117/3142 3312/4106/3142 3308/4102/3142
f 3297/4092/3143 3298/4091/3143 3320/4121/3143 3316/4122/3143
f 3298/4091/3144 3299/4093/3144 3324/4118/3144 3320/4121/3144
f 3299/4093/3145 3300/4094/3145 3288/4123/3145 3324/4118/3145
f 3311/4105/3146 3312/4106/3146 3288/4123/3146 3300/4094/3146
f 3323/4117/3147 3324/4118/3147 3288/4123/3147 3312/4106/3147
f 17/329/3148 778/4124/3148 3289/4083/3148 71/4125/3148
f 778/4124/3149 779/4126/3149 3290/4084/3149 3289/4083/3149
f 779/4126/3150 780/4127/3150 3291/4087/3150 3290/4084/3150
f 780/4127/3151 781/4128/3151 3292/4089/3151 3291/4087/3151
f 71/4125/3152 3289/4083/3152 3293/4086/3152 72/4129/3152
f 72/4129/3153 3293/4086/3153 3297/4092/3153 73/4130/3153
f 73/4130/3154 3297/4092/3154 3316/4122/3154 74/4131/3154
f 22/647/3155 106/4132/3155 3301/4095/3155 784/4133/3155
f 106/4132/3156 107/653/3156 3302/4096/3156 3301/4095/3156
f 107/653/3157 108/4134/3157 3303/4099/3157 3302/4096/3157
f 108/4134/3158 109/4135/3158 3304/4101/3158 3303/4099/3158
f 784/4133/3159 3301/4095/3159 3305/4098/3159 783/4136/3159
f 783/4136/3160 3305/4098/3160 3309/4104/3160 782/4137/3160
f 782/4137/3161 3309/4104/3161 3292/4120/3161 781/4128/3161
f 6/638/3162 77/4138/3162 3313/4107/3162 112/639/3162
f 77/4138/3163 76/4139/3163 3314/4108/3163 3313/4107/3163
f 76/4139/3164 75/4140/3164 3315/4111/3164 3314/4108/3164
f 75/4140/3165 74/4141/3165 3316/4113/3165 3315/4111/3165
f 112/639/3166 3313/4107/3166 3317/4110/3166 111/641/3166
f 111/641/3167 3317/4110/3167 3321/4116/3167 110/642/3167
f 110/642/3168 3321/4116/3168 3304/4101/3168 109/4142/3168
f 3326/4143/3169 3327/4144/3169 3331/4145/3169 3330/4146/3169
f 3327/4144/3170 3328/4147/3170 3332/4148/3170 3331/4145/3170
f 3328/4147/3171 3329/4149/3171 3333/4150/3171 3332/4148/3171
f 3330/4146/3172 3331/4145/3172 3335/4151/3172 3334/4152/3172
f 3331/4145/3173 3332/4148/3173 3336/4153/3173 3335/4151/3173
f 3332/4148/3174 3333/4150/3174 3337/4154/3174 3336/4153/3174
f 3338/4155/3175 3339/4156/3175 3343/4157/3175 3342/4158/3175
f 3339/4156/3176 3340/4159/3176 3344/4160/3176 3343/4157/3176
f 3340/4159/3177 3341/4161/3177 3345/4162/3177 3344/4160/3177
f 3342/4158/3178 3343/4157/3178 3347/4163/3178 3346/4164/3178
f 3343/4157/3179 3344/4160/3179 3348/4165/3179 3347/4163/3179
f 3344/4160/3180 3345/4162/3180 3349/4166/3180 3348/4165/3180
f 3350/4167/3181 3351/4168/3181 3355/4169/3181 3354/4170/3181
f 3351/4168/3182 3352/4171/3182 3356/4172/3182 3355/4169/3182
f 3352/4171/3183 3353/4173/3183 3357/4174/3183 3356/4172/3183
f 3354/4170/3184 3355/4169/3184 3359/4175/3184 3358/4176/3184
f 3355/4169/3185 3356/4172/3185 3360/4177/3185 3359/4175/3185
f 3356/4172/3186 3357/4174/3186 3361/4178/3186 3360/4177/3186
f 3346/4164/3187 3347/4163/3187 3333/4179/3187 3329/4149/3187
f 3347/4163/3188 3348/4165/3188 3337/4154/3188 3333/4179/3188
f 3358/4176/3189 3359/4175/3189 3345/4180/3189 3341/4181/3189
f 3359/4175/3190 3360/4177/3190 3349/4166/3190 3345/4180/3190
f 3334/4152/3191 3335/4151/3191 3357/4174/3191 3353/4182/3191
f 3335/4151/3192 3336/4153/3192 3361/4178/3192 3357/4174/3192
f 3336/4153/3193 3337/4154/3193 3325/4183/3193 3361/4178/3193
f 3348/4165/3194 3349/4166/3194 3325/4183/3194 3337/4154/3194
f 3360/4177/3195 3361/4178/3195 3325/4183/3195 3349/4166/3195
f 17/329/3196 785/4184/3196 3326/4143/3196 778/4185/3196
f 785/4184/3197 786/4186/3197 3327/4144/3197 3326/4143/3197
f 786/4186/3198 787/4187/3198 3328/4147/3198 3327/4144/3198
f 787/4187/3199 788/4188/3199 3329/4149/3199 3328/4147/3199
f 778/4185/3200 3326/4143/3200 3330/4146/3200 779/4189/3200
f 779/4189/3201 3330/4146/3201 3334/4152/3201 780/4190/3201
f 780/4190/3202 3334/4152/3202 3353/4182/3202 781/4128/3202
f 20/321/3203 798/4191/3203 3338/4155/3203 791/4192/3203
f 798/4191/3204 797/4193/3204 3339/4156/3204 3338/4155/3204
f 797/4193/3205 796/4194/3205 3340/4159/3205 3339/4156/3205
f 796/4194/3206 795/4195/3206 3341/4161/3206 3340/4159/3206
f 791/4192/3207 3338/4155/3207 3342/4158/3207 790/324/3207
f 790/324/3208 3342/4158/3208 3346/4164/3208 789/4196/3208
f 789/4196/3209 3346/4164/3209 3329/4149/3209 788/4197/3209
f 22/647/3210 784/4198/3210 3350/4167/3210 792/4199/3210
f 784/4198/3211 783/4200/3211 3351/4168/3211 3350/4167/3211
f 783/4200/3212 782/4201/3212 3352/4171/3212 3351/4168/3212
f 782/4201/3213 781/4202/3213 3353/4173/3213 3352/4171/3213
f 792/4199/3214 3350/4167/3214 3354/4170/3214 793/4203/3214
f 793/4203/3215 3354/4170/3215 3358/4176/3215 794/4204/3215
f 794/4204/3216 3358/4176/3216 3341/4181/3216 795/4205/3216
f 3363/4206/3217 3364/4207/3217 3368/4208/3217 3367/4209/3217
f 3364/4207/3218 3365/4210/3218 3369/4211/3218 3368/4208/3218
f 3365/4210/3219 3366/4212/3219 3370/4213/3219 3369/4211/3219
f 3367/4209/3220 3368/4208/3220 3372/4214/3220 3371/4215/3220
f 3368/4208/3221 3369/4211/3221 3373/4216/3221 3372/4214/3221
f 3369/4211/3222 3370/4213/3222 3374/4217/3222 3373/4216/3222
f 3375/4218/3223 3376/4219/3223 3380/4220/3223 3379/4221/3223
f 3376/4219/3224 3377/4222/3224 3381/4223/3224 3380/4220/3224
f 3377/4222/3225 3378/4224/3225 3382/4225/3225 3381/4223/3225
f 3379/4221/3226 3380/4220/3226 3384/4226/3226 3383/4227/3226
f 3380/4220/3227 3381/4223/3227 3385/4228/3227 3384/4226/3227
f 3381/4223/3228 3382/4225/3228 3386/4229/3228 3385/4228/3228
f 3387/4230/3229 3388/4231/3229 3392/4232/3229 3391/4233/3229
f 3388/4231/3230 3389/4234/3230 3393/4235/3230 3392/4232/3230
f 3389/4234/3231 3390/4236/3231 3394/4237/3231 3393/4235/3231
f 3391/4233/3232 3392/4232/3232 3396/4238/3232 3395/4239/3232
f 3392/4232/3233 3393/4235/3233 3397/4240/3233 3396/4238/3233
f 3393/4235/3234 3394/4237/3234 3398/4241/3234 3397/4240/3234
f 3383/4227/3235 3384/4226/3235 3370/4242/3235 3366/4243/3235
f 3384/4226/3236 3385/4228/3236 3374/4217/3236 3370/4242/3236
f 3395/4239/3237 3396/4238/3237 3382/4244/3237 3378/4224/3237
f 3396/4238/3238 3397/4240/3238 3386/4229/3238 3382/4244/3238
f 3371/4215/3239 3372/4214/3239 3394/4237/3239 3390/4245/3239
f 3372/4214/3240 3373/4216/3240 3398/4241/3240 3394/4237/3240
f 3373/4216/3241 3374/4217/3241 3362/4246/3241 3398/4241/3241
f 3385/4228/3242 3386/4229/3242 3362/4246/3242 3374/4217/3242
f 3397/4240/3243 3398/4241/3243 3362/4246/3243 3386/4229/3243
f 20/321/3244 308/4247/3244 3363/4206/3244 798/4191/3244
f 308/4247/3245 307/4248/3245 3364/4207/3245 3363/4206/3245
f 307/4248/3246 306/4249/3246 3365/4210/3246 3364/4207/3246
f 306/4249/3247 305/4250/3247 3366/4212/3247 3365/4210/3247
f 798/4191/3248 3363/4206/3248 3367/4209/3248 797/4251/3248
f 797/4251/3249 3367/4209/3249 3371/4215/3249 796/4252/3249
f 796/4252/3250 3371/4215/3250 3390/4245/3250 795/4253/3250
f 5/571/3251 316/4254/3251 3375/4218/3251 302/4255/3251
f 316/4254/3252 317/4256/3252 3376/4219/3252 3375/4218/3252
f 317/4256/3253 318/4257/3253 3377/4222/3253 3376/4219/3253
f 318/4257/3254 319/4258/3254 3378/4224/3254 3377/4222/3254
f 302/4255/3255 3375/4218/3255 3379/4221/3255 303/4259/3255
f 303/4259/3256 3379/4221/3256 3383/4227/3256 304/4260/3256
f 304/4260/3257 3383/4227/3257 3366/4243/3257 305/4261/3257
f 22/647/3258 792/4262/3258 3387/4230/3258 322/4263/3258
f 792/4262/3259 793/4264/3259 3388/4231/3259 3387/4230/3259
f 793/4264/3260 794/4265/3260 3389/4234/3260 3388/4231/3260
f 794/4265/3261 795/4253/3261 3390/4236/3261 3389/4234/3261
f 322/4263/3262 3387/4230/3262 3391/4233/3262 321/3345/3262
f 321/3345/3263 3391/4233/3263 3395/4239/3263 320/3346/3263
f 320/3346/3264 3395/4239/3264 3378/4224/3264 319/4266/3264
f 3400/4267/3265 3401/4268/3265 3405/4269/3265 3404/4270/3265
f 3401/4268/3266 3402/4271/3266 3406/4272/3266 3405/4269/3266
f 3402/4271/3267 3403/4273/3267 3407/4274/3267 3406/4272/3267
f 3404/4270/3268 3405/4269/3268 3409/4275/3268 3408/4276/3268
f 3405/4269/3269 3406/4272/3269 3410/4277/3269 3409/4275/3269
f 3406/4272/3270 3407/4274/3270 3411/4278/3270 3410/4277/3270
f 3412/4279/3271 3413/4280/3271 3417/4281/3271 3416/4282/3271
f 3413/4280/3272 3414/4283/3272 3418/4284/3272 3417/4281/3272
f 3414/4283/3273 3415/4285/3273 3419/4286/3273 3418/4284/3273
f 3416/4282/3274 3417/4281/3274 3421/4287/3274 3420/4288/3274
f 3417/4281/3275 3418/4284/3275 3422/4289/3275 3421/4287/3275
f 3418/4284/3276 3419/4286/3276 3423/4290/3276 3422/4289/3276
f 3424/4291/3277 3425/4292/3277 3429/4293/3277 3428/4294/3277
f 3425/4292/3278 3426/4295/3278 3430/4296/3278 3429/4293/3278
f 3426/4295/3279 3427/4297/3279 3431/4298/3279 3430/4296/3279
f 3428/4294/3280 3429/4293/3280 3433/4299/3280 3432/4300/3280
f 3429/4293/3281 3430/4296/3281 3434/4301/3281 3433/4299/3281
f 3430/4296/3282 3431/4298/3282 3435/4302/3282 3434/4301/3282
f 3420/4288/3283 3421/4287/3283 3407/4303/3283 3403/4304/3283
f 3421/4287/3284 3422/4289/3284 3411/4278/3284 3407/4303/3284
f 3432/4300/3285 3433/4299/3285 3419/4286/3285 3415/4285/3285
f 3433/4299/3286 3434/4301/3286 3423/4290/3286 3419/4286/3286
f 3408/4276/3287 3409/4275/3287 3431/4305/3287 3427/4306/3287
f 3409/4275/3288 3410/4277/3288 3435/4302/3288 3431/4305/3288
f 3410/4277/3289 3411/4278/3289 3399/4307/3289 3435/4302/3289
f 3422/4289/3290 3423/4290/3290 3399/4307/3290 3411/4278/3290
f 3434/4301/3291 3435/4302/3291 3399/4307/3291 3423/4290/3291
f 20/261/3292 799/4308/3292 3400/4267/3292 308/4309/3292
f 799/4308/3293 800/4310/3293 3401/4268/3293 3400/4267/3293
f 800/4310/3294 801/4311/3294 3402/4271/3294 3401/4268/3294
f 801/4311/3295 802/4312/3295 3403/4273/3295 3402/4271/3295
f 308/4309/3296 3400/4267/3296 3404/4270/3296 307/4313/3296
f 307/4313/3297 3404/4270/3297 3408/4276/3297 306/4314/3297
f 306/4314/3298 3408/4276/3298 3427/4306/3298 305/4315/3298
f 21/580/3299 99/4316/3299 3412/4279/3299 805/4317/3299
f 99/4316/3300 100/586/3300 3413/4280/3300 3412/4279/3300
f 100/586/3301 101/4318/3301 3414/4283/3301 3413/4280/3301
f 101/4318/3302 102/4319/3302 3415/4285/3302 3414/4283/3302
f 805/4317/3303 3412/4279/3303 3416/4282/3303 804/4320/3303
f 804/4320/3304 3416/4282/3304 3420/4288/3304 803/4321/3304
f 803/4321/3305 3420/4288/3305 3403/4304/3305 802/4322/3305
f 5/571/3306 302/4323/3306 3424/4291/3306 105/4324/3306
f 302/4323/3307 303/4325/3307 3425/4292/3307 3424/4291/3307
f 303/4325/3308 304/4326/3308 3426/4295/3308 3425/4292/3308
f 304/4326/3309 305/4327/3309 3427/4297/3309 3426/4295/3309
f 105/4324/3310 3424/4291/3310 3428/4294/3310 104/4328/3310
f 104/4328/3311 3428/4294/3311 3432/4300/3311 103/575/3311
f 103/575/3312 3432/4300/3312 3415/4285/3312 102/4319/3312
f 3437/4329/3313 3438/4330/3313 3442/4331/3313 3441/4332/3313
f 3438/4330/3314 3439/4333/3314 3443/4334/3314 3442/4331/3314
f 3439/4333/3315 3440/4335/3315 3444/4336/3315 3443/4334/3315
f 3441/4332/3316 3442/4331/3316 3446/4337/3316 3445/4338/3316
f 3442/4331/3317 3443/4334/3317 3447/4339/3317 3446/4337/3317
f 3443/4334/3318 3444/4336/3318 3448/4340/3318 3447/4339/3318
f 3449/4341/3319 3450/4342/3319 3454/4343/3319 3453/4344/3319
f 3450/4342/3320 3451/4345/3320 3455/4346/3320 3454/4343/3320
f 3451/4345/3321 3452/4347/3321 3456/4348/3321 3455/4346/3321
f 3453/4344/3322 3454/4343/3322 3458/4349/3322 3457/4350/3322
f 3454/4343/3323 3455/4346/3323 3459/4351/3323 3458/4349/3323
f 3455/4346/3324 3456/4348/3324 3460/4352/3324 3459/4351/3324
f 3461/4353/3325 3462/4354/3325 3466/4355/3325 3465/4356/3325
f 3462/4354/3326 3463/4357/3326 3467/4358/3326 3466/4355/3326
f 3463/4357/3327 3464/4359/3327 3468/4360/3327 3467/4358/3327
f 3465/4356/3328 3466/4355/3328 3470/4361/3328 3469/4362/3328
f 3466/4355/3329 3467/4358/3329 3471/4363/3329 3470/4361/3329
f 3467/4358/3330 3468/4360/3330 3472/4364/3330 3471/4363/3330
f 3457/4350/3331 3458/4349/3331 3444/4365/3331 3440/4366/3331
f 3458/4349/3332 3459/4351/3332 3448/4340/3332 3444/4365/3332
f 3469/4362/3333 3470/4361/3333 3456/4348/3333 3452/4367/3333
f 3470/4361/3334 3471/4363/3334 3460/4352/3334 3456/4348/3334
f 3445/4338/3335 3446/4337/3335 3468/4368/3335 3464/4369/3335
f 3446/4337/3336 3447/4339/3336 3472/4364/3336 3468/4368/3336
f 3447/4339/3337 3448/4340/3337 3436/4370/3337 3472/4364/3337
f 3459/4351/3338 3460/4352/3338 3436/4370/3338 3448/4340/3338
f 3471/4363/3339 3472/4364/3339 3436/4370/3339 3460/4352/3339
f 20/261/3340 806/4371/3340 3437/4329/3340 799/4308/3340
f 806/4371/3341 807/4372/3341 3438/4330/3341 3437/4329/3341
f 807/4372/3342 808/4373/3342 3439/4333/3342 3438/4330/3342
f 808/4373/3343 809/268/3343 3440/4335/3343 3439/4333/3343
f 799/4308/3344 3437/4329/3344 3441/4332/3344 800/4374/3344
f 800/4374/3345 3441/4332/3345 3445/4338/3345 801/4375/3345
f 801/4375/3346 3445/4338/3346 3464/4369/3346 802/4322/3346
f 18/253/3347 819/4376/3347 3449/4341/3347 812/4377/3347
f 819/4376/3348 818/4378/3348 3450/4342/3348 3449/4341/3348
f 818/4378/3349 817/4379/3349 3451/4345/3349 3450/4342/3349
f 817/4379/3350 816/4380/3350 3452/4347/3350 3451/4345/3350
f 812/4377/3351 3449/4341/3351 3453/4344/3351 811/4381/3351
f 811/4381/3352 3453/4344/3352 3457/4350/3352 810/4382/3352
f 810/4382/3353 3457/4350/3353 3440/4366/3353 809/4383/3353
f 21/580/3354 805/4384/3354 3461/4353/3354 813/4385/3354
f 805/4384/3355 804/4386/3355 3462/4354/3355 3461/4353/3355
f 804/4386/3356 803/4387/3356 3463/4357/3356 3462/4354/3356
f 803/4387/3357 802/4322/3357 3464/4359/3357 3463/4357/3357
f 813/4385/3358 3461/4353/3358 3465/4356/3358 814/4388/3358
f 814/4388/3359 3465/4356/3359 3469/4362/3359 815/4389/3359
f 815/4389/3360 3469/4362/3360 3452/4367/3360 816/4380/3360
f 3474/4390/3361 3475/4391/3361 3479/4392/3361 3478/4393/3361
f 3475/4391/3362 3476/4394/3362 3480/4395/3362 3479/4392/3362
f 3476/4394/3363 3477/4396/3363 3481/4397/3363 3480/4395/3363
f 3478/4393/3364 3479/4392/3364 3483/4398/3364 3482/4399/3364
f 3479/4392/3365 3480/4395/3365 3484/4400/3365 3483/4398/3365
f 3480/4395/3366 3481/4397/3366 3485/4401/3366 3484/4400/3366
f 3486/4402/3367 3487/4403/3367 3491/4404/3367 3490/4405/3367
f 3487/4403/3368 3488/4406/3368 3492/4407/3368 3491/4404/3368
f 3488/4406/3369 3489/4408/3369 3493/4409/3369 3492/4407/3369
f 3490/4405/3370 3491/4404/3370 3495/4410/3370 3494/4411/3370
f 3491/4404/3371 3492/4407/3371 3496/4412/3371 3495/4410/3371
f 3492/4407/3372 3493/4409/3372 3497/4413/3372 3496/4412/3372
f 3498/4414/3373 3499/4415/3373 3503/4416/3373 3502/4417/3373
f 3499/4415/3374 3500/4418/3374 3504/4419/3374 3503/4416/3374
f 3500/4418/3375 3501/4420/3375 3505/4421/3375 3504/4419/3375
f 3502/4417/3376 3503/4416/3376 3507/4422/3376 3506/4423/3376
f 3503/4416/3377 3504/4419/3377 3508/4424/3377 3507/4422/3377
f 3504/4419/3378 3505/4421/3378 3509/4425/3378 3508/4424/3378
f 3494/4411/3379 3495/4410/3379 3481/4426/3379 3477/4427/3379
f 3495/4410/3380 3496/4412/3380 3485/4401/3380 3481/4426/3380
f 3506/4423/3381 3507/4422/3381 3493/4428/3381 3489/4408/3381
f 3507/4422/3382 3508/4424/3382 3497/4413/3382 3493/4428/3382
f 3482/4399/3383 3483/4398/3383 3505/4421/3383 3501/4429/3383
f 3483/4398/3384 3484/4400/3384 3509/4425/3384 3505/4421/3384
f 3484/4400/3385 3485/4401/3385 3473/4430/3385 3509/4425/3385
f 3496/4412/3386 3497/4413/3386 3473/4430/3386 3485/4401/3386
f 3508/4424/3387 3509/4425/3387 3473/4430/3387 3497/4413/3387
f 18/253/3388 294/4431/3388 3474/4390/3388 819/4376/3388
f 294/4431/3389 293/4432/3389 3475/4391/3389 3474/4390/3389
f 293/4432/3390 292/4433/3390 3476/4394/3390 3475/4391/3390
f 292/4433/3391 291/4434/3391 3477/4396/3391 3476/4394/3391
f 819/4376/3392 3474/4390/3392 3478/4393/3392 818/4378/3392
f 818/4378/3393 3478/4393/3393 3482/4399/3393 817/4435/3393
f 817/4435/3394 3482/4399/3394 3501/4429/3394 816/4436/3394
f 4/506/3395 309/4437/3395 3486/4402/3395 288/4438/3395
f 309/4437/3396 310/3539/3396 3487/4403/3396 3486/4402/3396
f 310/3539/3397 311/4439/3397 3488/4406/3397 3487/4403/3397
f 311/4439/3398 312/4440/3398 3489/4408/3398 3488/4406/3398
f 288/4438/3399 3486/4402/3399 3490/4405/3399 289/4441/3399
f 289/4441/3400 3490/4405/3400 3494/4411/3400 290/4442/3400
f 290/4442/3401 3494/4411/3401 3477/4427/3401 291/4443/3401
f 21/580/3402 813/4385/3402 3498/4414/3402 315/4444/3402
f 813/4385/3403 814/4445/3403 3499/4415/3403 3498/4414/3403
f 814/4445/3404 815/4446/3404 3500/4418/3404 3499/4415/3404
f 815/4446/3405 816/4447/3405 3501/4420/3405 3500/4418/3405
f 315/4444/3406 3498/4414/3406 3502/4417/3406 314/4448/3406
f 314/4448/3407 3502/4417/3407 3506/4423/3407 313/4449/3407
f 313/4449/3408 3506/4423/3408 3489/4408/3408 312/3532/3408
f 3511/4450/3409 3512/4451/3409 3516/4452/3409 3515/4453/3409
f 3512/4451/3410 3513/4454/3410 3517/4455/3410 3516/4452/3410
f 3513/4454/3411 3514/4456/3411 3518/4457/3411 3517/4455/3411
f 3515/4453/3412 3516/4452/3412 3520/4458/3412 3519/4459/3412
f 3516/4452/3413 3517/4455/3413 3521/4460/3413 3520/4458/3413
f 3517/4455/3414 3518/4457/3414 3522/4461/3414 3521/4460/3414
f 3523/4462/3415 3524/4463/3415 3528/4464/3415 3527/4465/3415
f 3524/4463/3416 3525/4466/3416 3529/4467/3416 3528/4464/3416
f 3525/4466/3417 3526/4468/3417 3530/4469/3417 3529/4467/3417
f 3527/4465/3418 3528/4464/3418 3532/4470/3418 3531/4471/3418
f 3528/4464/3419 3529/4467/3419 3533/4472/3419 3532/4470/3419
f 3529/4467/3420 3530/4469/3420 3534/4473/3420 3533/4472/3420
f 3535/4474/3421 3536/4475/3421 3540/4476/3421 3539/4477/3421
f 3536/4475/3422 3537/4478/3422 3541/4479/3422 3540/4476/3422
f 3537/4478/3423 3538/4480/3423 3542/4481/3423 3541/4479/3423
f 3539/4477/3424 3540/4476/3424 3544/4482/3424 3543/4483/3424
f 3540/4476/3425 3541/4479/3425 3545/4484/3425 3544/4482/3425
f 3541/4479/3426 3542/4481/3426 3546/4485/3426 3545/4484/3426
f 3531/4471/3427 3532/4470/3427 3518/4486/3427 3514/4487/3427
f 3532/4470/3428 3533/4472/3428 3522/4461/3428 3518/4486/3428
f 3543/4483/3429 3544/4482/3429 3530/4488/3429 3526/4489/3429
f 3544/4482/3430 3545/4484/3430 3534/4473/3430 3530/4488/3430
f 3519/4459/3431 3520/4458/3431 3542/4490/3431 3538/4491/3431
f 3520/4458/3432 3521/4460/3432 3546/4485/3432 3542/4490/3432
f 3521/4460/3433 3522/4461/3433 3510/4492/3433 3546/4485/3433
f 3533/4472/3434 3534/4473/3434 3510/4492/3434 3522/4461/3434
f 3545/4484/3435 3546/4485/3435 3510/4492/3435 3534/4473/3435
f 18/195/3436 820/4493/3436 3511/4450/3436 294/4494/3436
f 820/4493/3437 821/4495/3437 3512/4451/3437 3511/4450/3437
f 821/4495/3438 822/4496/3438 3513/4454/3438 3512/4451/3438
f 822/4496/3439 823/4497/3439 3514/4456/3439 3513/4454/3439
f 294/4494/3440 3511/4450/3440 3515/4453/3440 293/4498/3440
f 293/4498/3441 3515/4453/3441 3519/4459/3441 292/4499/3441
f 292/4499/3442 3519/4459/3442 3538/4491/3442 291/4500/3442
f 19/515/3443 85/4501/3443 3523/4462/3443 826/4502/3443
f 85/4501/3444 86/4503/3444 3524/4463/3444 3523/4462/3444
f 86/4503/3445 87/4504/3445 3525/4466/3445 3524/4463/3445
f 87/4504/3446 88/4505/3446 3526/4468/3446 3525/4466/3446
f 826/4502/3447 3523/4462/3447 3527/4465/3447 825/4506/3447
f 825/4506/3448 3527/4465/3448 3531/4471/3448 824/4507/3448
f 824/4507/3449 3531/4471/3449 3514/4487/3449 823/4508/3449
f 4/506/3450 288/4509/3450 3535/4474/3450 91/4510/3450
f 288/4509/3451 289/4511/3451 3536/4475/3451 3535/4474/3451
f 289/4511/3452 290/4512/3452 3537/4478/3452 3536/4475/3452
f 290/4512/3453 291/4513/3453 3538/4480/3453 3537/4478/3453
f 91/4510/3454 3535/4474/3454 3539/4477/3454 90/4514/3454
f 90/4514/3455 3539/4477/3455 3543/4483/3455 89/510/3455
f 89/510/3456 3543/4483/3456 3526/4489/3456 88/4505/3456
f 3548/4515/3457 3549/4516/3457 3553/4517/3457 3552/4518/3457
f 3549/4516/3458 3550/4519/3458 3554/4520/3458 3553/4517/3458
f 3550/4519/3459 3551/4521/3459 3555/4522/3459 3554/4520/3459
f 3552/4518/3460 3553/4517/3460 3557/4523/3460 3556/4524/3460
f 3553/4517/3461 3554/4520/3461 3558/4525/3461 3557/4523/3461
f 3554/4520/3462 3555/4522/3462 3559/4526/3462 3558/4525/3462
f 3560/4527/3463 3561/4528/3463 3565/4529/3463 3564/4530/3463
f 3561/4528/3464 3562/4531/3464 3566/4532/3464 3565/4529/3464
f 3562/4531/3465 3563/4533/3465 3567/4534/3465 3566/4532/3465
f 3564/4530/3466 3565/4529/3466 3569/4535/3466 3568/4536/3466
f 3565/4529/3467 3566/4532/3467 3570/4537/3467 3569/4535/3467
f 3566/4532/3468 3567/4534/3468 3571/4538/3468 3570/4537/3468
f 3572/4539/3469 3573/4540/3469 3577/4541/3469 3576/4542/3469
f 3573/4540/3470 3574/4543/3470 3578/4544/3470 3577/4541/3470
f 3574/4543/3471 3575/4545/3471 3579/4546/3471 3578/4544/3471
f 3576/4542/3472 3577/4541/3472 3581/4547/3472 3580/4548/3472
f 3577/4541/3473 3578/4544/3473 3582/4549/3473 3581/4547/3473
f 3578/4544/3474 3579/4546/3474 3583/4550/3474 3582/4549/3474
f 3568/4536/3475 3569/4535/3475 3555/4551/3475 3551/4521/3475
f 3569/4535/3476 3570/4537/3476 3559/4526/3476 3555/4551/3476
f 3580/4548/3477 3581/4547/3477 3567/4534/3477 3563/4552/3477
f 3581/4547/3478 3582/4549/3478 3571/4538/3478 3567/4534/3478
f 3556/4524/3479 3557/4523/3479 3579/4553/3479 3575/4554/3479
f 3557/4523/3480 3558/4525/3480 3583/4550/3480 3579/4553/3480
f 3558/4525/3481 3559/4526/3481 3547/4555/3481 3583/4550/3481
f 3570/4537/3482 3571/4538/3482 3547/4555/3482 3559/4526/3482
f 3582/4549/3483 3583/4550/3483 3547/4555/3483 3571/4538/3483
f 18/195/3484 827/4556/3484 3548/4515/3484 820/4493/3484
f 827/4556/3485 828/4557/3485 3549/4516/3485 3548/4515/3485
f 828/4557/3486 829/4558/3486 3550/4519/3486 3549/4516/3486
f 829/4558/3487 830/202/3487 3551/4521/3487 3550/4519/3487
f 820/4493/3488 3548/4515/3488 3552/4518/3488 821/4559/3488
f 821/4559/3489 3552/4518/3489 3556/4524/3489 822/4496/3489
f 822/4496/3490 3556/4524/3490 3575/4554/3490 823/4560/3490
f 13/187/3491 840/4561/3491 3560/4527/3491 833/4562/3491
f 840/4561/3492 839/4563/3492 3561/4528/3492 3560/4527/3492
f 839/4563/3493 838/4564/3493 3562/4531/3493 3561/4528/3493
f 838/4564/3494 837/4565/3494 3563/4533/3494 3562/4531/3494
f 833/4562/3495 3560/4527/3495 3564/4530/3495 832/4566/3495
f 832/4566/3496 3564/4530/3496 3568/4536/3496 831/4567/3496
f 831/4567/3497 3568/4536/3497 3551/4521/3497 830/4568/3497
f 19/515/3498 826/4569/3498 3572/4539/3498 834/4570/3498
f 826/4569/3499 825/4571/3499 3573/4540/3499 3572/4539/3499
f 825/4571/3500 824/4572/3500 3574/4543/3500 3573/4540/3500
f 824/4572/3501 823/4560/3501 3575/4545/3501 3574/4543/3501
f 834/4570/3502 3572/4539/3502 3576/4542/3502 835/4573/3502
f 835/4573/3503 3576/4542/3503 3580/4548/3503 836/4574/3503
f 836/4574/3504 3580/4548/3504 3563/4552/3504 837/4575/3504
f 3585/4576/3505 3586/4577/3505 3590/4578/3505 3589/4579/3505
f 3586/4577/3506 3587/4580/3506 3591/4581/3506 3590/4578/3506
f 3587/4580/3507 3588/4582/3507 3592/4583/3507 3591/4581/3507
f 3589/4579/3508 3590/4578/3508 3594/4584/3508 3593/4585/3508
f 3590/4578/3509 3591/4581/3509 3595/4586/3509 3594/4584/3509
f 3591/4581/3510 3592/4583/3510 3596/4587/3510 3595/4586/3510
f 3597/4588/3511 3598/4589/3511 3602/4590/3511 3601/4591/3511
f 3598/4589/3512 3599/4592/3512 3603/4593/3512 3602/4590/3512
f 3599/4592/3513 3600/4594/3513 3604/4595/3513 3603/4593/3513
f 3601/4591/3514 3602/4590/3514 3606/4596/3514 3605/4597/3514
f 3602/4590/3515 3603/4593/3515 3607/4598/3515 3606/4596/3515
f 3603/4593/3516 3604/4595/3516 3608/4599/3516 3607/4598/3516
f 3609/4600/3517 3610/4601/3517 3614/4602/3517 3613/4603/3517
f 3610/4601/3518 3611/4604/3518 3615/4605/3518 3614/4602/3518
f 3611/4604/3519 3612/4606/3519 3616/4607/3519 3615/4605/3519
f 3613/4603/3520 3614/4602/3520 3618/4608/3520 3617/4609/3520
f 3614/4602/3521 3615/4605/3521 3619/4610/3521 3618/4608/3521
f 3615/4605/3522 3616/4607/3522 3620/4611/3522 3619/4610/3522
f 3605/4597/3523 3606/4596/3523 3592/4612/3523 3588/4613/3523
f 3606/4596/3524 3607/4598/3524 3596/4587/3524 3592/4612/3524
f 3617/4609/3525 3618/4608/3525 3604/4614/3525 3600/4615/3525
f 3618/4608/3526 3619/4610/3526 3608/4599/3526 3604/4614/3526
f 3593/4585/3527 3594/4584/3527 3616/4607/3527 3612/4616/3527
f 3594/4584/3528 3595/4586/3528 3620/4611/3528 3616/4607/3528
f 3595/4586/3529 3596/4587/3529 3584/4617/3529 3620/4611/3529
f 3607/4598/3530 3608/4599/3530 3584/4617/3530 3596/4587/3530
f 3619/4610/3531 3620/4611/3531 3584/4617/3531 3608/4599/3531
f 13/187/3532 259/4618/3532 3585/4576/3532 840/4619/3532
f 259/4618/3533 258/4620/3533 3586/4577/3533 3585/4576/3533
f 258/4620/3534 257/4621/3534 3587/4580/3534 3586/4577/3534
f 257/4621/3535 256/4622/3535 3588/4582/3535 3587/4580/3535
f 840/4619/3536 3585/4576/3536 3589/4579/3536 839/4563/3536
f 839/4563/3537 3589/4579/3537 3593/4585/3537 838/4623/3537
f 838/4623/3538 3593/4585/3538 3612/4616/3538 837/4624/3538
f 3/3717/3539 295/4625/3539 3597/4588/3539 253/4626/3539
f 295/4625/3540 296/4627/3540 3598/4589/3540 3597/4588/3540
f 296/4627/3541 297/4628/3541 3599/4592/3541 3598/4589/3541
f 297/4628/3542 298/4629/3542 3600/4594/3542 3599/4592/3542
f 253/4626/3543 3597/4588/3543 3601/4591/3543 254/4630/3543
f 254/4630/3544 3601/4591/3544 3605/4597/3544 255/4631/3544
f 255/4631/3545 3605/4597/3545 3588/4613/3545 256/4632/3545
f 19/515/3546 834/4633/3546 3609/4600/3546 301/4634/3546
f 834/4633/3547 835/4635/3547 3610/4601/3547 3609/4600/3547
f 835/4635/3548 836/4636/3548 3611/4604/3548 3610/4601/3548
f 836/4636/3549 837/4624/3549 3612/4606/3549 3611/4604/3549
f 301/4634/3550 3609/4600/3550 3613/4603/3550 300/3711/3550
f 300/3711/3551 3613/4603/3551 3617/4609/3551 299/3712/3551
f 299/3712/3552 3617/4609/3552 3600/4615/3552 298/4637/3552
f 3622/4638/3553 3623/4639/3553 3627/4640/3553 3626/4641/3553
f 3623/4639/3554 3624/4642/3554 3628/4643/3554 3627/4640/3554
f 3624/4642/3555 3625/4644/3555 3629/4645/3555 3628/4643/3555
f 3626/4641/3556 3627/4640/3556 3631/4646/3556 3630/4647/3556
f 3627/4640/3557 3628/4643/3557 3632/4648/3557 3631/4646/3557
f 3628/4643/3558 3629/4645/3558 3633/4649/3558 3632/4648/3558
f 3634/4650/3559 3635/4651/3559 3639/4652/3559 3638/4653/3559
f 3635/4651/3560 3636/4654/3560 3640/4655/3560 3639/4652/3560
f 3636/4654/3561 3637/4656/3561 3641/4657/3561 3640/4655/3561
f 3638/4653/3562 3639/4652/3562 3643/4658/3562 3642/4659/3562
f 3639/4652/3563 3640/4655/3563 3644/4660/3563 3643/4658/3563
f 3640/4655/3564 3641/4657/3564 3645/4661/3564 3644/4660/3564
f 3646/4662/3565 3647/4663/3565 3651/4664/3565 3650/4665/3565
f 3647/4663/3566 3648/4666/3566 3652/4667/3566 3651/4664/3566
f 3648/4666/3567 3649/4668/3567 3653/4669/3567 3652/4667/3567
f 3650/4665/3568 3651/4664/3568 3655/4670/3568 3654/4671/3568
f 3651/4664/3569 3652/4667/3569 3656/4672/3569 3655/4670/3569
f 3652/4667/3570 3653/4669/3570 3657/4673/3570 3656/4672/3570
f 3642/4659/3571 3643/4658/3571 3629/4674/3571 3625/4675/3571
f 3643/4658/3572 3644/4660/3572 3633/4649/3572 3629/4674/3572
f 3654/4671/3573 3655/4670/3573 3641/4676/3573 3637/4677/3573
f 3655/4670/3574 3656/4672/3574 3645/4661/3574 3641/4676/3574
f 3630/4647/3575 3631/4646/3575 3653/4678/3575 3649/4679/3575
f 3631/4646/3576 3632/4648/3576 3657/4673/3576 3653/4678/3576
f 3632/4648/3577 3633/4649/3577 3621/4680/3577 3657/4673/3577
f 3644/4660/3578 3645/4661/3578 3621/4680/3578 3633/4649/3578
f 3656/4672/3579 3657/4673/3579 3621/4680/3579 3645/4661/3579
f 16/128/3580 841/4681/3580 3622/4638/3580 280/4682/3580
f 841/4681/3581 842/4683/3581 3623/4639/3581 3622/4638/3581
f 842/4683/3582 843/4684/3582 3624/4642/3582 3623/4639/3582
f 843/4684/3583 844/4685/3583 3625/4644/3583 3624/4642/3583
f 280/4682/3584 3622/4638/3584 3626/4641/3584 279/4068/3584
f 279/4068/3585 3626/4641/3585 3630/4647/3585 278/4686/3585
f 278/4686/3586 3630/4647/3586 3649/4679/3586 277/4687/3586
f 17/4688/3587 71/4689/3587 3634/4650/3587 847/4690/3587
f 71/4689/3588 72/4691/3588 3635/4651/3588 3634/4650/3588
f 72/4691/3589 73/4692/3589 3636/4654/3589 3635/4651/3589
f 73/4692/3590 74/4693/3590 3637/4656/3590 3636/4654/3590
f 847/4690/3591 3634/4650/3591 3638/4653/3591 846/4694/3591
f 846/4694/3592 3638/4653/3592 3642/4659/3592 845/4695/3592
f 845/4695/3593 3642/4659/3593 3625/4675/3593 844/4696/3593
f 6/638/3594 274/4697/3594 3646/4662/3594 77/4698/3594
f 274/4697/3595 275/4078/3595 3647/4663/3595 3646/4662/3595
f 275/4078/3596 276/4699/3596 3648/4666/3596 3647/4663/3596
f 276/4699/3597 277/4700/3597 3649/4668/3597 3648/4666/3597
f 77/4698/3598 3646/4662/3598 3650/4665/3598 76/4701/3598
f 76/4701/3599 3650/4665/3599 3654/4671/3599 75/4702/3599
f 75/4702/3600 3654/4671/3600 3637/4677/3600 74/4703/3600
f 3659/4704/3601 3660/4705/3601 3664/4706/3601 3663/4707/3601
f 3660/4705/3602 3661/4708/3602 3665/4709/3602 3664/4706/3602
f 3661/4708/3603 3662/4710/3603 3666/4711/3603 3665/4709/3603
f 3663/4707/3604 3664/4706/3604 3668/4712/3604 3667/4713/3604
f 3664/4706/3605 3665/4709/3605 3669/4714/3605 3668/4712/3605
f 3665/4709/3606 3666/4711/3606 3670/4715/3606 3669/4714/3606
f 3671/4716/3607 3672/4717/3607 3676/4718/3607 3675/4719/3607
f 3672/4717/3608 3673/4720/3608 3677/4721/3608 3676/4718/3608
f 3673/4720/3609 3674/4722/3609 3678/4723/3609 3677/4721/3609
f 3675/4719/3610 3676/4718/3610 3680/4724/3610 3679/4725/3610
f 3676/4718/3611 3677/4721/3611 3681/4726/3611 3680/4724/3611
f 3677/4721/3612 3678/4723/3612 3682/4727/3612 3681/4726/3612
f 3683/4728/3613 3684/4729/3613 3688/4730/3613 3687/4731/3613
f 3684/4729/3614 3685/4732/3614 3689/4733/3614 3688/4730/3614
f 3685/4732/3615 3686/4734/3615 3690/4735/3615 3689/4733/3615
f 3687/4731/3616 3688/4730/3616 3692/4736/3616 3691/4737/3616
f 3688/4730/3617 3689/4733/3617 3693/4738/3617 3692/4736/3617
f 3689/4733/3618 3690/4735/3618 3694/4739/3618 3693/4738/3618
f 3679/4725/3619 3680/4724/3619 3666/4740/3619 3662/4710/3619
f 3680/4724/3620 3681/4726/3620 3670/4715/3620 3666/4740/3620
f 3691/4737/3621 3692/4736/3621 3678/4741/3621 3674/4722/3621
f 3692/4736/3622 3693/4738/3622 3682/4727/3622 3678/4741/3622
f 3667/4713/3623 3668/4712/3623 3690/4742/3623 3686/4743/3623
f 3668/4712/3624 3669/4714/3624 3694/4739/3624 3690/4742/3624
f 3669/4714/3625 3670/4715/3625 3658/4744/3625 3694/4739/3625
f 3681/4726/3626 3682/4727/3626 3658/4744/3626 3670/4715/3626
f 3693/4738/3627 3694/4739/3627 3658/4744/3627 3682/4727/3627
f 16/128/3628 848/4745/3628 3659/4704/3628 841/4746/3628
f 848/4745/3629 849/4747/3629 3660/4705/3629 3659/4704/3629
f 849/4747/3630 850/134/3630 3661/4708/3630 3660/4705/3630
f 850/134/3631 851/4748/3631 3662/4710/3631 3661/4708/3631
f 841/4746/3632 3659/4704/3632 3663/4707/3632 842/4749/3632
f 842/4749/3633 3663/4707/3633 3667/4713/3633 843/4750/3633
f 843/4750/3634 3667/4713/3634 3686/4743/3634 844/4685/3634
f 14/119/3635 861/4751/3635 3671/4716/3635 854/120/3635
f 861/4751/3636 860/4752/3636 3672/4717/3636 3671/4716/3636
f 860/4752/3637 859/4753/3637 3673/4720/3637 3672/4717/3637
f 859/4753/3638 858/4754/3638 3674/4722/3638 3673/4720/3638
f 854/120/3639 3671/4716/3639 3675/4719/3639 853/4755/3639
f 853/4755/3640 3675/4719/3640 3679/4725/3640 852/4756/3640
f 852/4756/3641 3679/4725/3641 3662/4710/3641 851/124/3641
f 17/4688/3642 847/4757/3642 3683/4728/3642 855/4758/3642
f 847/4757/3643 846/4759/3643 3684/4729/3643 3683/4728/3643
f 846/4759/3644 845/4695/3644 3685/4732/3644 3684/4729/3644
f 845/4695/3645 844/4760/3645 3686/4734/3645 3685/4732/3645
f 855/4758/3646 3683/4728/3646 3687/4731/3646 856/4761/3646
f 856/4761/3647 3687/4731/3647 3691/4737/3647 857/4762/3647
f 857/4762/3648 3691/4737/3648 3674/4722/3648 858/4754/3648
f 3696/4763/3649 3697/4764/3649 3701/4765/3649 3700/4766/3649
f 3697/4764/3650 3698/4767/3650 3702/4768/3650 3701/4765/3650
f 3698/4767/3651 3699/4769/3651 3703/4770/3651 3702/4768/3651
f 3700/4766/3652 3701/4765/3652 3705/4771/3652 3704/4772/3652
f 3701/4765/3653 3702/4768/3653 3706/4773/3653 3705/4771/3653
f 3702/4768/3654 3703/4770/3654 3707/4774/3654 3706/4773/3654
f 3708/4775/3655 3709/4776/3655 3713/4777/3655 3712/4778/3655
f 3709/4776/3656 3710/4779/3656 3714/4780/3656 3713/4777/3656
f 3710/4779/3657 3711/4781/3657 3715/4782/3657 3714/4780/3657
f 3712/4778/3658 3713/4777/3658 3717/4783/3658 3716/4784/3658
f 3713/4777/3659 3714/4780/3659 3718/4785/3659 3717/4783/3659
f 3714/4780/3660 3715/4782/3660 3719/4786/3660 3718/4785/3660
f 3720/4787/3661 3721/4788/3661 3725/4789/3661 3724/4790/3661
f 3721/4788/3662 3722/4791/3662 3726/4792/3662 3725/4789/3662
f 3722/4791/3663 3723/4793/3663 3727/4794/3663 3726/4792/3663
f 3724/4790/3664 3725/4789/3664 3729/4795/3664 3728/4796/3664
f 3725/4789/3665 3726/4792/3665 3730/4797/3665 3729/4795/3665
f 3726/4792/3666 3727/4794/3666 3731/4798/3666 3730/4797/3666
f 3716/4784/3667 3717/4783/3667 3703/4770/3667 3699/4799/3667
f 3717/4783/3668 3718/4785/3668 3707/4774/3668 3703/4770/3668
f 3728/4796/3669 3729/4795/3669 3715/4800/3669 3711/4801/3669
f 3729/4795/3670 3730/4797/3670 3719/4786/3670 3715/4800/3670
f 3704/4772/3671 3705/4771/3671 3727/4802/3671 3723/4803/3671
f 3705/4771/3672 3706/4773/3672 3731/4798/3672 3727/4802/3672
f 3706/4773/3673 3707/4774/3673 3695/4804/3673 3731/4798/3673
f 3718/4785/3674 3719/4786/3674 3695/4804/3674 3707/4774/3674
f 3730/4797/3675 3731/4798/3675 3695/4804/3675 3719/4786/3675
f 14/119/3676 266/4805/3676 3696/4763/3676 861/4806/3676
f 266/4805/3677 265/4807/3677 3697/4764/3677 3696/4763/3677
f 265/4807/3678 264/4808/3678 3698/4767/3678 3697/4764/3678
f 264/4808/3679 263/4809/3679 3699/4769/3679 3698/4767/3679
f 861/4806/3680 3696/4763/3680 3700/4766/3680 860/4810/3680
f 860/4810/3681 3700/4766/3681 3704/4772/3681 859/4811/3681
f 859/4811/3682 3704/4772/3682 3723/4803/3682 858/4754/3682
f 1/4812/3683 281/4813/3683 3708/4775/3683 260/4814/3683
f 281/4813/3684 282/4815/3684 3709/4776/3684 3708/4775/3684
f 282/4815/3685 283/4816/3685 3710/4779/3685 3709/4776/3685
f 283/4816/3686 284/4817/3686 3711/4781/3686 3710/4779/3686
f 260/4814/3687 3708/4775/3687 3712/4778/3687 261/4818/3687
f 261/4818/3688 3712/4778/3688 3716/4784/3688 262/4819/3688
f 262/4819/3689 3716/4784/3689 3699/4799/3689 263/4809/3689
f 17/4688/3690 855/4820/3690 3720/4787/3690 287/4821/3690
f 855/4820/3691 856/4761/3691 3721/4788/3691 3720/4787/3691
f 856/4761/3692 857/4822/3692 3722/4791/3692 3721/4788/3692
f 857/4822/3693 858/4823/3693 3723/4793/3693 3722/4791/3693
f 287/4821/3694 3720/4787/3694 3724/4790/3694 286/4824/3694
f 286/4824/3695 3724/4790/3695 3728/4796/3695 285/4825/3695
f 285/4825/3696 3728/4796/3696 3711/4801/3696 284/4817/3696
f 3733/4826/3697 3734/4827/3697 3738/4828/3697 3737/4829/3697
f 3734/4827/3698 3735/4830/3698 3739/4831/3698 3738/4828/3698
f 3735/4830/3699 3736/4832/3699 3740/4833/3699 3739/4831/3699
f 3737/4829/3700 3738/4828/3700 3742/4834/3700 3741/4835/3700
f 3738/4828/3701 3739/4831/3701 3743/4836/3701 3742/4834/3701
f 3739/4831/3702 3740/4833/3702 3744/4837/3702 3743/4836/3702
f 3745/4838/3703 3746/4839/3703 3750/4840/3703 3749/4841/3703
f 3746/4839/3704 3747/4842/3704 3751/4843/3704 3750/4840/3704
f 3747/4842/3705 3748/4844/3705 3752/4845/3705 3751/4843/3705
f 3749/4841/3706 3750/4840/3706 3754/4846/3706 3753/4847/3706
f 3750/4840/3707 3751/4843/3707 3755/4848/3707 3754/4846/3707
f 3751/4843/3708 3752/4845/3708 3756/4849/3708 3755/4848/3708
f 3757/4850/3709 3758/4851/3709 3762/4852/3709 3761/4853/3709
f 3758/4851/3710 3759/4854/3710 3763/4855/3710 3762/4852/3710
f 3759/4854/3711 3760/4856/3711 3764/4857/3711 3763/4855/3711
f 3761/4853/3712 3762/4852/3712 3766/4858/3712 3765/4859/3712
f 3762/4852/3713 3763/4855/3713 3767/4860/3713 3766/4858/3713
f 3763/4855/3714 3764/4857/3714 3768/4861/3714 3767/4860/3714
f 3753/4847/3715 3754/4846/3715 3740/4862/3715 3736/4863/3715
f 3754/4846/3716 3755/4848/3716 3744/4837/3716 3740/4862/3716
f 3765/4859/3717 3766/4858/3717 3752/4864/3717 3748/4865/3717
f 3766/4858/3718 3767/4860/3718 3756/4849/3718 3752/4864/3718
f 3741/4835/3719 3742/4834/3719 3764/4866/3719 3760/4867/3719
f 3742/4834/3720 3743/4836/3720 3768/4861/3720 3764/4866/3720
f 3743/4836/3721 3744/4837/3721 3732/4868/3721 3768/4861/3721
f 3755/4848/3722 3756/4849/3722 3732/4868/3722 3744/4837/3722
f 3767/4860/3723 3768/4861/3723 3732/4868/3723 3756/4849/3723
f 13/60/3724 862/4869/3724 3733/4826/3724 259/4870/3724
f 862/4869/3725 863/4871/3725 3734/4827/3725 3733/4826/3725
f 863/4871/3726 864/4872/3726 3735/4830/3726 3734/4827/3726
f 864/4872/3727 865/4873/3727 3736/4832/3727 3735/4830/3727
f 259/4870/3728 3733/4826/3728 3737/4829/3728 258/4874/3728
f 258/4874/3729 3737/4829/3729 3741/4835/3729 257/4875/3729
f 257/4875/3730 3741/4835/3730 3760/4867/3730 256/4876/3730
f 15/447/3731 57/4877/3731 3745/4838/3731 868/4878/3731
f 57/4877/3732 58/453/3732 3746/4839/3732 3745/4838/3732
f 58/453/3733 59/4879/3733 3747/4842/3733 3746/4839/3733
f 59/4879/3734 60/4880/3734 3748/4844/3734 3747/4842/3734
f 868/4878/3735 3745/4838/3735 3749/4841/3735 867/4881/3735
f 867/4881/3736 3749/4841/3736 3753/4847/3736 866/4882/3736
f 866/4882/3737 3753/4847/3737 3736/4863/3737 865/4873/3737
f 3/438/3738 253/4883/3738 3757/4850/3738 63/4884/3738
f 253/4883/3739 254/4885/3739 3758/4851/3739 3757/4850/3739
f 254/4885/3740 255/4886/3740 3759/4854/3740 3758/4851/3740
f 255/4886/3741 256/4887/3741 3760/4856/3741 3759/4854/3741
f 63/4884/3742 3757/4850/3742 3761/4853/3742 62/4888/3742
f 62/4888/3743 3761/4853/3743 3765/4859/3743 61/442/3743
f 61/442/3744 3765/4859/3744 3748/4865/3744 60/4880/3744
f 3770/4889/3745 3771/4890/3745 3775/4891/3745 3774/4892/3745
f 3771/4890/3746 3772/4893/3746 3776/4894/3746 3775/4891/3746
f 3772/4893/3747 3773/4895/3747 3777/4896/3747 3776/4894/3747
f 3774/4892/3748 3775/4891/3748 3779/4897/3748 3778/4898/3748
f 3775/4891/3749 3776/4894/3749 3780/4899/3749 3779/4897/3749
f 3776/4894/3750 3777/4896/3750 3781/4900/3750 3780/4899/3750
f 3782/4901/3751 3783/4902/3751 3787/4903/3751 3786/4904/3751
f 3783/4902/3752 3784/4905/3752 3788/4906/3752 3787/4903/3752
f 3784/4905/3753 3785/4907/3753 3789/4908/3753 3788/4906/3753
f 3786/4904/3754 3787/4903/3754 3791/4909/3754 3790/4910/3754
f 3787/4903/3755 3788/4906/3755 3792/4911/3755 3791/4909/3755
f 3788/4906/3756 3789/4908/3756 3793/4912/3756 3792/4911/3756
f 3794/4913/3757 3795/4914/3757 3799/4915/3757 3798/4916/3757
f 3795/4914/3758 3796/4917/3758 3800/4918/3758 3799/4915/3758
f 3796/4917/3759 3797/4919/3759 3801/4920/3759 3800/4918/3759
f 3798/4916/3760 3799/4915/3760 3803/4921/3760 3802/4922/3760
f 3799/4915/3761 3800/4918/3761 3804/4923/3761 3803/4921/3761
f 3800/4918/3762 3801/4920/3762 3805/4924/3762 3804/4923/3762
f 3790/4910/3763 3791/4909/3763 3777/4925/3763 3773/4895/3763
f 3791/4909/3764 3792/4911/3764 3781/4900/3764 3777/4925/3764
f 3802/4922/3765 3803/4921/3765 3789/4908/3765 3785/4926/3765
f 3803/4921/3766 3804/4923/3766 3793/4912/3766 3789/4908/3766
f 3778/4898/3767 3779/4897/3767 3801/4920/3767 3797/4927/3767
f 3779/4897/3768 3780/4899/3768 3805/4924/3768 3801/4920/3768
f 3780/4899/3769 3781/4900/3769 3769/4928/3769 3805/4924/3769
f 3792/4911/3770 3793/4912/3770 3769/4928/3770 3781/4900/3770
f 3804/4923/3771 3805/4924/3771 3769/4928/3771 3793/4912/3771
f 13/60/3772 869/4929/3772 3770/4889/3772 862/4869/3772
f 869/4929/3773 870/4930/3773 3771/4890/3773 3770/4889/3773
f 870/4930/3774 871/4931/3774 3772/4893/3774 3771/4890/3774
f 871/4931/3775 872/67/3775 3773/4895/3775 3772/4893/3775
f 862/4869/3776 3770/4889/3776 3774/4892/3776 863/4932/3776
f 863/4932/3777 3774/4892/3777 3778/4898/3777 864/4872/3777
f 864/4872/3778 3778/4898/3778 3797/4927/3778 865/4873/3778
f 14/51/3779 882/4933/3779 3782/4901/3779 875/4934/3779
f 882/4933/3780 881/4935/3780 3783/4902/3780 3782/4901/3780
f 881/4935/3781 880/4936/3781 3784/4905/3781 3783/4902/3781
f 880/4936/3782 879/4937/3782 3785/4907/3782 3784/4905/3782
f 875/4934/3783 3782/4901/3783 3786/4904/3783 874/54/3783
f 874/54/3784 3786/4904/3784 3790/4910/3784 873/4938/3784
f 873/4938/3785 3790/4910/3785 3773/4895/3785 872/4939/3785
f 15/447/3786 868/4940/3786 3794/4913/3786 876/4941/3786
f 868/4940/3787 867/4942/3787 3795/4914/3787 3794/4913/3787
f 867/4942/3788 866/4882/3788 3796/4917/3788 3795/4914/3788
f 866/4882/3789 865/4873/3789 3797/4919/3789 3796/4917/3789
f 876/4941/3790 3794/4913/3790 3798/4916/3790 877/4943/3790
f 877/4943/3791 3798/4916/3791 3802/4922/3791 878/4944/3791
f 878/4944/3792 3802/4922/3792 3785/4926/3792 879/4937/3792
f 3807/4945/3793 3808/4946/3793 3812/4947/3793 3811/4948/3793
f 3808/4946/3794 3809/4949/3794 3813/4950/3794 3812/4947/3794
f 3809/4949/3795 3810/4951/3795 3814/4952/3795 3813/4950/3795
f 3811/4948/3796 3812/4947/3796 3816/4953/3796 3815/4954/3796
f 3812/4947/3797 3813/4950/3797 3817/4955/3797 3816/4953/3797
f 3813/4950/3798 3814/4952/3798 3818/4956/3798 3817/4955/3798
f 3819/4957/3799 3820/4958/3799 3824/4959/3799 3823/4960/3799
f 3820/4958/3800 3821/4961/3800 3825/4962/3800 3824/4959/3800
f 3821/4961/3801 3822/4963/3801 3826/4964/3801 3825/4962/3801
f 3823/4960/3802 3824/4959/3802 3828/4965/3802 3827/4966/3802
f 3824/4959/3803 3825/4962/3803 3829/4967/3803 3828/4965/3803
f 3825/4962/3804 3826/4964/3804 3830/4968/3804 3829/4967/3804
f 3831/4969/3805 3832/4970/3805 3836/4971/3805 3835/4972/3805
f 3832/4970/3806 3833/4973/3806 3837/4974/3806 3836/4971/3806
f 3833/4973/3807 3834/4975/3807 3838/4976/3807 3837/4974/3807
f 3835/4972/3808 3836/4971/3808 3840/4977/3808 3839/4978/3808
f 3836/4971/3809 3837/4974/3809 3841/4979/3809 3840/4977/3809
f 3837/4974/3810 3838/4976/3810 3842/4980/3810 3841/4979/3810
f 3827/4966/3811 3828/4965/3811 3814/4952/3811 3810/4981/3811
f 3828/4965/3812 3829/4967/3812 3818/4956/3812 3814/4952/3812
f 3839/4978/3813 3840/4977/3813 3826/4982/3813 3822/4963/3813
f 3840/4977/3814 3841/4979/3814 3830/4968/3814 3826/4982/3814
f 3815/4954/3815 3816/4953/3815 3838/4983/3815 3834/4984/3815
f 3816/4953/3816 3817/4955/3816 3842/4980/3816 3838/4983/3816
f 3817/4955/3817 3818/4956/3817 3806/4985/3817 3842/4980/3817
f 3829/4967/3818 3830/4968/3818 3806/4985/3818 3818/4956/3818
f 3841/4979/3819 3842/4980/3819 3806/4985/3819 3830/4968/3819
f 14/51/3820 50/4986/3820 3807/4945/3820 882/4987/3820
f 50/4986/3821 51/4988/3821 3808/4946/3821 3807/4945/3821
f 51/4988/3822 52/4989/3822 3809/4949/3822 3808/4946/3822
f 52/4989/3823 53/4990/3823 3810/4951/3823 3809/4949/3823
f 882/4987/3824 3807/4945/3824 3811/4948/3824 881/4991/3824
f 881/4991/3825 3811/4948/3825 3815/4954/3825 880/4992/3825
f 880/4992/3826 3815/4954/3826 3834/4984/3826 879/4993/3826
f 2/110/3827 267/4994/3827 3819/4957/3827 56/4995/3827
f 267/4994/3828 268/4996/3828 3820/4958/3828 3819/4957/3828
f 268/4996/3829 269/4997/3829 3821/4961/3829 3820/4958/3829
f 269/4997/3830 270/4998/3830 3822/4963/3830 3821/4961/3830
f 56/4995/3831 3819/4957/3831 3823/4960/3831 55/4999/3831
f 55/4999/3832 3823/4960/3832 3827/4966/3832 54/5000/3832
f 54/5000/3833 3827/4966/3833 3810/4981/3833 53/5001/3833
f 15/447/3834 876/5002/3834 3831/4969/3834 273/5003/3834
f 876/5002/3835 877/5004/3835 3832/4970/3835 3831/4969/3835
f 877/5004/3836 878/5005/3836 3833/4973/3836 3832/4970/3836
f 878/5005/3837 879/5006/3837 3834/4975/3837 3833/4973/3837
f 273/5003/3838 3831/4969/3838 3835/4972/3838 272/5007/3838
f 272/5007/3839 3835/4972/3839 3839/4978/3839 271/5008/3839
f 271/5008/3840 3839/4978/3840 3822/4963/3840 270/3889/3840
